Date,Year,month,Month Num,day,Day num,Qtr,monthhh
2022-01-01 00:00:00.000,2022,"Jan",1,"Sat",6,"Q-1","Ja"
2022-01-02 00:00:00.000,2022,"Jan",1,"Sun",7,"Q-1","Ja"
2022-01-03 00:00:00.000,2022,"Jan",1,"Mon",1,"Q-1","Ja"
2022-01-04 00:00:00.000,2022,"Jan",1,"Tue",2,"Q-1","Ja"
2022-01-05 00:00:00.000,2022,"Jan",1,"Wed",3,"Q-1","Ja"
2022-01-06 00:00:00.000,2022,"Jan",1,"Thu",4,"Q-1","Ja"
2022-01-07 00:00:00.000,2022,"Jan",1,"Fri",5,"Q-1","Ja"
2022-01-08 00:00:00.000,2022,"Jan",1,"Sat",6,"Q-1","Ja"
2022-01-09 00:00:00.000,2022,"Jan",1,"Sun",7,"Q-1","Ja"
2022-01-10 00:00:00.000,2022,"Jan",1,"Mon",1,"Q-1","Ja"
2022-01-11 00:00:00.000,2022,"Jan",1,"Tue",2,"Q-1","Ja"
2022-01-12 00:00:00.000,2022,"Jan",1,"Wed",3,"Q-1","Ja"
2022-01-13 00:00:00.000,2022,"Jan",1,"Thu",4,"Q-1","Ja"
2022-01-14 00:00:00.000,2022,"Jan",1,"Fri",5,"Q-1","Ja"
2022-01-15 00:00:00.000,2022,"Jan",1,"Sat",6,"Q-1","Ja"
2022-01-16 00:00:00.000,2022,"Jan",1,"Sun",7,"Q-1","Ja"
2022-01-17 00:00:00.000,2022,"Jan",1,"Mon",1,"Q-1","Ja"
2022-01-18 00:00:00.000,2022,"Jan",1,"Tue",2,"Q-1","Ja"
2022-01-19 00:00:00.000,2022,"Jan",1,"Wed",3,"Q-1","Ja"
2022-01-20 00:00:00.000,2022,"Jan",1,"Thu",4,"Q-1","Ja"
2022-01-21 00:00:00.000,2022,"Jan",1,"Fri",5,"Q-1","Ja"
2022-01-22 00:00:00.000,2022,"Jan",1,"Sat",6,"Q-1","Ja"
2022-01-23 00:00:00.000,2022,"Jan",1,"Sun",7,"Q-1","Ja"
2022-01-24 00:00:00.000,2022,"Jan",1,"Mon",1,"Q-1","Ja"
2022-01-25 00:00:00.000,2022,"Jan",1,"Tue",2,"Q-1","Ja"
2022-01-26 00:00:00.000,2022,"Jan",1,"Wed",3,"Q-1","Ja"
2022-01-27 00:00:00.000,2022,"Jan",1,"Thu",4,"Q-1","Ja"
2022-01-28 00:00:00.000,2022,"Jan",1,"Fri",5,"Q-1","Ja"
2022-01-29 00:00:00.000,2022,"Jan",1,"Sat",6,"Q-1","Ja"
2022-01-30 00:00:00.000,2022,"Jan",1,"Sun",7,"Q-1","Ja"
2022-01-31 00:00:00.000,2022,"Jan",1,"Mon",1,"Q-1","Ja"
2022-02-01 00:00:00.000,2022,"Feb",2,"Tue",2,"Q-1","Fe"
2022-02-02 00:00:00.000,2022,"Feb",2,"Wed",3,"Q-1","Fe"
2022-02-03 00:00:00.000,2022,"Feb",2,"Thu",4,"Q-1","Fe"
2022-02-04 00:00:00.000,2022,"Feb",2,"Fri",5,"Q-1","Fe"
2022-02-05 00:00:00.000,2022,"Feb",2,"Sat",6,"Q-1","Fe"
2022-02-06 00:00:00.000,2022,"Feb",2,"Sun",7,"Q-1","Fe"
2022-02-07 00:00:00.000,2022,"Feb",2,"Mon",1,"Q-1","Fe"
2022-02-08 00:00:00.000,2022,"Feb",2,"Tue",2,"Q-1","Fe"
2022-02-09 00:00:00.000,2022,"Feb",2,"Wed",3,"Q-1","Fe"
2022-02-10 00:00:00.000,2022,"Feb",2,"Thu",4,"Q-1","Fe"
2022-02-11 00:00:00.000,2022,"Feb",2,"Fri",5,"Q-1","Fe"
2022-02-12 00:00:00.000,2022,"Feb",2,"Sat",6,"Q-1","Fe"
2022-02-13 00:00:00.000,2022,"Feb",2,"Sun",7,"Q-1","Fe"
2022-02-14 00:00:00.000,2022,"Feb",2,"Mon",1,"Q-1","Fe"
2022-02-15 00:00:00.000,2022,"Feb",2,"Tue",2,"Q-1","Fe"
2022-02-16 00:00:00.000,2022,"Feb",2,"Wed",3,"Q-1","Fe"
2022-02-17 00:00:00.000,2022,"Feb",2,"Thu",4,"Q-1","Fe"
2022-02-18 00:00:00.000,2022,"Feb",2,"Fri",5,"Q-1","Fe"
2022-02-19 00:00:00.000,2022,"Feb",2,"Sat",6,"Q-1","Fe"
2022-02-20 00:00:00.000,2022,"Feb",2,"Sun",7,"Q-1","Fe"
2022-02-21 00:00:00.000,2022,"Feb",2,"Mon",1,"Q-1","Fe"
2022-02-22 00:00:00.000,2022,"Feb",2,"Tue",2,"Q-1","Fe"
2022-02-23 00:00:00.000,2022,"Feb",2,"Wed",3,"Q-1","Fe"
2022-02-24 00:00:00.000,2022,"Feb",2,"Thu",4,"Q-1","Fe"
2022-02-25 00:00:00.000,2022,"Feb",2,"Fri",5,"Q-1","Fe"
2022-02-26 00:00:00.000,2022,"Feb",2,"Sat",6,"Q-1","Fe"
2022-02-27 00:00:00.000,2022,"Feb",2,"Sun",7,"Q-1","Fe"
2022-02-28 00:00:00.000,2022,"Feb",2,"Mon",1,"Q-1","Fe"
2022-03-01 00:00:00.000,2022,"Mar",3,"Tue",2,"Q-1","Ma"
2022-03-02 00:00:00.000,2022,"Mar",3,"Wed",3,"Q-1","Ma"
2022-03-03 00:00:00.000,2022,"Mar",3,"Thu",4,"Q-1","Ma"
2022-03-04 00:00:00.000,2022,"Mar",3,"Fri",5,"Q-1","Ma"
2022-03-05 00:00:00.000,2022,"Mar",3,"Sat",6,"Q-1","Ma"
2022-03-06 00:00:00.000,2022,"Mar",3,"Sun",7,"Q-1","Ma"
2022-03-07 00:00:00.000,2022,"Mar",3,"Mon",1,"Q-1","Ma"
2022-03-08 00:00:00.000,2022,"Mar",3,"Tue",2,"Q-1","Ma"
2022-03-09 00:00:00.000,2022,"Mar",3,"Wed",3,"Q-1","Ma"
2022-03-10 00:00:00.000,2022,"Mar",3,"Thu",4,"Q-1","Ma"
2022-03-11 00:00:00.000,2022,"Mar",3,"Fri",5,"Q-1","Ma"
2022-03-12 00:00:00.000,2022,"Mar",3,"Sat",6,"Q-1","Ma"
2022-03-13 00:00:00.000,2022,"Mar",3,"Sun",7,"Q-1","Ma"
2022-03-14 00:00:00.000,2022,"Mar",3,"Mon",1,"Q-1","Ma"
2022-03-15 00:00:00.000,2022,"Mar",3,"Tue",2,"Q-1","Ma"
2022-03-16 00:00:00.000,2022,"Mar",3,"Wed",3,"Q-1","Ma"
2022-03-17 00:00:00.000,2022,"Mar",3,"Thu",4,"Q-1","Ma"
2022-03-18 00:00:00.000,2022,"Mar",3,"Fri",5,"Q-1","Ma"
2022-03-19 00:00:00.000,2022,"Mar",3,"Sat",6,"Q-1","Ma"
2022-03-20 00:00:00.000,2022,"Mar",3,"Sun",7,"Q-1","Ma"
2022-03-21 00:00:00.000,2022,"Mar",3,"Mon",1,"Q-1","Ma"
2022-03-22 00:00:00.000,2022,"Mar",3,"Tue",2,"Q-1","Ma"
2022-03-23 00:00:00.000,2022,"Mar",3,"Wed",3,"Q-1","Ma"
2022-03-24 00:00:00.000,2022,"Mar",3,"Thu",4,"Q-1","Ma"
2022-03-25 00:00:00.000,2022,"Mar",3,"Fri",5,"Q-1","Ma"
2022-03-26 00:00:00.000,2022,"Mar",3,"Sat",6,"Q-1","Ma"
2022-03-27 00:00:00.000,2022,"Mar",3,"Sun",7,"Q-1","Ma"
2022-03-28 00:00:00.000,2022,"Mar",3,"Mon",1,"Q-1","Ma"
2022-03-29 00:00:00.000,2022,"Mar",3,"Tue",2,"Q-1","Ma"
2022-03-30 00:00:00.000,2022,"Mar",3,"Wed",3,"Q-1","Ma"
2022-03-31 00:00:00.000,2022,"Mar",3,"Thu",4,"Q-1","Ma"
2022-04-01 00:00:00.000,2022,"Apr",4,"Fri",5,"Q-2","Ap"
2022-04-02 00:00:00.000,2022,"Apr",4,"Sat",6,"Q-2","Ap"
2022-04-03 00:00:00.000,2022,"Apr",4,"Sun",7,"Q-2","Ap"
2022-04-04 00:00:00.000,2022,"Apr",4,"Mon",1,"Q-2","Ap"
2022-04-05 00:00:00.000,2022,"Apr",4,"Tue",2,"Q-2","Ap"
2022-04-06 00:00:00.000,2022,"Apr",4,"Wed",3,"Q-2","Ap"
2022-04-07 00:00:00.000,2022,"Apr",4,"Thu",4,"Q-2","Ap"
2022-04-08 00:00:00.000,2022,"Apr",4,"Fri",5,"Q-2","Ap"
2022-04-09 00:00:00.000,2022,"Apr",4,"Sat",6,"Q-2","Ap"
2022-04-10 00:00:00.000,2022,"Apr",4,"Sun",7,"Q-2","Ap"
2022-04-11 00:00:00.000,2022,"Apr",4,"Mon",1,"Q-2","Ap"
2022-04-12 00:00:00.000,2022,"Apr",4,"Tue",2,"Q-2","Ap"
2022-04-13 00:00:00.000,2022,"Apr",4,"Wed",3,"Q-2","Ap"
2022-04-14 00:00:00.000,2022,"Apr",4,"Thu",4,"Q-2","Ap"
2022-04-15 00:00:00.000,2022,"Apr",4,"Fri",5,"Q-2","Ap"
2022-04-16 00:00:00.000,2022,"Apr",4,"Sat",6,"Q-2","Ap"
2022-04-17 00:00:00.000,2022,"Apr",4,"Sun",7,"Q-2","Ap"
2022-04-18 00:00:00.000,2022,"Apr",4,"Mon",1,"Q-2","Ap"
2022-04-19 00:00:00.000,2022,"Apr",4,"Tue",2,"Q-2","Ap"
2022-04-20 00:00:00.000,2022,"Apr",4,"Wed",3,"Q-2","Ap"
2022-04-21 00:00:00.000,2022,"Apr",4,"Thu",4,"Q-2","Ap"
2022-04-22 00:00:00.000,2022,"Apr",4,"Fri",5,"Q-2","Ap"
2022-04-23 00:00:00.000,2022,"Apr",4,"Sat",6,"Q-2","Ap"
2022-04-24 00:00:00.000,2022,"Apr",4,"Sun",7,"Q-2","Ap"
2022-04-25 00:00:00.000,2022,"Apr",4,"Mon",1,"Q-2","Ap"
2022-04-26 00:00:00.000,2022,"Apr",4,"Tue",2,"Q-2","Ap"
2022-04-27 00:00:00.000,2022,"Apr",4,"Wed",3,"Q-2","Ap"
2022-04-28 00:00:00.000,2022,"Apr",4,"Thu",4,"Q-2","Ap"
2022-04-29 00:00:00.000,2022,"Apr",4,"Fri",5,"Q-2","Ap"
2022-04-30 00:00:00.000,2022,"Apr",4,"Sat",6,"Q-2","Ap"
2022-05-01 00:00:00.000,2022,"May",5,"Sun",7,"Q-2","Ma"
2022-05-02 00:00:00.000,2022,"May",5,"Mon",1,"Q-2","Ma"
2022-05-03 00:00:00.000,2022,"May",5,"Tue",2,"Q-2","Ma"
2022-05-04 00:00:00.000,2022,"May",5,"Wed",3,"Q-2","Ma"
2022-05-05 00:00:00.000,2022,"May",5,"Thu",4,"Q-2","Ma"
2022-05-06 00:00:00.000,2022,"May",5,"Fri",5,"Q-2","Ma"
2022-05-07 00:00:00.000,2022,"May",5,"Sat",6,"Q-2","Ma"
2022-05-08 00:00:00.000,2022,"May",5,"Sun",7,"Q-2","Ma"
2022-05-09 00:00:00.000,2022,"May",5,"Mon",1,"Q-2","Ma"
2022-05-10 00:00:00.000,2022,"May",5,"Tue",2,"Q-2","Ma"
2022-05-11 00:00:00.000,2022,"May",5,"Wed",3,"Q-2","Ma"
2022-05-12 00:00:00.000,2022,"May",5,"Thu",4,"Q-2","Ma"
2022-05-13 00:00:00.000,2022,"May",5,"Fri",5,"Q-2","Ma"
2022-05-14 00:00:00.000,2022,"May",5,"Sat",6,"Q-2","Ma"
2022-05-15 00:00:00.000,2022,"May",5,"Sun",7,"Q-2","Ma"
2022-05-16 00:00:00.000,2022,"May",5,"Mon",1,"Q-2","Ma"
2022-05-17 00:00:00.000,2022,"May",5,"Tue",2,"Q-2","Ma"
2022-05-18 00:00:00.000,2022,"May",5,"Wed",3,"Q-2","Ma"
2022-05-19 00:00:00.000,2022,"May",5,"Thu",4,"Q-2","Ma"
2022-05-20 00:00:00.000,2022,"May",5,"Fri",5,"Q-2","Ma"
2022-05-21 00:00:00.000,2022,"May",5,"Sat",6,"Q-2","Ma"
2022-05-22 00:00:00.000,2022,"May",5,"Sun",7,"Q-2","Ma"
2022-05-23 00:00:00.000,2022,"May",5,"Mon",1,"Q-2","Ma"
2022-05-24 00:00:00.000,2022,"May",5,"Tue",2,"Q-2","Ma"
2022-05-25 00:00:00.000,2022,"May",5,"Wed",3,"Q-2","Ma"
2022-05-26 00:00:00.000,2022,"May",5,"Thu",4,"Q-2","Ma"
2022-05-27 00:00:00.000,2022,"May",5,"Fri",5,"Q-2","Ma"
2022-05-28 00:00:00.000,2022,"May",5,"Sat",6,"Q-2","Ma"
2022-05-29 00:00:00.000,2022,"May",5,"Sun",7,"Q-2","Ma"
2022-05-30 00:00:00.000,2022,"May",5,"Mon",1,"Q-2","Ma"
2022-05-31 00:00:00.000,2022,"May",5,"Tue",2,"Q-2","Ma"
2022-06-01 00:00:00.000,2022,"Jun",6,"Wed",3,"Q-2","Ju"
2022-06-02 00:00:00.000,2022,"Jun",6,"Thu",4,"Q-2","Ju"
2022-06-03 00:00:00.000,2022,"Jun",6,"Fri",5,"Q-2","Ju"
2022-06-04 00:00:00.000,2022,"Jun",6,"Sat",6,"Q-2","Ju"
2022-06-05 00:00:00.000,2022,"Jun",6,"Sun",7,"Q-2","Ju"
2022-06-06 00:00:00.000,2022,"Jun",6,"Mon",1,"Q-2","Ju"
2022-06-07 00:00:00.000,2022,"Jun",6,"Tue",2,"Q-2","Ju"
2022-06-08 00:00:00.000,2022,"Jun",6,"Wed",3,"Q-2","Ju"
2022-06-09 00:00:00.000,2022,"Jun",6,"Thu",4,"Q-2","Ju"
2022-06-10 00:00:00.000,2022,"Jun",6,"Fri",5,"Q-2","Ju"
2022-06-11 00:00:00.000,2022,"Jun",6,"Sat",6,"Q-2","Ju"
2022-06-12 00:00:00.000,2022,"Jun",6,"Sun",7,"Q-2","Ju"
2022-06-13 00:00:00.000,2022,"Jun",6,"Mon",1,"Q-2","Ju"
2022-06-14 00:00:00.000,2022,"Jun",6,"Tue",2,"Q-2","Ju"
2022-06-15 00:00:00.000,2022,"Jun",6,"Wed",3,"Q-2","Ju"
2022-06-16 00:00:00.000,2022,"Jun",6,"Thu",4,"Q-2","Ju"
2022-06-17 00:00:00.000,2022,"Jun",6,"Fri",5,"Q-2","Ju"
2022-06-18 00:00:00.000,2022,"Jun",6,"Sat",6,"Q-2","Ju"
2022-06-19 00:00:00.000,2022,"Jun",6,"Sun",7,"Q-2","Ju"
2022-06-20 00:00:00.000,2022,"Jun",6,"Mon",1,"Q-2","Ju"
2022-06-21 00:00:00.000,2022,"Jun",6,"Tue",2,"Q-2","Ju"
2022-06-22 00:00:00.000,2022,"Jun",6,"Wed",3,"Q-2","Ju"
2022-06-23 00:00:00.000,2022,"Jun",6,"Thu",4,"Q-2","Ju"
2022-06-24 00:00:00.000,2022,"Jun",6,"Fri",5,"Q-2","Ju"
2022-06-25 00:00:00.000,2022,"Jun",6,"Sat",6,"Q-2","Ju"
2022-06-26 00:00:00.000,2022,"Jun",6,"Sun",7,"Q-2","Ju"
2022-06-27 00:00:00.000,2022,"Jun",6,"Mon",1,"Q-2","Ju"
2022-06-28 00:00:00.000,2022,"Jun",6,"Tue",2,"Q-2","Ju"
2022-06-29 00:00:00.000,2022,"Jun",6,"Wed",3,"Q-2","Ju"
2022-06-30 00:00:00.000,2022,"Jun",6,"Thu",4,"Q-2","Ju"
2022-07-01 00:00:00.000,2022,"Jul",7,"Fri",5,"Q-3","Ju"
2022-07-02 00:00:00.000,2022,"Jul",7,"Sat",6,"Q-3","Ju"
2022-07-03 00:00:00.000,2022,"Jul",7,"Sun",7,"Q-3","Ju"
2022-07-04 00:00:00.000,2022,"Jul",7,"Mon",1,"Q-3","Ju"
2022-07-05 00:00:00.000,2022,"Jul",7,"Tue",2,"Q-3","Ju"
2022-07-06 00:00:00.000,2022,"Jul",7,"Wed",3,"Q-3","Ju"
2022-07-07 00:00:00.000,2022,"Jul",7,"Thu",4,"Q-3","Ju"
2022-07-08 00:00:00.000,2022,"Jul",7,"Fri",5,"Q-3","Ju"
2022-07-09 00:00:00.000,2022,"Jul",7,"Sat",6,"Q-3","Ju"
2022-07-10 00:00:00.000,2022,"Jul",7,"Sun",7,"Q-3","Ju"
2022-07-11 00:00:00.000,2022,"Jul",7,"Mon",1,"Q-3","Ju"
2022-07-12 00:00:00.000,2022,"Jul",7,"Tue",2,"Q-3","Ju"
2022-07-13 00:00:00.000,2022,"Jul",7,"Wed",3,"Q-3","Ju"
2022-07-14 00:00:00.000,2022,"Jul",7,"Thu",4,"Q-3","Ju"
2022-07-15 00:00:00.000,2022,"Jul",7,"Fri",5,"Q-3","Ju"
2022-07-16 00:00:00.000,2022,"Jul",7,"Sat",6,"Q-3","Ju"
2022-07-17 00:00:00.000,2022,"Jul",7,"Sun",7,"Q-3","Ju"
2022-07-18 00:00:00.000,2022,"Jul",7,"Mon",1,"Q-3","Ju"
2022-07-19 00:00:00.000,2022,"Jul",7,"Tue",2,"Q-3","Ju"
2022-07-20 00:00:00.000,2022,"Jul",7,"Wed",3,"Q-3","Ju"
2022-07-21 00:00:00.000,2022,"Jul",7,"Thu",4,"Q-3","Ju"
2022-07-22 00:00:00.000,2022,"Jul",7,"Fri",5,"Q-3","Ju"
2022-07-23 00:00:00.000,2022,"Jul",7,"Sat",6,"Q-3","Ju"
2022-07-24 00:00:00.000,2022,"Jul",7,"Sun",7,"Q-3","Ju"
2022-07-25 00:00:00.000,2022,"Jul",7,"Mon",1,"Q-3","Ju"
2022-07-26 00:00:00.000,2022,"Jul",7,"Tue",2,"Q-3","Ju"
2022-07-27 00:00:00.000,2022,"Jul",7,"Wed",3,"Q-3","Ju"
2022-07-28 00:00:00.000,2022,"Jul",7,"Thu",4,"Q-3","Ju"
2022-07-29 00:00:00.000,2022,"Jul",7,"Fri",5,"Q-3","Ju"
2022-07-30 00:00:00.000,2022,"Jul",7,"Sat",6,"Q-3","Ju"
2022-07-31 00:00:00.000,2022,"Jul",7,"Sun",7,"Q-3","Ju"
2022-08-01 00:00:00.000,2022,"Aug",8,"Mon",1,"Q-3","Au"
2022-08-02 00:00:00.000,2022,"Aug",8,"Tue",2,"Q-3","Au"
2022-08-03 00:00:00.000,2022,"Aug",8,"Wed",3,"Q-3","Au"
2022-08-04 00:00:00.000,2022,"Aug",8,"Thu",4,"Q-3","Au"
2022-08-05 00:00:00.000,2022,"Aug",8,"Fri",5,"Q-3","Au"
2022-08-06 00:00:00.000,2022,"Aug",8,"Sat",6,"Q-3","Au"
2022-08-07 00:00:00.000,2022,"Aug",8,"Sun",7,"Q-3","Au"
2022-08-08 00:00:00.000,2022,"Aug",8,"Mon",1,"Q-3","Au"
2022-08-09 00:00:00.000,2022,"Aug",8,"Tue",2,"Q-3","Au"
2022-08-10 00:00:00.000,2022,"Aug",8,"Wed",3,"Q-3","Au"
2022-08-11 00:00:00.000,2022,"Aug",8,"Thu",4,"Q-3","Au"
2022-08-12 00:00:00.000,2022,"Aug",8,"Fri",5,"Q-3","Au"
2022-08-13 00:00:00.000,2022,"Aug",8,"Sat",6,"Q-3","Au"
2022-08-14 00:00:00.000,2022,"Aug",8,"Sun",7,"Q-3","Au"
2022-08-15 00:00:00.000,2022,"Aug",8,"Mon",1,"Q-3","Au"
2022-08-16 00:00:00.000,2022,"Aug",8,"Tue",2,"Q-3","Au"
2022-08-17 00:00:00.000,2022,"Aug",8,"Wed",3,"Q-3","Au"
2022-08-18 00:00:00.000,2022,"Aug",8,"Thu",4,"Q-3","Au"
2022-08-19 00:00:00.000,2022,"Aug",8,"Fri",5,"Q-3","Au"
2022-08-20 00:00:00.000,2022,"Aug",8,"Sat",6,"Q-3","Au"
2022-08-21 00:00:00.000,2022,"Aug",8,"Sun",7,"Q-3","Au"
2022-08-22 00:00:00.000,2022,"Aug",8,"Mon",1,"Q-3","Au"
2022-08-23 00:00:00.000,2022,"Aug",8,"Tue",2,"Q-3","Au"
2022-08-24 00:00:00.000,2022,"Aug",8,"Wed",3,"Q-3","Au"
2022-08-25 00:00:00.000,2022,"Aug",8,"Thu",4,"Q-3","Au"
2022-08-26 00:00:00.000,2022,"Aug",8,"Fri",5,"Q-3","Au"
2022-08-27 00:00:00.000,2022,"Aug",8,"Sat",6,"Q-3","Au"
2022-08-28 00:00:00.000,2022,"Aug",8,"Sun",7,"Q-3","Au"
2022-08-29 00:00:00.000,2022,"Aug",8,"Mon",1,"Q-3","Au"
2022-08-30 00:00:00.000,2022,"Aug",8,"Tue",2,"Q-3","Au"
2022-08-31 00:00:00.000,2022,"Aug",8,"Wed",3,"Q-3","Au"
2022-09-01 00:00:00.000,2022,"Sep",9,"Thu",4,"Q-3","Se"
2022-09-02 00:00:00.000,2022,"Sep",9,"Fri",5,"Q-3","Se"
2022-09-03 00:00:00.000,2022,"Sep",9,"Sat",6,"Q-3","Se"
2022-09-04 00:00:00.000,2022,"Sep",9,"Sun",7,"Q-3","Se"
2022-09-05 00:00:00.000,2022,"Sep",9,"Mon",1,"Q-3","Se"
2022-09-06 00:00:00.000,2022,"Sep",9,"Tue",2,"Q-3","Se"
2022-09-07 00:00:00.000,2022,"Sep",9,"Wed",3,"Q-3","Se"
2022-09-08 00:00:00.000,2022,"Sep",9,"Thu",4,"Q-3","Se"
2022-09-09 00:00:00.000,2022,"Sep",9,"Fri",5,"Q-3","Se"
2022-09-10 00:00:00.000,2022,"Sep",9,"Sat",6,"Q-3","Se"
2022-09-11 00:00:00.000,2022,"Sep",9,"Sun",7,"Q-3","Se"
2022-09-12 00:00:00.000,2022,"Sep",9,"Mon",1,"Q-3","Se"
2022-09-13 00:00:00.000,2022,"Sep",9,"Tue",2,"Q-3","Se"
2022-09-14 00:00:00.000,2022,"Sep",9,"Wed",3,"Q-3","Se"
2022-09-15 00:00:00.000,2022,"Sep",9,"Thu",4,"Q-3","Se"
2022-09-16 00:00:00.000,2022,"Sep",9,"Fri",5,"Q-3","Se"
2022-09-17 00:00:00.000,2022,"Sep",9,"Sat",6,"Q-3","Se"
2022-09-18 00:00:00.000,2022,"Sep",9,"Sun",7,"Q-3","Se"
2022-09-19 00:00:00.000,2022,"Sep",9,"Mon",1,"Q-3","Se"
2022-09-20 00:00:00.000,2022,"Sep",9,"Tue",2,"Q-3","Se"
2022-09-21 00:00:00.000,2022,"Sep",9,"Wed",3,"Q-3","Se"
2022-09-22 00:00:00.000,2022,"Sep",9,"Thu",4,"Q-3","Se"
2022-09-23 00:00:00.000,2022,"Sep",9,"Fri",5,"Q-3","Se"
2022-09-24 00:00:00.000,2022,"Sep",9,"Sat",6,"Q-3","Se"
2022-09-25 00:00:00.000,2022,"Sep",9,"Sun",7,"Q-3","Se"
2022-09-26 00:00:00.000,2022,"Sep",9,"Mon",1,"Q-3","Se"
2022-09-27 00:00:00.000,2022,"Sep",9,"Tue",2,"Q-3","Se"
2022-09-28 00:00:00.000,2022,"Sep",9,"Wed",3,"Q-3","Se"
2022-09-29 00:00:00.000,2022,"Sep",9,"Thu",4,"Q-3","Se"
2022-09-30 00:00:00.000,2022,"Sep",9,"Fri",5,"Q-3","Se"
2022-10-01 00:00:00.000,2022,"Oct",10,"Sat",6,"Q-4","Oc"
2022-10-02 00:00:00.000,2022,"Oct",10,"Sun",7,"Q-4","Oc"
2022-10-03 00:00:00.000,2022,"Oct",10,"Mon",1,"Q-4","Oc"
2022-10-04 00:00:00.000,2022,"Oct",10,"Tue",2,"Q-4","Oc"
2022-10-05 00:00:00.000,2022,"Oct",10,"Wed",3,"Q-4","Oc"
2022-10-06 00:00:00.000,2022,"Oct",10,"Thu",4,"Q-4","Oc"
2022-10-07 00:00:00.000,2022,"Oct",10,"Fri",5,"Q-4","Oc"
2022-10-08 00:00:00.000,2022,"Oct",10,"Sat",6,"Q-4","Oc"
2022-10-09 00:00:00.000,2022,"Oct",10,"Sun",7,"Q-4","Oc"
2022-10-10 00:00:00.000,2022,"Oct",10,"Mon",1,"Q-4","Oc"
2022-10-11 00:00:00.000,2022,"Oct",10,"Tue",2,"Q-4","Oc"
2022-10-12 00:00:00.000,2022,"Oct",10,"Wed",3,"Q-4","Oc"
2022-10-13 00:00:00.000,2022,"Oct",10,"Thu",4,"Q-4","Oc"
2022-10-14 00:00:00.000,2022,"Oct",10,"Fri",5,"Q-4","Oc"
2022-10-15 00:00:00.000,2022,"Oct",10,"Sat",6,"Q-4","Oc"
2022-10-16 00:00:00.000,2022,"Oct",10,"Sun",7,"Q-4","Oc"
2022-10-17 00:00:00.000,2022,"Oct",10,"Mon",1,"Q-4","Oc"
2022-10-18 00:00:00.000,2022,"Oct",10,"Tue",2,"Q-4","Oc"
2022-10-19 00:00:00.000,2022,"Oct",10,"Wed",3,"Q-4","Oc"
2022-10-20 00:00:00.000,2022,"Oct",10,"Thu",4,"Q-4","Oc"
2022-10-21 00:00:00.000,2022,"Oct",10,"Fri",5,"Q-4","Oc"
2022-10-22 00:00:00.000,2022,"Oct",10,"Sat",6,"Q-4","Oc"
2022-10-23 00:00:00.000,2022,"Oct",10,"Sun",7,"Q-4","Oc"
2022-10-24 00:00:00.000,2022,"Oct",10,"Mon",1,"Q-4","Oc"
2022-10-25 00:00:00.000,2022,"Oct",10,"Tue",2,"Q-4","Oc"
2022-10-26 00:00:00.000,2022,"Oct",10,"Wed",3,"Q-4","Oc"
2022-10-27 00:00:00.000,2022,"Oct",10,"Thu",4,"Q-4","Oc"
2022-10-28 00:00:00.000,2022,"Oct",10,"Fri",5,"Q-4","Oc"
2022-10-29 00:00:00.000,2022,"Oct",10,"Sat",6,"Q-4","Oc"
2022-10-30 00:00:00.000,2022,"Oct",10,"Sun",7,"Q-4","Oc"
2022-10-31 00:00:00.000,2022,"Oct",10,"Mon",1,"Q-4","Oc"
2022-11-01 00:00:00.000,2022,"Nov",11,"Tue",2,"Q-4","No"
2022-11-02 00:00:00.000,2022,"Nov",11,"Wed",3,"Q-4","No"
2022-11-03 00:00:00.000,2022,"Nov",11,"Thu",4,"Q-4","No"
2022-11-04 00:00:00.000,2022,"Nov",11,"Fri",5,"Q-4","No"
2022-11-05 00:00:00.000,2022,"Nov",11,"Sat",6,"Q-4","No"
2022-11-06 00:00:00.000,2022,"Nov",11,"Sun",7,"Q-4","No"
2022-11-07 00:00:00.000,2022,"Nov",11,"Mon",1,"Q-4","No"
2022-11-08 00:00:00.000,2022,"Nov",11,"Tue",2,"Q-4","No"
2022-11-09 00:00:00.000,2022,"Nov",11,"Wed",3,"Q-4","No"
2022-11-10 00:00:00.000,2022,"Nov",11,"Thu",4,"Q-4","No"
2022-11-11 00:00:00.000,2022,"Nov",11,"Fri",5,"Q-4","No"
2022-11-12 00:00:00.000,2022,"Nov",11,"Sat",6,"Q-4","No"
2022-11-13 00:00:00.000,2022,"Nov",11,"Sun",7,"Q-4","No"
2022-11-14 00:00:00.000,2022,"Nov",11,"Mon",1,"Q-4","No"
2022-11-15 00:00:00.000,2022,"Nov",11,"Tue",2,"Q-4","No"
2022-11-16 00:00:00.000,2022,"Nov",11,"Wed",3,"Q-4","No"
2022-11-17 00:00:00.000,2022,"Nov",11,"Thu",4,"Q-4","No"
2022-11-18 00:00:00.000,2022,"Nov",11,"Fri",5,"Q-4","No"
2022-11-19 00:00:00.000,2022,"Nov",11,"Sat",6,"Q-4","No"
2022-11-20 00:00:00.000,2022,"Nov",11,"Sun",7,"Q-4","No"
2022-11-21 00:00:00.000,2022,"Nov",11,"Mon",1,"Q-4","No"
2022-11-22 00:00:00.000,2022,"Nov",11,"Tue",2,"Q-4","No"
2022-11-23 00:00:00.000,2022,"Nov",11,"Wed",3,"Q-4","No"
2022-11-24 00:00:00.000,2022,"Nov",11,"Thu",4,"Q-4","No"
2022-11-25 00:00:00.000,2022,"Nov",11,"Fri",5,"Q-4","No"
2022-11-26 00:00:00.000,2022,"Nov",11,"Sat",6,"Q-4","No"
2022-11-27 00:00:00.000,2022,"Nov",11,"Sun",7,"Q-4","No"
2022-11-28 00:00:00.000,2022,"Nov",11,"Mon",1,"Q-4","No"
2022-11-29 00:00:00.000,2022,"Nov",11,"Tue",2,"Q-4","No"
2022-11-30 00:00:00.000,2022,"Nov",11,"Wed",3,"Q-4","No"
2022-12-01 00:00:00.000,2022,"Dec",12,"Thu",4,"Q-4","De"
2022-12-02 00:00:00.000,2022,"Dec",12,"Fri",5,"Q-4","De"
2022-12-03 00:00:00.000,2022,"Dec",12,"Sat",6,"Q-4","De"
2022-12-04 00:00:00.000,2022,"Dec",12,"Sun",7,"Q-4","De"
2022-12-05 00:00:00.000,2022,"Dec",12,"Mon",1,"Q-4","De"
2022-12-06 00:00:00.000,2022,"Dec",12,"Tue",2,"Q-4","De"
2022-12-07 00:00:00.000,2022,"Dec",12,"Wed",3,"Q-4","De"
2022-12-08 00:00:00.000,2022,"Dec",12,"Thu",4,"Q-4","De"
2022-12-09 00:00:00.000,2022,"Dec",12,"Fri",5,"Q-4","De"
2022-12-10 00:00:00.000,2022,"Dec",12,"Sat",6,"Q-4","De"
2022-12-11 00:00:00.000,2022,"Dec",12,"Sun",7,"Q-4","De"
2022-12-12 00:00:00.000,2022,"Dec",12,"Mon",1,"Q-4","De"
2022-12-13 00:00:00.000,2022,"Dec",12,"Tue",2,"Q-4","De"
2022-12-14 00:00:00.000,2022,"Dec",12,"Wed",3,"Q-4","De"
2022-12-15 00:00:00.000,2022,"Dec",12,"Thu",4,"Q-4","De"
2022-12-16 00:00:00.000,2022,"Dec",12,"Fri",5,"Q-4","De"
2022-12-17 00:00:00.000,2022,"Dec",12,"Sat",6,"Q-4","De"
2022-12-18 00:00:00.000,2022,"Dec",12,"Sun",7,"Q-4","De"
2022-12-19 00:00:00.000,2022,"Dec",12,"Mon",1,"Q-4","De"
2022-12-20 00:00:00.000,2022,"Dec",12,"Tue",2,"Q-4","De"
2022-12-21 00:00:00.000,2022,"Dec",12,"Wed",3,"Q-4","De"
2022-12-22 00:00:00.000,2022,"Dec",12,"Thu",4,"Q-4","De"
2022-12-23 00:00:00.000,2022,"Dec",12,"Fri",5,"Q-4","De"
2022-12-24 00:00:00.000,2022,"Dec",12,"Sat",6,"Q-4","De"
2022-12-25 00:00:00.000,2022,"Dec",12,"Sun",7,"Q-4","De"
2022-12-26 00:00:00.000,2022,"Dec",12,"Mon",1,"Q-4","De"
2022-12-27 00:00:00.000,2022,"Dec",12,"Tue",2,"Q-4","De"
2022-12-28 00:00:00.000,2022,"Dec",12,"Wed",3,"Q-4","De"
2022-12-29 00:00:00.000,2022,"Dec",12,"Thu",4,"Q-4","De"
2022-12-30 00:00:00.000,2022,"Dec",12,"Fri",5,"Q-4","De"
2022-12-31 00:00:00.000,2022,"Dec",12,"Sat",6,"Q-4","De"
2023-01-01 00:00:00.000,2023,"Jan",1,"Sun",7,"Q-1","Ja"
2023-01-02 00:00:00.000,2023,"Jan",1,"Mon",1,"Q-1","Ja"
2023-01-03 00:00:00.000,2023,"Jan",1,"Tue",2,"Q-1","Ja"
2023-01-04 00:00:00.000,2023,"Jan",1,"Wed",3,"Q-1","Ja"
2023-01-05 00:00:00.000,2023,"Jan",1,"Thu",4,"Q-1","Ja"
2023-01-06 00:00:00.000,2023,"Jan",1,"Fri",5,"Q-1","Ja"
2023-01-07 00:00:00.000,2023,"Jan",1,"Sat",6,"Q-1","Ja"
2023-01-08 00:00:00.000,2023,"Jan",1,"Sun",7,"Q-1","Ja"
2023-01-09 00:00:00.000,2023,"Jan",1,"Mon",1,"Q-1","Ja"
2023-01-10 00:00:00.000,2023,"Jan",1,"Tue",2,"Q-1","Ja"
2023-01-11 00:00:00.000,2023,"Jan",1,"Wed",3,"Q-1","Ja"
2023-01-12 00:00:00.000,2023,"Jan",1,"Thu",4,"Q-1","Ja"
2023-01-13 00:00:00.000,2023,"Jan",1,"Fri",5,"Q-1","Ja"
2023-01-14 00:00:00.000,2023,"Jan",1,"Sat",6,"Q-1","Ja"
2023-01-15 00:00:00.000,2023,"Jan",1,"Sun",7,"Q-1","Ja"
2023-01-16 00:00:00.000,2023,"Jan",1,"Mon",1,"Q-1","Ja"
2023-01-17 00:00:00.000,2023,"Jan",1,"Tue",2,"Q-1","Ja"
2023-01-18 00:00:00.000,2023,"Jan",1,"Wed",3,"Q-1","Ja"
2023-01-19 00:00:00.000,2023,"Jan",1,"Thu",4,"Q-1","Ja"
2023-01-20 00:00:00.000,2023,"Jan",1,"Fri",5,"Q-1","Ja"
2023-01-21 00:00:00.000,2023,"Jan",1,"Sat",6,"Q-1","Ja"
2023-01-22 00:00:00.000,2023,"Jan",1,"Sun",7,"Q-1","Ja"
2023-01-23 00:00:00.000,2023,"Jan",1,"Mon",1,"Q-1","Ja"
2023-01-24 00:00:00.000,2023,"Jan",1,"Tue",2,"Q-1","Ja"
2023-01-25 00:00:00.000,2023,"Jan",1,"Wed",3,"Q-1","Ja"
2023-01-26 00:00:00.000,2023,"Jan",1,"Thu",4,"Q-1","Ja"
2023-01-27 00:00:00.000,2023,"Jan",1,"Fri",5,"Q-1","Ja"
2023-01-28 00:00:00.000,2023,"Jan",1,"Sat",6,"Q-1","Ja"
2023-01-29 00:00:00.000,2023,"Jan",1,"Sun",7,"Q-1","Ja"
2023-01-30 00:00:00.000,2023,"Jan",1,"Mon",1,"Q-1","Ja"
2023-01-31 00:00:00.000,2023,"Jan",1,"Tue",2,"Q-1","Ja"
2023-02-01 00:00:00.000,2023,"Feb",2,"Wed",3,"Q-1","Fe"
2023-02-02 00:00:00.000,2023,"Feb",2,"Thu",4,"Q-1","Fe"
2023-02-03 00:00:00.000,2023,"Feb",2,"Fri",5,"Q-1","Fe"
2023-02-04 00:00:00.000,2023,"Feb",2,"Sat",6,"Q-1","Fe"
2023-02-05 00:00:00.000,2023,"Feb",2,"Sun",7,"Q-1","Fe"
2023-02-06 00:00:00.000,2023,"Feb",2,"Mon",1,"Q-1","Fe"
2023-02-07 00:00:00.000,2023,"Feb",2,"Tue",2,"Q-1","Fe"
2023-02-08 00:00:00.000,2023,"Feb",2,"Wed",3,"Q-1","Fe"
2023-02-09 00:00:00.000,2023,"Feb",2,"Thu",4,"Q-1","Fe"
2023-02-10 00:00:00.000,2023,"Feb",2,"Fri",5,"Q-1","Fe"
2023-02-11 00:00:00.000,2023,"Feb",2,"Sat",6,"Q-1","Fe"
2023-02-12 00:00:00.000,2023,"Feb",2,"Sun",7,"Q-1","Fe"
2023-02-13 00:00:00.000,2023,"Feb",2,"Mon",1,"Q-1","Fe"
2023-02-14 00:00:00.000,2023,"Feb",2,"Tue",2,"Q-1","Fe"
2023-02-15 00:00:00.000,2023,"Feb",2,"Wed",3,"Q-1","Fe"
2023-02-16 00:00:00.000,2023,"Feb",2,"Thu",4,"Q-1","Fe"
2023-02-17 00:00:00.000,2023,"Feb",2,"Fri",5,"Q-1","Fe"
2023-02-18 00:00:00.000,2023,"Feb",2,"Sat",6,"Q-1","Fe"
2023-02-19 00:00:00.000,2023,"Feb",2,"Sun",7,"Q-1","Fe"
2023-02-20 00:00:00.000,2023,"Feb",2,"Mon",1,"Q-1","Fe"
2023-02-21 00:00:00.000,2023,"Feb",2,"Tue",2,"Q-1","Fe"
2023-02-22 00:00:00.000,2023,"Feb",2,"Wed",3,"Q-1","Fe"
2023-02-23 00:00:00.000,2023,"Feb",2,"Thu",4,"Q-1","Fe"
2023-02-24 00:00:00.000,2023,"Feb",2,"Fri",5,"Q-1","Fe"
2023-02-25 00:00:00.000,2023,"Feb",2,"Sat",6,"Q-1","Fe"
2023-02-26 00:00:00.000,2023,"Feb",2,"Sun",7,"Q-1","Fe"
2023-02-27 00:00:00.000,2023,"Feb",2,"Mon",1,"Q-1","Fe"
2023-02-28 00:00:00.000,2023,"Feb",2,"Tue",2,"Q-1","Fe"
2023-03-01 00:00:00.000,2023,"Mar",3,"Wed",3,"Q-1","Ma"
2023-03-02 00:00:00.000,2023,"Mar",3,"Thu",4,"Q-1","Ma"
2023-03-03 00:00:00.000,2023,"Mar",3,"Fri",5,"Q-1","Ma"
2023-03-04 00:00:00.000,2023,"Mar",3,"Sat",6,"Q-1","Ma"
2023-03-05 00:00:00.000,2023,"Mar",3,"Sun",7,"Q-1","Ma"
2023-03-06 00:00:00.000,2023,"Mar",3,"Mon",1,"Q-1","Ma"
2023-03-07 00:00:00.000,2023,"Mar",3,"Tue",2,"Q-1","Ma"
2023-03-08 00:00:00.000,2023,"Mar",3,"Wed",3,"Q-1","Ma"
2023-03-09 00:00:00.000,2023,"Mar",3,"Thu",4,"Q-1","Ma"
2023-03-10 00:00:00.000,2023,"Mar",3,"Fri",5,"Q-1","Ma"
2023-03-11 00:00:00.000,2023,"Mar",3,"Sat",6,"Q-1","Ma"
2023-03-12 00:00:00.000,2023,"Mar",3,"Sun",7,"Q-1","Ma"
2023-03-13 00:00:00.000,2023,"Mar",3,"Mon",1,"Q-1","Ma"
2023-03-14 00:00:00.000,2023,"Mar",3,"Tue",2,"Q-1","Ma"
2023-03-15 00:00:00.000,2023,"Mar",3,"Wed",3,"Q-1","Ma"
2023-03-16 00:00:00.000,2023,"Mar",3,"Thu",4,"Q-1","Ma"
2023-03-17 00:00:00.000,2023,"Mar",3,"Fri",5,"Q-1","Ma"
2023-03-18 00:00:00.000,2023,"Mar",3,"Sat",6,"Q-1","Ma"
2023-03-19 00:00:00.000,2023,"Mar",3,"Sun",7,"Q-1","Ma"
2023-03-20 00:00:00.000,2023,"Mar",3,"Mon",1,"Q-1","Ma"
2023-03-21 00:00:00.000,2023,"Mar",3,"Tue",2,"Q-1","Ma"
2023-03-22 00:00:00.000,2023,"Mar",3,"Wed",3,"Q-1","Ma"
2023-03-23 00:00:00.000,2023,"Mar",3,"Thu",4,"Q-1","Ma"
2023-03-24 00:00:00.000,2023,"Mar",3,"Fri",5,"Q-1","Ma"
2023-03-25 00:00:00.000,2023,"Mar",3,"Sat",6,"Q-1","Ma"
2023-03-26 00:00:00.000,2023,"Mar",3,"Sun",7,"Q-1","Ma"
2023-03-27 00:00:00.000,2023,"Mar",3,"Mon",1,"Q-1","Ma"
2023-03-28 00:00:00.000,2023,"Mar",3,"Tue",2,"Q-1","Ma"
2023-03-29 00:00:00.000,2023,"Mar",3,"Wed",3,"Q-1","Ma"
2023-03-30 00:00:00.000,2023,"Mar",3,"Thu",4,"Q-1","Ma"
2023-03-31 00:00:00.000,2023,"Mar",3,"Fri",5,"Q-1","Ma"
2023-04-01 00:00:00.000,2023,"Apr",4,"Sat",6,"Q-2","Ap"
2023-04-02 00:00:00.000,2023,"Apr",4,"Sun",7,"Q-2","Ap"
2023-04-03 00:00:00.000,2023,"Apr",4,"Mon",1,"Q-2","Ap"
2023-04-04 00:00:00.000,2023,"Apr",4,"Tue",2,"Q-2","Ap"
2023-04-05 00:00:00.000,2023,"Apr",4,"Wed",3,"Q-2","Ap"
2023-04-06 00:00:00.000,2023,"Apr",4,"Thu",4,"Q-2","Ap"
2023-04-07 00:00:00.000,2023,"Apr",4,"Fri",5,"Q-2","Ap"
2023-04-08 00:00:00.000,2023,"Apr",4,"Sat",6,"Q-2","Ap"
2023-04-09 00:00:00.000,2023,"Apr",4,"Sun",7,"Q-2","Ap"
2023-04-10 00:00:00.000,2023,"Apr",4,"Mon",1,"Q-2","Ap"
2023-04-11 00:00:00.000,2023,"Apr",4,"Tue",2,"Q-2","Ap"
2023-04-12 00:00:00.000,2023,"Apr",4,"Wed",3,"Q-2","Ap"
2023-04-13 00:00:00.000,2023,"Apr",4,"Thu",4,"Q-2","Ap"
2023-04-14 00:00:00.000,2023,"Apr",4,"Fri",5,"Q-2","Ap"
2023-04-15 00:00:00.000,2023,"Apr",4,"Sat",6,"Q-2","Ap"
2023-04-16 00:00:00.000,2023,"Apr",4,"Sun",7,"Q-2","Ap"
2023-04-17 00:00:00.000,2023,"Apr",4,"Mon",1,"Q-2","Ap"
2023-04-18 00:00:00.000,2023,"Apr",4,"Tue",2,"Q-2","Ap"
2023-04-19 00:00:00.000,2023,"Apr",4,"Wed",3,"Q-2","Ap"
2023-04-20 00:00:00.000,2023,"Apr",4,"Thu",4,"Q-2","Ap"
2023-04-21 00:00:00.000,2023,"Apr",4,"Fri",5,"Q-2","Ap"
2023-04-22 00:00:00.000,2023,"Apr",4,"Sat",6,"Q-2","Ap"
2023-04-23 00:00:00.000,2023,"Apr",4,"Sun",7,"Q-2","Ap"
2023-04-24 00:00:00.000,2023,"Apr",4,"Mon",1,"Q-2","Ap"
2023-04-25 00:00:00.000,2023,"Apr",4,"Tue",2,"Q-2","Ap"
2023-04-26 00:00:00.000,2023,"Apr",4,"Wed",3,"Q-2","Ap"
2023-04-27 00:00:00.000,2023,"Apr",4,"Thu",4,"Q-2","Ap"
2023-04-28 00:00:00.000,2023,"Apr",4,"Fri",5,"Q-2","Ap"
2023-04-29 00:00:00.000,2023,"Apr",4,"Sat",6,"Q-2","Ap"
2023-04-30 00:00:00.000,2023,"Apr",4,"Sun",7,"Q-2","Ap"
2023-05-01 00:00:00.000,2023,"May",5,"Mon",1,"Q-2","Ma"
2023-05-02 00:00:00.000,2023,"May",5,"Tue",2,"Q-2","Ma"
2023-05-03 00:00:00.000,2023,"May",5,"Wed",3,"Q-2","Ma"
2023-05-04 00:00:00.000,2023,"May",5,"Thu",4,"Q-2","Ma"
2023-05-05 00:00:00.000,2023,"May",5,"Fri",5,"Q-2","Ma"
2023-05-06 00:00:00.000,2023,"May",5,"Sat",6,"Q-2","Ma"
2023-05-07 00:00:00.000,2023,"May",5,"Sun",7,"Q-2","Ma"
2023-05-08 00:00:00.000,2023,"May",5,"Mon",1,"Q-2","Ma"
2023-05-09 00:00:00.000,2023,"May",5,"Tue",2,"Q-2","Ma"
2023-05-10 00:00:00.000,2023,"May",5,"Wed",3,"Q-2","Ma"
2023-05-11 00:00:00.000,2023,"May",5,"Thu",4,"Q-2","Ma"
2023-05-12 00:00:00.000,2023,"May",5,"Fri",5,"Q-2","Ma"
2023-05-13 00:00:00.000,2023,"May",5,"Sat",6,"Q-2","Ma"
2023-05-14 00:00:00.000,2023,"May",5,"Sun",7,"Q-2","Ma"
2023-05-15 00:00:00.000,2023,"May",5,"Mon",1,"Q-2","Ma"
2023-05-16 00:00:00.000,2023,"May",5,"Tue",2,"Q-2","Ma"
2023-05-17 00:00:00.000,2023,"May",5,"Wed",3,"Q-2","Ma"
2023-05-18 00:00:00.000,2023,"May",5,"Thu",4,"Q-2","Ma"
2023-05-19 00:00:00.000,2023,"May",5,"Fri",5,"Q-2","Ma"
2023-05-20 00:00:00.000,2023,"May",5,"Sat",6,"Q-2","Ma"
2023-05-21 00:00:00.000,2023,"May",5,"Sun",7,"Q-2","Ma"
2023-05-22 00:00:00.000,2023,"May",5,"Mon",1,"Q-2","Ma"
2023-05-23 00:00:00.000,2023,"May",5,"Tue",2,"Q-2","Ma"
2023-05-24 00:00:00.000,2023,"May",5,"Wed",3,"Q-2","Ma"
2023-05-25 00:00:00.000,2023,"May",5,"Thu",4,"Q-2","Ma"
2023-05-26 00:00:00.000,2023,"May",5,"Fri",5,"Q-2","Ma"
2023-05-27 00:00:00.000,2023,"May",5,"Sat",6,"Q-2","Ma"
2023-05-28 00:00:00.000,2023,"May",5,"Sun",7,"Q-2","Ma"
2023-05-29 00:00:00.000,2023,"May",5,"Mon",1,"Q-2","Ma"
2023-05-30 00:00:00.000,2023,"May",5,"Tue",2,"Q-2","Ma"
2023-05-31 00:00:00.000,2023,"May",5,"Wed",3,"Q-2","Ma"
2023-06-01 00:00:00.000,2023,"Jun",6,"Thu",4,"Q-2","Ju"
2023-06-02 00:00:00.000,2023,"Jun",6,"Fri",5,"Q-2","Ju"
2023-06-03 00:00:00.000,2023,"Jun",6,"Sat",6,"Q-2","Ju"
2023-06-04 00:00:00.000,2023,"Jun",6,"Sun",7,"Q-2","Ju"
2023-06-05 00:00:00.000,2023,"Jun",6,"Mon",1,"Q-2","Ju"
2023-06-06 00:00:00.000,2023,"Jun",6,"Tue",2,"Q-2","Ju"
2023-06-07 00:00:00.000,2023,"Jun",6,"Wed",3,"Q-2","Ju"
2023-06-08 00:00:00.000,2023,"Jun",6,"Thu",4,"Q-2","Ju"
2023-06-09 00:00:00.000,2023,"Jun",6,"Fri",5,"Q-2","Ju"
2023-06-10 00:00:00.000,2023,"Jun",6,"Sat",6,"Q-2","Ju"
2023-06-11 00:00:00.000,2023,"Jun",6,"Sun",7,"Q-2","Ju"
2023-06-12 00:00:00.000,2023,"Jun",6,"Mon",1,"Q-2","Ju"
2023-06-13 00:00:00.000,2023,"Jun",6,"Tue",2,"Q-2","Ju"
2023-06-14 00:00:00.000,2023,"Jun",6,"Wed",3,"Q-2","Ju"
2023-06-15 00:00:00.000,2023,"Jun",6,"Thu",4,"Q-2","Ju"
2023-06-16 00:00:00.000,2023,"Jun",6,"Fri",5,"Q-2","Ju"
2023-06-17 00:00:00.000,2023,"Jun",6,"Sat",6,"Q-2","Ju"
2023-06-18 00:00:00.000,2023,"Jun",6,"Sun",7,"Q-2","Ju"
2023-06-19 00:00:00.000,2023,"Jun",6,"Mon",1,"Q-2","Ju"
2023-06-20 00:00:00.000,2023,"Jun",6,"Tue",2,"Q-2","Ju"
2023-06-21 00:00:00.000,2023,"Jun",6,"Wed",3,"Q-2","Ju"
2023-06-22 00:00:00.000,2023,"Jun",6,"Thu",4,"Q-2","Ju"
2023-06-23 00:00:00.000,2023,"Jun",6,"Fri",5,"Q-2","Ju"
2023-06-24 00:00:00.000,2023,"Jun",6,"Sat",6,"Q-2","Ju"
2023-06-25 00:00:00.000,2023,"Jun",6,"Sun",7,"Q-2","Ju"
2023-06-26 00:00:00.000,2023,"Jun",6,"Mon",1,"Q-2","Ju"
2023-06-27 00:00:00.000,2023,"Jun",6,"Tue",2,"Q-2","Ju"
2023-06-28 00:00:00.000,2023,"Jun",6,"Wed",3,"Q-2","Ju"
2023-06-29 00:00:00.000,2023,"Jun",6,"Thu",4,"Q-2","Ju"
2023-06-30 00:00:00.000,2023,"Jun",6,"Fri",5,"Q-2","Ju"
2023-07-01 00:00:00.000,2023,"Jul",7,"Sat",6,"Q-3","Ju"
2023-07-02 00:00:00.000,2023,"Jul",7,"Sun",7,"Q-3","Ju"
2023-07-03 00:00:00.000,2023,"Jul",7,"Mon",1,"Q-3","Ju"
2023-07-04 00:00:00.000,2023,"Jul",7,"Tue",2,"Q-3","Ju"
2023-07-05 00:00:00.000,2023,"Jul",7,"Wed",3,"Q-3","Ju"
2023-07-06 00:00:00.000,2023,"Jul",7,"Thu",4,"Q-3","Ju"
2023-07-07 00:00:00.000,2023,"Jul",7,"Fri",5,"Q-3","Ju"
2023-07-08 00:00:00.000,2023,"Jul",7,"Sat",6,"Q-3","Ju"
2023-07-09 00:00:00.000,2023,"Jul",7,"Sun",7,"Q-3","Ju"
2023-07-10 00:00:00.000,2023,"Jul",7,"Mon",1,"Q-3","Ju"
2023-07-11 00:00:00.000,2023,"Jul",7,"Tue",2,"Q-3","Ju"
2023-07-12 00:00:00.000,2023,"Jul",7,"Wed",3,"Q-3","Ju"
2023-07-13 00:00:00.000,2023,"Jul",7,"Thu",4,"Q-3","Ju"
2023-07-14 00:00:00.000,2023,"Jul",7,"Fri",5,"Q-3","Ju"
2023-07-15 00:00:00.000,2023,"Jul",7,"Sat",6,"Q-3","Ju"
2023-07-16 00:00:00.000,2023,"Jul",7,"Sun",7,"Q-3","Ju"
2023-07-17 00:00:00.000,2023,"Jul",7,"Mon",1,"Q-3","Ju"
2023-07-18 00:00:00.000,2023,"Jul",7,"Tue",2,"Q-3","Ju"
2023-07-19 00:00:00.000,2023,"Jul",7,"Wed",3,"Q-3","Ju"
2023-07-20 00:00:00.000,2023,"Jul",7,"Thu",4,"Q-3","Ju"
2023-07-21 00:00:00.000,2023,"Jul",7,"Fri",5,"Q-3","Ju"
2023-07-22 00:00:00.000,2023,"Jul",7,"Sat",6,"Q-3","Ju"
2023-07-23 00:00:00.000,2023,"Jul",7,"Sun",7,"Q-3","Ju"
2023-07-24 00:00:00.000,2023,"Jul",7,"Mon",1,"Q-3","Ju"
2023-07-25 00:00:00.000,2023,"Jul",7,"Tue",2,"Q-3","Ju"
2023-07-26 00:00:00.000,2023,"Jul",7,"Wed",3,"Q-3","Ju"
2023-07-27 00:00:00.000,2023,"Jul",7,"Thu",4,"Q-3","Ju"
2023-07-28 00:00:00.000,2023,"Jul",7,"Fri",5,"Q-3","Ju"
2023-07-29 00:00:00.000,2023,"Jul",7,"Sat",6,"Q-3","Ju"
2023-07-30 00:00:00.000,2023,"Jul",7,"Sun",7,"Q-3","Ju"
2023-07-31 00:00:00.000,2023,"Jul",7,"Mon",1,"Q-3","Ju"
2023-08-01 00:00:00.000,2023,"Aug",8,"Tue",2,"Q-3","Au"
2023-08-02 00:00:00.000,2023,"Aug",8,"Wed",3,"Q-3","Au"
2023-08-03 00:00:00.000,2023,"Aug",8,"Thu",4,"Q-3","Au"
2023-08-04 00:00:00.000,2023,"Aug",8,"Fri",5,"Q-3","Au"
2023-08-05 00:00:00.000,2023,"Aug",8,"Sat",6,"Q-3","Au"
2023-08-06 00:00:00.000,2023,"Aug",8,"Sun",7,"Q-3","Au"
2023-08-07 00:00:00.000,2023,"Aug",8,"Mon",1,"Q-3","Au"
2023-08-08 00:00:00.000,2023,"Aug",8,"Tue",2,"Q-3","Au"
2023-08-09 00:00:00.000,2023,"Aug",8,"Wed",3,"Q-3","Au"
2023-08-10 00:00:00.000,2023,"Aug",8,"Thu",4,"Q-3","Au"
2023-08-11 00:00:00.000,2023,"Aug",8,"Fri",5,"Q-3","Au"
2023-08-12 00:00:00.000,2023,"Aug",8,"Sat",6,"Q-3","Au"
2023-08-13 00:00:00.000,2023,"Aug",8,"Sun",7,"Q-3","Au"
2023-08-14 00:00:00.000,2023,"Aug",8,"Mon",1,"Q-3","Au"
2023-08-15 00:00:00.000,2023,"Aug",8,"Tue",2,"Q-3","Au"
2023-08-16 00:00:00.000,2023,"Aug",8,"Wed",3,"Q-3","Au"
2023-08-17 00:00:00.000,2023,"Aug",8,"Thu",4,"Q-3","Au"
2023-08-18 00:00:00.000,2023,"Aug",8,"Fri",5,"Q-3","Au"
2023-08-19 00:00:00.000,2023,"Aug",8,"Sat",6,"Q-3","Au"
2023-08-20 00:00:00.000,2023,"Aug",8,"Sun",7,"Q-3","Au"
2023-08-21 00:00:00.000,2023,"Aug",8,"Mon",1,"Q-3","Au"
2023-08-22 00:00:00.000,2023,"Aug",8,"Tue",2,"Q-3","Au"
2023-08-23 00:00:00.000,2023,"Aug",8,"Wed",3,"Q-3","Au"
2023-08-24 00:00:00.000,2023,"Aug",8,"Thu",4,"Q-3","Au"
2023-08-25 00:00:00.000,2023,"Aug",8,"Fri",5,"Q-3","Au"
2023-08-26 00:00:00.000,2023,"Aug",8,"Sat",6,"Q-3","Au"
2023-08-27 00:00:00.000,2023,"Aug",8,"Sun",7,"Q-3","Au"
2023-08-28 00:00:00.000,2023,"Aug",8,"Mon",1,"Q-3","Au"
2023-08-29 00:00:00.000,2023,"Aug",8,"Tue",2,"Q-3","Au"
2023-08-30 00:00:00.000,2023,"Aug",8,"Wed",3,"Q-3","Au"
2023-08-31 00:00:00.000,2023,"Aug",8,"Thu",4,"Q-3","Au"
2023-09-01 00:00:00.000,2023,"Sep",9,"Fri",5,"Q-3","Se"
2023-09-02 00:00:00.000,2023,"Sep",9,"Sat",6,"Q-3","Se"
2023-09-03 00:00:00.000,2023,"Sep",9,"Sun",7,"Q-3","Se"
2023-09-04 00:00:00.000,2023,"Sep",9,"Mon",1,"Q-3","Se"
2023-09-05 00:00:00.000,2023,"Sep",9,"Tue",2,"Q-3","Se"
2023-09-06 00:00:00.000,2023,"Sep",9,"Wed",3,"Q-3","Se"
2023-09-07 00:00:00.000,2023,"Sep",9,"Thu",4,"Q-3","Se"
2023-09-08 00:00:00.000,2023,"Sep",9,"Fri",5,"Q-3","Se"
2023-09-09 00:00:00.000,2023,"Sep",9,"Sat",6,"Q-3","Se"
2023-09-10 00:00:00.000,2023,"Sep",9,"Sun",7,"Q-3","Se"
2023-09-11 00:00:00.000,2023,"Sep",9,"Mon",1,"Q-3","Se"
2023-09-12 00:00:00.000,2023,"Sep",9,"Tue",2,"Q-3","Se"
2023-09-13 00:00:00.000,2023,"Sep",9,"Wed",3,"Q-3","Se"
2023-09-14 00:00:00.000,2023,"Sep",9,"Thu",4,"Q-3","Se"
2023-09-15 00:00:00.000,2023,"Sep",9,"Fri",5,"Q-3","Se"
2023-09-16 00:00:00.000,2023,"Sep",9,"Sat",6,"Q-3","Se"
2023-09-17 00:00:00.000,2023,"Sep",9,"Sun",7,"Q-3","Se"
2023-09-18 00:00:00.000,2023,"Sep",9,"Mon",1,"Q-3","Se"
2023-09-19 00:00:00.000,2023,"Sep",9,"Tue",2,"Q-3","Se"
2023-09-20 00:00:00.000,2023,"Sep",9,"Wed",3,"Q-3","Se"
2023-09-21 00:00:00.000,2023,"Sep",9,"Thu",4,"Q-3","Se"
2023-09-22 00:00:00.000,2023,"Sep",9,"Fri",5,"Q-3","Se"
2023-09-23 00:00:00.000,2023,"Sep",9,"Sat",6,"Q-3","Se"
2023-09-24 00:00:00.000,2023,"Sep",9,"Sun",7,"Q-3","Se"
2023-09-25 00:00:00.000,2023,"Sep",9,"Mon",1,"Q-3","Se"
2023-09-26 00:00:00.000,2023,"Sep",9,"Tue",2,"Q-3","Se"
2023-09-27 00:00:00.000,2023,"Sep",9,"Wed",3,"Q-3","Se"
2023-09-28 00:00:00.000,2023,"Sep",9,"Thu",4,"Q-3","Se"
2023-09-29 00:00:00.000,2023,"Sep",9,"Fri",5,"Q-3","Se"
2023-09-30 00:00:00.000,2023,"Sep",9,"Sat",6,"Q-3","Se"
2023-10-01 00:00:00.000,2023,"Oct",10,"Sun",7,"Q-4","Oc"
2023-10-02 00:00:00.000,2023,"Oct",10,"Mon",1,"Q-4","Oc"
2023-10-03 00:00:00.000,2023,"Oct",10,"Tue",2,"Q-4","Oc"
2023-10-04 00:00:00.000,2023,"Oct",10,"Wed",3,"Q-4","Oc"
2023-10-05 00:00:00.000,2023,"Oct",10,"Thu",4,"Q-4","Oc"
2023-10-06 00:00:00.000,2023,"Oct",10,"Fri",5,"Q-4","Oc"
2023-10-07 00:00:00.000,2023,"Oct",10,"Sat",6,"Q-4","Oc"
2023-10-08 00:00:00.000,2023,"Oct",10,"Sun",7,"Q-4","Oc"
2023-10-09 00:00:00.000,2023,"Oct",10,"Mon",1,"Q-4","Oc"
2023-10-10 00:00:00.000,2023,"Oct",10,"Tue",2,"Q-4","Oc"
2023-10-11 00:00:00.000,2023,"Oct",10,"Wed",3,"Q-4","Oc"
2023-10-12 00:00:00.000,2023,"Oct",10,"Thu",4,"Q-4","Oc"
2023-10-13 00:00:00.000,2023,"Oct",10,"Fri",5,"Q-4","Oc"
2023-10-14 00:00:00.000,2023,"Oct",10,"Sat",6,"Q-4","Oc"
2023-10-15 00:00:00.000,2023,"Oct",10,"Sun",7,"Q-4","Oc"
2023-10-16 00:00:00.000,2023,"Oct",10,"Mon",1,"Q-4","Oc"
2023-10-17 00:00:00.000,2023,"Oct",10,"Tue",2,"Q-4","Oc"
2023-10-18 00:00:00.000,2023,"Oct",10,"Wed",3,"Q-4","Oc"
2023-10-19 00:00:00.000,2023,"Oct",10,"Thu",4,"Q-4","Oc"
2023-10-20 00:00:00.000,2023,"Oct",10,"Fri",5,"Q-4","Oc"
2023-10-21 00:00:00.000,2023,"Oct",10,"Sat",6,"Q-4","Oc"
2023-10-22 00:00:00.000,2023,"Oct",10,"Sun",7,"Q-4","Oc"
2023-10-23 00:00:00.000,2023,"Oct",10,"Mon",1,"Q-4","Oc"
2023-10-24 00:00:00.000,2023,"Oct",10,"Tue",2,"Q-4","Oc"
2023-10-25 00:00:00.000,2023,"Oct",10,"Wed",3,"Q-4","Oc"
2023-10-26 00:00:00.000,2023,"Oct",10,"Thu",4,"Q-4","Oc"
2023-10-27 00:00:00.000,2023,"Oct",10,"Fri",5,"Q-4","Oc"
2023-10-28 00:00:00.000,2023,"Oct",10,"Sat",6,"Q-4","Oc"
2023-10-29 00:00:00.000,2023,"Oct",10,"Sun",7,"Q-4","Oc"
2023-10-30 00:00:00.000,2023,"Oct",10,"Mon",1,"Q-4","Oc"
2023-10-31 00:00:00.000,2023,"Oct",10,"Tue",2,"Q-4","Oc"
2023-11-01 00:00:00.000,2023,"Nov",11,"Wed",3,"Q-4","No"
2023-11-02 00:00:00.000,2023,"Nov",11,"Thu",4,"Q-4","No"
2023-11-03 00:00:00.000,2023,"Nov",11,"Fri",5,"Q-4","No"
2023-11-04 00:00:00.000,2023,"Nov",11,"Sat",6,"Q-4","No"
2023-11-05 00:00:00.000,2023,"Nov",11,"Sun",7,"Q-4","No"
2023-11-06 00:00:00.000,2023,"Nov",11,"Mon",1,"Q-4","No"
2023-11-07 00:00:00.000,2023,"Nov",11,"Tue",2,"Q-4","No"
2023-11-08 00:00:00.000,2023,"Nov",11,"Wed",3,"Q-4","No"
2023-11-09 00:00:00.000,2023,"Nov",11,"Thu",4,"Q-4","No"
2023-11-10 00:00:00.000,2023,"Nov",11,"Fri",5,"Q-4","No"
2023-11-11 00:00:00.000,2023,"Nov",11,"Sat",6,"Q-4","No"
2023-11-12 00:00:00.000,2023,"Nov",11,"Sun",7,"Q-4","No"
2023-11-13 00:00:00.000,2023,"Nov",11,"Mon",1,"Q-4","No"
2023-11-14 00:00:00.000,2023,"Nov",11,"Tue",2,"Q-4","No"
2023-11-15 00:00:00.000,2023,"Nov",11,"Wed",3,"Q-4","No"
2023-11-16 00:00:00.000,2023,"Nov",11,"Thu",4,"Q-4","No"
2023-11-17 00:00:00.000,2023,"Nov",11,"Fri",5,"Q-4","No"
2023-11-18 00:00:00.000,2023,"Nov",11,"Sat",6,"Q-4","No"
2023-11-19 00:00:00.000,2023,"Nov",11,"Sun",7,"Q-4","No"
2023-11-20 00:00:00.000,2023,"Nov",11,"Mon",1,"Q-4","No"
2023-11-21 00:00:00.000,2023,"Nov",11,"Tue",2,"Q-4","No"
2023-11-22 00:00:00.000,2023,"Nov",11,"Wed",3,"Q-4","No"
2023-11-23 00:00:00.000,2023,"Nov",11,"Thu",4,"Q-4","No"
2023-11-24 00:00:00.000,2023,"Nov",11,"Fri",5,"Q-4","No"
2023-11-25 00:00:00.000,2023,"Nov",11,"Sat",6,"Q-4","No"
2023-11-26 00:00:00.000,2023,"Nov",11,"Sun",7,"Q-4","No"
2023-11-27 00:00:00.000,2023,"Nov",11,"Mon",1,"Q-4","No"
2023-11-28 00:00:00.000,2023,"Nov",11,"Tue",2,"Q-4","No"
2023-11-29 00:00:00.000,2023,"Nov",11,"Wed",3,"Q-4","No"
2023-11-30 00:00:00.000,2023,"Nov",11,"Thu",4,"Q-4","No"
2023-12-01 00:00:00.000,2023,"Dec",12,"Fri",5,"Q-4","De"
2023-12-02 00:00:00.000,2023,"Dec",12,"Sat",6,"Q-4","De"
2023-12-03 00:00:00.000,2023,"Dec",12,"Sun",7,"Q-4","De"
2023-12-04 00:00:00.000,2023,"Dec",12,"Mon",1,"Q-4","De"
2023-12-05 00:00:00.000,2023,"Dec",12,"Tue",2,"Q-4","De"
2023-12-06 00:00:00.000,2023,"Dec",12,"Wed",3,"Q-4","De"
2023-12-07 00:00:00.000,2023,"Dec",12,"Thu",4,"Q-4","De"
2023-12-08 00:00:00.000,2023,"Dec",12,"Fri",5,"Q-4","De"
2023-12-09 00:00:00.000,2023,"Dec",12,"Sat",6,"Q-4","De"
2023-12-10 00:00:00.000,2023,"Dec",12,"Sun",7,"Q-4","De"
2023-12-11 00:00:00.000,2023,"Dec",12,"Mon",1,"Q-4","De"
2023-12-12 00:00:00.000,2023,"Dec",12,"Tue",2,"Q-4","De"
2023-12-13 00:00:00.000,2023,"Dec",12,"Wed",3,"Q-4","De"
2023-12-14 00:00:00.000,2023,"Dec",12,"Thu",4,"Q-4","De"
2023-12-15 00:00:00.000,2023,"Dec",12,"Fri",5,"Q-4","De"
2023-12-16 00:00:00.000,2023,"Dec",12,"Sat",6,"Q-4","De"
2023-12-17 00:00:00.000,2023,"Dec",12,"Sun",7,"Q-4","De"
2023-12-18 00:00:00.000,2023,"Dec",12,"Mon",1,"Q-4","De"
2023-12-19 00:00:00.000,2023,"Dec",12,"Tue",2,"Q-4","De"
2023-12-20 00:00:00.000,2023,"Dec",12,"Wed",3,"Q-4","De"
2023-12-21 00:00:00.000,2023,"Dec",12,"Thu",4,"Q-4","De"
2023-12-22 00:00:00.000,2023,"Dec",12,"Fri",5,"Q-4","De"
2023-12-23 00:00:00.000,2023,"Dec",12,"Sat",6,"Q-4","De"
2023-12-24 00:00:00.000,2023,"Dec",12,"Sun",7,"Q-4","De"
2023-12-25 00:00:00.000,2023,"Dec",12,"Mon",1,"Q-4","De"
2023-12-26 00:00:00.000,2023,"Dec",12,"Tue",2,"Q-4","De"
2023-12-27 00:00:00.000,2023,"Dec",12,"Wed",3,"Q-4","De"
2023-12-28 00:00:00.000,2023,"Dec",12,"Thu",4,"Q-4","De"
2023-12-29 00:00:00.000,2023,"Dec",12,"Fri",5,"Q-4","De"
2023-12-30 00:00:00.000,2023,"Dec",12,"Sat",6,"Q-4","De"
2023-12-31 00:00:00.000,2023,"Dec",12,"Sun",7,"Q-4","De"
2024-01-01 00:00:00.000,2024,"Jan",1,"Mon",1,"Q-1","Ja"
2024-01-02 00:00:00.000,2024,"Jan",1,"Tue",2,"Q-1","Ja"
2024-01-03 00:00:00.000,2024,"Jan",1,"Wed",3,"Q-1","Ja"
2024-01-04 00:00:00.000,2024,"Jan",1,"Thu",4,"Q-1","Ja"
2024-01-05 00:00:00.000,2024,"Jan",1,"Fri",5,"Q-1","Ja"
2024-01-06 00:00:00.000,2024,"Jan",1,"Sat",6,"Q-1","Ja"
2024-01-07 00:00:00.000,2024,"Jan",1,"Sun",7,"Q-1","Ja"
2024-01-08 00:00:00.000,2024,"Jan",1,"Mon",1,"Q-1","Ja"
2024-01-09 00:00:00.000,2024,"Jan",1,"Tue",2,"Q-1","Ja"
2024-01-10 00:00:00.000,2024,"Jan",1,"Wed",3,"Q-1","Ja"
2024-01-11 00:00:00.000,2024,"Jan",1,"Thu",4,"Q-1","Ja"
2024-01-12 00:00:00.000,2024,"Jan",1,"Fri",5,"Q-1","Ja"
2024-01-13 00:00:00.000,2024,"Jan",1,"Sat",6,"Q-1","Ja"
2024-01-14 00:00:00.000,2024,"Jan",1,"Sun",7,"Q-1","Ja"
2024-01-15 00:00:00.000,2024,"Jan",1,"Mon",1,"Q-1","Ja"
2024-01-16 00:00:00.000,2024,"Jan",1,"Tue",2,"Q-1","Ja"
2024-01-17 00:00:00.000,2024,"Jan",1,"Wed",3,"Q-1","Ja"
2024-01-18 00:00:00.000,2024,"Jan",1,"Thu",4,"Q-1","Ja"
2024-01-19 00:00:00.000,2024,"Jan",1,"Fri",5,"Q-1","Ja"
2024-01-20 00:00:00.000,2024,"Jan",1,"Sat",6,"Q-1","Ja"
2024-01-21 00:00:00.000,2024,"Jan",1,"Sun",7,"Q-1","Ja"
2024-01-22 00:00:00.000,2024,"Jan",1,"Mon",1,"Q-1","Ja"
2024-01-23 00:00:00.000,2024,"Jan",1,"Tue",2,"Q-1","Ja"
2024-01-24 00:00:00.000,2024,"Jan",1,"Wed",3,"Q-1","Ja"
2024-01-25 00:00:00.000,2024,"Jan",1,"Thu",4,"Q-1","Ja"
2024-01-26 00:00:00.000,2024,"Jan",1,"Fri",5,"Q-1","Ja"
2024-01-27 00:00:00.000,2024,"Jan",1,"Sat",6,"Q-1","Ja"
2024-01-28 00:00:00.000,2024,"Jan",1,"Sun",7,"Q-1","Ja"
2024-01-29 00:00:00.000,2024,"Jan",1,"Mon",1,"Q-1","Ja"
2024-01-30 00:00:00.000,2024,"Jan",1,"Tue",2,"Q-1","Ja"
2024-01-31 00:00:00.000,2024,"Jan",1,"Wed",3,"Q-1","Ja"
2024-02-01 00:00:00.000,2024,"Feb",2,"Thu",4,"Q-1","Fe"
2024-02-02 00:00:00.000,2024,"Feb",2,"Fri",5,"Q-1","Fe"
2024-02-03 00:00:00.000,2024,"Feb",2,"Sat",6,"Q-1","Fe"
2024-02-04 00:00:00.000,2024,"Feb",2,"Sun",7,"Q-1","Fe"
2024-02-05 00:00:00.000,2024,"Feb",2,"Mon",1,"Q-1","Fe"
2024-02-06 00:00:00.000,2024,"Feb",2,"Tue",2,"Q-1","Fe"
2024-02-07 00:00:00.000,2024,"Feb",2,"Wed",3,"Q-1","Fe"
2024-02-08 00:00:00.000,2024,"Feb",2,"Thu",4,"Q-1","Fe"
2024-02-09 00:00:00.000,2024,"Feb",2,"Fri",5,"Q-1","Fe"
2024-02-10 00:00:00.000,2024,"Feb",2,"Sat",6,"Q-1","Fe"
2024-02-11 00:00:00.000,2024,"Feb",2,"Sun",7,"Q-1","Fe"
2024-02-12 00:00:00.000,2024,"Feb",2,"Mon",1,"Q-1","Fe"
2024-02-13 00:00:00.000,2024,"Feb",2,"Tue",2,"Q-1","Fe"
2024-02-14 00:00:00.000,2024,"Feb",2,"Wed",3,"Q-1","Fe"
2024-02-15 00:00:00.000,2024,"Feb",2,"Thu",4,"Q-1","Fe"
2024-02-16 00:00:00.000,2024,"Feb",2,"Fri",5,"Q-1","Fe"
2024-02-17 00:00:00.000,2024,"Feb",2,"Sat",6,"Q-1","Fe"
2024-02-18 00:00:00.000,2024,"Feb",2,"Sun",7,"Q-1","Fe"
2024-02-19 00:00:00.000,2024,"Feb",2,"Mon",1,"Q-1","Fe"
2024-02-20 00:00:00.000,2024,"Feb",2,"Tue",2,"Q-1","Fe"
2024-02-21 00:00:00.000,2024,"Feb",2,"Wed",3,"Q-1","Fe"
2024-02-22 00:00:00.000,2024,"Feb",2,"Thu",4,"Q-1","Fe"
2024-02-23 00:00:00.000,2024,"Feb",2,"Fri",5,"Q-1","Fe"
2024-02-24 00:00:00.000,2024,"Feb",2,"Sat",6,"Q-1","Fe"
2024-02-25 00:00:00.000,2024,"Feb",2,"Sun",7,"Q-1","Fe"
2024-02-26 00:00:00.000,2024,"Feb",2,"Mon",1,"Q-1","Fe"
2024-02-27 00:00:00.000,2024,"Feb",2,"Tue",2,"Q-1","Fe"
2024-02-28 00:00:00.000,2024,"Feb",2,"Wed",3,"Q-1","Fe"
2024-02-29 00:00:00.000,2024,"Feb",2,"Thu",4,"Q-1","Fe"
2024-03-01 00:00:00.000,2024,"Mar",3,"Fri",5,"Q-1","Ma"
2024-03-02 00:00:00.000,2024,"Mar",3,"Sat",6,"Q-1","Ma"
2024-03-03 00:00:00.000,2024,"Mar",3,"Sun",7,"Q-1","Ma"
2024-03-04 00:00:00.000,2024,"Mar",3,"Mon",1,"Q-1","Ma"
2024-03-05 00:00:00.000,2024,"Mar",3,"Tue",2,"Q-1","Ma"
2024-03-06 00:00:00.000,2024,"Mar",3,"Wed",3,"Q-1","Ma"
2024-03-07 00:00:00.000,2024,"Mar",3,"Thu",4,"Q-1","Ma"
2024-03-08 00:00:00.000,2024,"Mar",3,"Fri",5,"Q-1","Ma"
2024-03-09 00:00:00.000,2024,"Mar",3,"Sat",6,"Q-1","Ma"
2024-03-10 00:00:00.000,2024,"Mar",3,"Sun",7,"Q-1","Ma"
2024-03-11 00:00:00.000,2024,"Mar",3,"Mon",1,"Q-1","Ma"
2024-03-12 00:00:00.000,2024,"Mar",3,"Tue",2,"Q-1","Ma"
2024-03-13 00:00:00.000,2024,"Mar",3,"Wed",3,"Q-1","Ma"
2024-03-14 00:00:00.000,2024,"Mar",3,"Thu",4,"Q-1","Ma"
2024-03-15 00:00:00.000,2024,"Mar",3,"Fri",5,"Q-1","Ma"
2024-03-16 00:00:00.000,2024,"Mar",3,"Sat",6,"Q-1","Ma"
2024-03-17 00:00:00.000,2024,"Mar",3,"Sun",7,"Q-1","Ma"
2024-03-18 00:00:00.000,2024,"Mar",3,"Mon",1,"Q-1","Ma"
2024-03-19 00:00:00.000,2024,"Mar",3,"Tue",2,"Q-1","Ma"
2024-03-20 00:00:00.000,2024,"Mar",3,"Wed",3,"Q-1","Ma"
2024-03-21 00:00:00.000,2024,"Mar",3,"Thu",4,"Q-1","Ma"
2024-03-22 00:00:00.000,2024,"Mar",3,"Fri",5,"Q-1","Ma"
2024-03-23 00:00:00.000,2024,"Mar",3,"Sat",6,"Q-1","Ma"
2024-03-24 00:00:00.000,2024,"Mar",3,"Sun",7,"Q-1","Ma"
2024-03-25 00:00:00.000,2024,"Mar",3,"Mon",1,"Q-1","Ma"
2024-03-26 00:00:00.000,2024,"Mar",3,"Tue",2,"Q-1","Ma"
2024-03-27 00:00:00.000,2024,"Mar",3,"Wed",3,"Q-1","Ma"
2024-03-28 00:00:00.000,2024,"Mar",3,"Thu",4,"Q-1","Ma"
2024-03-29 00:00:00.000,2024,"Mar",3,"Fri",5,"Q-1","Ma"
2024-03-30 00:00:00.000,2024,"Mar",3,"Sat",6,"Q-1","Ma"
2024-03-31 00:00:00.000,2024,"Mar",3,"Sun",7,"Q-1","Ma"
2024-04-01 00:00:00.000,2024,"Apr",4,"Mon",1,"Q-2","Ap"
2024-04-02 00:00:00.000,2024,"Apr",4,"Tue",2,"Q-2","Ap"
2024-04-03 00:00:00.000,2024,"Apr",4,"Wed",3,"Q-2","Ap"
2024-04-04 00:00:00.000,2024,"Apr",4,"Thu",4,"Q-2","Ap"
2024-04-05 00:00:00.000,2024,"Apr",4,"Fri",5,"Q-2","Ap"
2024-04-06 00:00:00.000,2024,"Apr",4,"Sat",6,"Q-2","Ap"
2024-04-07 00:00:00.000,2024,"Apr",4,"Sun",7,"Q-2","Ap"
2024-04-08 00:00:00.000,2024,"Apr",4,"Mon",1,"Q-2","Ap"
2024-04-09 00:00:00.000,2024,"Apr",4,"Tue",2,"Q-2","Ap"
2024-04-10 00:00:00.000,2024,"Apr",4,"Wed",3,"Q-2","Ap"
2024-04-11 00:00:00.000,2024,"Apr",4,"Thu",4,"Q-2","Ap"
2024-04-12 00:00:00.000,2024,"Apr",4,"Fri",5,"Q-2","Ap"
2024-04-13 00:00:00.000,2024,"Apr",4,"Sat",6,"Q-2","Ap"
2024-04-14 00:00:00.000,2024,"Apr",4,"Sun",7,"Q-2","Ap"
2024-04-15 00:00:00.000,2024,"Apr",4,"Mon",1,"Q-2","Ap"
2024-04-16 00:00:00.000,2024,"Apr",4,"Tue",2,"Q-2","Ap"
2024-04-17 00:00:00.000,2024,"Apr",4,"Wed",3,"Q-2","Ap"
2024-04-18 00:00:00.000,2024,"Apr",4,"Thu",4,"Q-2","Ap"
2024-04-19 00:00:00.000,2024,"Apr",4,"Fri",5,"Q-2","Ap"
2024-04-20 00:00:00.000,2024,"Apr",4,"Sat",6,"Q-2","Ap"
2024-04-21 00:00:00.000,2024,"Apr",4,"Sun",7,"Q-2","Ap"
2024-04-22 00:00:00.000,2024,"Apr",4,"Mon",1,"Q-2","Ap"
2024-04-23 00:00:00.000,2024,"Apr",4,"Tue",2,"Q-2","Ap"
2024-04-24 00:00:00.000,2024,"Apr",4,"Wed",3,"Q-2","Ap"
2024-04-25 00:00:00.000,2024,"Apr",4,"Thu",4,"Q-2","Ap"
2024-04-26 00:00:00.000,2024,"Apr",4,"Fri",5,"Q-2","Ap"
2024-04-27 00:00:00.000,2024,"Apr",4,"Sat",6,"Q-2","Ap"
2024-04-28 00:00:00.000,2024,"Apr",4,"Sun",7,"Q-2","Ap"
2024-04-29 00:00:00.000,2024,"Apr",4,"Mon",1,"Q-2","Ap"
2024-04-30 00:00:00.000,2024,"Apr",4,"Tue",2,"Q-2","Ap"
2024-05-01 00:00:00.000,2024,"May",5,"Wed",3,"Q-2","Ma"
2024-05-02 00:00:00.000,2024,"May",5,"Thu",4,"Q-2","Ma"
2024-05-03 00:00:00.000,2024,"May",5,"Fri",5,"Q-2","Ma"
2024-05-04 00:00:00.000,2024,"May",5,"Sat",6,"Q-2","Ma"
2024-05-05 00:00:00.000,2024,"May",5,"Sun",7,"Q-2","Ma"
2024-05-06 00:00:00.000,2024,"May",5,"Mon",1,"Q-2","Ma"
2024-05-07 00:00:00.000,2024,"May",5,"Tue",2,"Q-2","Ma"
2024-05-08 00:00:00.000,2024,"May",5,"Wed",3,"Q-2","Ma"
2024-05-09 00:00:00.000,2024,"May",5,"Thu",4,"Q-2","Ma"
2024-05-10 00:00:00.000,2024,"May",5,"Fri",5,"Q-2","Ma"
2024-05-11 00:00:00.000,2024,"May",5,"Sat",6,"Q-2","Ma"
2024-05-12 00:00:00.000,2024,"May",5,"Sun",7,"Q-2","Ma"
2024-05-13 00:00:00.000,2024,"May",5,"Mon",1,"Q-2","Ma"
2024-05-14 00:00:00.000,2024,"May",5,"Tue",2,"Q-2","Ma"
2024-05-15 00:00:00.000,2024,"May",5,"Wed",3,"Q-2","Ma"
2024-05-16 00:00:00.000,2024,"May",5,"Thu",4,"Q-2","Ma"
2024-05-17 00:00:00.000,2024,"May",5,"Fri",5,"Q-2","Ma"
2024-05-18 00:00:00.000,2024,"May",5,"Sat",6,"Q-2","Ma"
2024-05-19 00:00:00.000,2024,"May",5,"Sun",7,"Q-2","Ma"
2024-05-20 00:00:00.000,2024,"May",5,"Mon",1,"Q-2","Ma"
2024-05-21 00:00:00.000,2024,"May",5,"Tue",2,"Q-2","Ma"
2024-05-22 00:00:00.000,2024,"May",5,"Wed",3,"Q-2","Ma"
2024-05-23 00:00:00.000,2024,"May",5,"Thu",4,"Q-2","Ma"
2024-05-24 00:00:00.000,2024,"May",5,"Fri",5,"Q-2","Ma"
2024-05-25 00:00:00.000,2024,"May",5,"Sat",6,"Q-2","Ma"
2024-05-26 00:00:00.000,2024,"May",5,"Sun",7,"Q-2","Ma"
2024-05-27 00:00:00.000,2024,"May",5,"Mon",1,"Q-2","Ma"
2024-05-28 00:00:00.000,2024,"May",5,"Tue",2,"Q-2","Ma"
2024-05-29 00:00:00.000,2024,"May",5,"Wed",3,"Q-2","Ma"
2024-05-30 00:00:00.000,2024,"May",5,"Thu",4,"Q-2","Ma"
2024-05-31 00:00:00.000,2024,"May",5,"Fri",5,"Q-2","Ma"
2024-06-01 00:00:00.000,2024,"Jun",6,"Sat",6,"Q-2","Ju"
2024-06-02 00:00:00.000,2024,"Jun",6,"Sun",7,"Q-2","Ju"
2024-06-03 00:00:00.000,2024,"Jun",6,"Mon",1,"Q-2","Ju"
2024-06-04 00:00:00.000,2024,"Jun",6,"Tue",2,"Q-2","Ju"
2024-06-05 00:00:00.000,2024,"Jun",6,"Wed",3,"Q-2","Ju"
2024-06-06 00:00:00.000,2024,"Jun",6,"Thu",4,"Q-2","Ju"
2024-06-07 00:00:00.000,2024,"Jun",6,"Fri",5,"Q-2","Ju"
2024-06-08 00:00:00.000,2024,"Jun",6,"Sat",6,"Q-2","Ju"
2024-06-09 00:00:00.000,2024,"Jun",6,"Sun",7,"Q-2","Ju"
2024-06-10 00:00:00.000,2024,"Jun",6,"Mon",1,"Q-2","Ju"
2024-06-11 00:00:00.000,2024,"Jun",6,"Tue",2,"Q-2","Ju"
2024-06-12 00:00:00.000,2024,"Jun",6,"Wed",3,"Q-2","Ju"
2024-06-13 00:00:00.000,2024,"Jun",6,"Thu",4,"Q-2","Ju"
2024-06-14 00:00:00.000,2024,"Jun",6,"Fri",5,"Q-2","Ju"
2024-06-15 00:00:00.000,2024,"Jun",6,"Sat",6,"Q-2","Ju"
2024-06-16 00:00:00.000,2024,"Jun",6,"Sun",7,"Q-2","Ju"
2024-06-17 00:00:00.000,2024,"Jun",6,"Mon",1,"Q-2","Ju"
2024-06-18 00:00:00.000,2024,"Jun",6,"Tue",2,"Q-2","Ju"
2024-06-19 00:00:00.000,2024,"Jun",6,"Wed",3,"Q-2","Ju"
2024-06-20 00:00:00.000,2024,"Jun",6,"Thu",4,"Q-2","Ju"
2024-06-21 00:00:00.000,2024,"Jun",6,"Fri",5,"Q-2","Ju"
2024-06-22 00:00:00.000,2024,"Jun",6,"Sat",6,"Q-2","Ju"
2024-06-23 00:00:00.000,2024,"Jun",6,"Sun",7,"Q-2","Ju"
2024-06-24 00:00:00.000,2024,"Jun",6,"Mon",1,"Q-2","Ju"
2024-06-25 00:00:00.000,2024,"Jun",6,"Tue",2,"Q-2","Ju"
2024-06-26 00:00:00.000,2024,"Jun",6,"Wed",3,"Q-2","Ju"
2024-06-27 00:00:00.000,2024,"Jun",6,"Thu",4,"Q-2","Ju"
2024-06-28 00:00:00.000,2024,"Jun",6,"Fri",5,"Q-2","Ju"
2024-06-29 00:00:00.000,2024,"Jun",6,"Sat",6,"Q-2","Ju"
2024-06-30 00:00:00.000,2024,"Jun",6,"Sun",7,"Q-2","Ju"
2024-07-01 00:00:00.000,2024,"Jul",7,"Mon",1,"Q-3","Ju"
2024-07-02 00:00:00.000,2024,"Jul",7,"Tue",2,"Q-3","Ju"
2024-07-03 00:00:00.000,2024,"Jul",7,"Wed",3,"Q-3","Ju"
2024-07-04 00:00:00.000,2024,"Jul",7,"Thu",4,"Q-3","Ju"
2024-07-05 00:00:00.000,2024,"Jul",7,"Fri",5,"Q-3","Ju"
2024-07-06 00:00:00.000,2024,"Jul",7,"Sat",6,"Q-3","Ju"
2024-07-07 00:00:00.000,2024,"Jul",7,"Sun",7,"Q-3","Ju"
2024-07-08 00:00:00.000,2024,"Jul",7,"Mon",1,"Q-3","Ju"
2024-07-09 00:00:00.000,2024,"Jul",7,"Tue",2,"Q-3","Ju"
2024-07-10 00:00:00.000,2024,"Jul",7,"Wed",3,"Q-3","Ju"
2024-07-11 00:00:00.000,2024,"Jul",7,"Thu",4,"Q-3","Ju"
2024-07-12 00:00:00.000,2024,"Jul",7,"Fri",5,"Q-3","Ju"
2024-07-13 00:00:00.000,2024,"Jul",7,"Sat",6,"Q-3","Ju"
2024-07-14 00:00:00.000,2024,"Jul",7,"Sun",7,"Q-3","Ju"
2024-07-15 00:00:00.000,2024,"Jul",7,"Mon",1,"Q-3","Ju"
2024-07-16 00:00:00.000,2024,"Jul",7,"Tue",2,"Q-3","Ju"
2024-07-17 00:00:00.000,2024,"Jul",7,"Wed",3,"Q-3","Ju"
2024-07-18 00:00:00.000,2024,"Jul",7,"Thu",4,"Q-3","Ju"
2024-07-19 00:00:00.000,2024,"Jul",7,"Fri",5,"Q-3","Ju"
2024-07-20 00:00:00.000,2024,"Jul",7,"Sat",6,"Q-3","Ju"
2024-07-21 00:00:00.000,2024,"Jul",7,"Sun",7,"Q-3","Ju"
2024-07-22 00:00:00.000,2024,"Jul",7,"Mon",1,"Q-3","Ju"
2024-07-23 00:00:00.000,2024,"Jul",7,"Tue",2,"Q-3","Ju"
2024-07-24 00:00:00.000,2024,"Jul",7,"Wed",3,"Q-3","Ju"
2024-07-25 00:00:00.000,2024,"Jul",7,"Thu",4,"Q-3","Ju"
2024-07-26 00:00:00.000,2024,"Jul",7,"Fri",5,"Q-3","Ju"
2024-07-27 00:00:00.000,2024,"Jul",7,"Sat",6,"Q-3","Ju"
2024-07-28 00:00:00.000,2024,"Jul",7,"Sun",7,"Q-3","Ju"
2024-07-29 00:00:00.000,2024,"Jul",7,"Mon",1,"Q-3","Ju"
2024-07-30 00:00:00.000,2024,"Jul",7,"Tue",2,"Q-3","Ju"
2024-07-31 00:00:00.000,2024,"Jul",7,"Wed",3,"Q-3","Ju"
2024-08-01 00:00:00.000,2024,"Aug",8,"Thu",4,"Q-3","Au"
2024-08-02 00:00:00.000,2024,"Aug",8,"Fri",5,"Q-3","Au"
2024-08-03 00:00:00.000,2024,"Aug",8,"Sat",6,"Q-3","Au"
2024-08-04 00:00:00.000,2024,"Aug",8,"Sun",7,"Q-3","Au"
2024-08-05 00:00:00.000,2024,"Aug",8,"Mon",1,"Q-3","Au"
2024-08-06 00:00:00.000,2024,"Aug",8,"Tue",2,"Q-3","Au"
2024-08-07 00:00:00.000,2024,"Aug",8,"Wed",3,"Q-3","Au"
2024-08-08 00:00:00.000,2024,"Aug",8,"Thu",4,"Q-3","Au"
2024-08-09 00:00:00.000,2024,"Aug",8,"Fri",5,"Q-3","Au"
2024-08-10 00:00:00.000,2024,"Aug",8,"Sat",6,"Q-3","Au"
2024-08-11 00:00:00.000,2024,"Aug",8,"Sun",7,"Q-3","Au"
2024-08-12 00:00:00.000,2024,"Aug",8,"Mon",1,"Q-3","Au"
2024-08-13 00:00:00.000,2024,"Aug",8,"Tue",2,"Q-3","Au"
2024-08-14 00:00:00.000,2024,"Aug",8,"Wed",3,"Q-3","Au"
2024-08-15 00:00:00.000,2024,"Aug",8,"Thu",4,"Q-3","Au"
2024-08-16 00:00:00.000,2024,"Aug",8,"Fri",5,"Q-3","Au"
2024-08-17 00:00:00.000,2024,"Aug",8,"Sat",6,"Q-3","Au"
2024-08-18 00:00:00.000,2024,"Aug",8,"Sun",7,"Q-3","Au"
2024-08-19 00:00:00.000,2024,"Aug",8,"Mon",1,"Q-3","Au"
2024-08-20 00:00:00.000,2024,"Aug",8,"Tue",2,"Q-3","Au"
2024-08-21 00:00:00.000,2024,"Aug",8,"Wed",3,"Q-3","Au"
2024-08-22 00:00:00.000,2024,"Aug",8,"Thu",4,"Q-3","Au"
2024-08-23 00:00:00.000,2024,"Aug",8,"Fri",5,"Q-3","Au"
2024-08-24 00:00:00.000,2024,"Aug",8,"Sat",6,"Q-3","Au"
2024-08-25 00:00:00.000,2024,"Aug",8,"Sun",7,"Q-3","Au"
2024-08-26 00:00:00.000,2024,"Aug",8,"Mon",1,"Q-3","Au"
2024-08-27 00:00:00.000,2024,"Aug",8,"Tue",2,"Q-3","Au"
2024-08-28 00:00:00.000,2024,"Aug",8,"Wed",3,"Q-3","Au"
2024-08-29 00:00:00.000,2024,"Aug",8,"Thu",4,"Q-3","Au"
2024-08-30 00:00:00.000,2024,"Aug",8,"Fri",5,"Q-3","Au"
2024-08-31 00:00:00.000,2024,"Aug",8,"Sat",6,"Q-3","Au"
2024-09-01 00:00:00.000,2024,"Sep",9,"Sun",7,"Q-3","Se"
2024-09-02 00:00:00.000,2024,"Sep",9,"Mon",1,"Q-3","Se"
2024-09-03 00:00:00.000,2024,"Sep",9,"Tue",2,"Q-3","Se"
2024-09-04 00:00:00.000,2024,"Sep",9,"Wed",3,"Q-3","Se"
2024-09-05 00:00:00.000,2024,"Sep",9,"Thu",4,"Q-3","Se"
2024-09-06 00:00:00.000,2024,"Sep",9,"Fri",5,"Q-3","Se"
2024-09-07 00:00:00.000,2024,"Sep",9,"Sat",6,"Q-3","Se"
2024-09-08 00:00:00.000,2024,"Sep",9,"Sun",7,"Q-3","Se"
2024-09-09 00:00:00.000,2024,"Sep",9,"Mon",1,"Q-3","Se"
2024-09-10 00:00:00.000,2024,"Sep",9,"Tue",2,"Q-3","Se"
2024-09-11 00:00:00.000,2024,"Sep",9,"Wed",3,"Q-3","Se"
2024-09-12 00:00:00.000,2024,"Sep",9,"Thu",4,"Q-3","Se"
2024-09-13 00:00:00.000,2024,"Sep",9,"Fri",5,"Q-3","Se"
2024-09-14 00:00:00.000,2024,"Sep",9,"Sat",6,"Q-3","Se"
2024-09-15 00:00:00.000,2024,"Sep",9,"Sun",7,"Q-3","Se"
2024-09-16 00:00:00.000,2024,"Sep",9,"Mon",1,"Q-3","Se"
2024-09-17 00:00:00.000,2024,"Sep",9,"Tue",2,"Q-3","Se"
2024-09-18 00:00:00.000,2024,"Sep",9,"Wed",3,"Q-3","Se"
2024-09-19 00:00:00.000,2024,"Sep",9,"Thu",4,"Q-3","Se"
2024-09-20 00:00:00.000,2024,"Sep",9,"Fri",5,"Q-3","Se"
2024-09-21 00:00:00.000,2024,"Sep",9,"Sat",6,"Q-3","Se"
2024-09-22 00:00:00.000,2024,"Sep",9,"Sun",7,"Q-3","Se"
2024-09-23 00:00:00.000,2024,"Sep",9,"Mon",1,"Q-3","Se"
2024-09-24 00:00:00.000,2024,"Sep",9,"Tue",2,"Q-3","Se"
2024-09-25 00:00:00.000,2024,"Sep",9,"Wed",3,"Q-3","Se"
2024-09-26 00:00:00.000,2024,"Sep",9,"Thu",4,"Q-3","Se"
2024-09-27 00:00:00.000,2024,"Sep",9,"Fri",5,"Q-3","Se"
2024-09-28 00:00:00.000,2024,"Sep",9,"Sat",6,"Q-3","Se"
2024-09-29 00:00:00.000,2024,"Sep",9,"Sun",7,"Q-3","Se"
2024-09-30 00:00:00.000,2024,"Sep",9,"Mon",1,"Q-3","Se"
2024-10-01 00:00:00.000,2024,"Oct",10,"Tue",2,"Q-4","Oc"
2024-10-02 00:00:00.000,2024,"Oct",10,"Wed",3,"Q-4","Oc"
2024-10-03 00:00:00.000,2024,"Oct",10,"Thu",4,"Q-4","Oc"
2024-10-04 00:00:00.000,2024,"Oct",10,"Fri",5,"Q-4","Oc"
2024-10-05 00:00:00.000,2024,"Oct",10,"Sat",6,"Q-4","Oc"
2024-10-06 00:00:00.000,2024,"Oct",10,"Sun",7,"Q-4","Oc"
2024-10-07 00:00:00.000,2024,"Oct",10,"Mon",1,"Q-4","Oc"
2024-10-08 00:00:00.000,2024,"Oct",10,"Tue",2,"Q-4","Oc"
2024-10-09 00:00:00.000,2024,"Oct",10,"Wed",3,"Q-4","Oc"
2024-10-10 00:00:00.000,2024,"Oct",10,"Thu",4,"Q-4","Oc"
2024-10-11 00:00:00.000,2024,"Oct",10,"Fri",5,"Q-4","Oc"
2024-10-12 00:00:00.000,2024,"Oct",10,"Sat",6,"Q-4","Oc"
2024-10-13 00:00:00.000,2024,"Oct",10,"Sun",7,"Q-4","Oc"
2024-10-14 00:00:00.000,2024,"Oct",10,"Mon",1,"Q-4","Oc"
2024-10-15 00:00:00.000,2024,"Oct",10,"Tue",2,"Q-4","Oc"
2024-10-16 00:00:00.000,2024,"Oct",10,"Wed",3,"Q-4","Oc"
2024-10-17 00:00:00.000,2024,"Oct",10,"Thu",4,"Q-4","Oc"
2024-10-18 00:00:00.000,2024,"Oct",10,"Fri",5,"Q-4","Oc"
2024-10-19 00:00:00.000,2024,"Oct",10,"Sat",6,"Q-4","Oc"
2024-10-20 00:00:00.000,2024,"Oct",10,"Sun",7,"Q-4","Oc"
2024-10-21 00:00:00.000,2024,"Oct",10,"Mon",1,"Q-4","Oc"
2024-10-22 00:00:00.000,2024,"Oct",10,"Tue",2,"Q-4","Oc"
2024-10-23 00:00:00.000,2024,"Oct",10,"Wed",3,"Q-4","Oc"
2024-10-24 00:00:00.000,2024,"Oct",10,"Thu",4,"Q-4","Oc"
2024-10-25 00:00:00.000,2024,"Oct",10,"Fri",5,"Q-4","Oc"
2024-10-26 00:00:00.000,2024,"Oct",10,"Sat",6,"Q-4","Oc"
2024-10-27 00:00:00.000,2024,"Oct",10,"Sun",7,"Q-4","Oc"
2024-10-28 00:00:00.000,2024,"Oct",10,"Mon",1,"Q-4","Oc"
2024-10-29 00:00:00.000,2024,"Oct",10,"Tue",2,"Q-4","Oc"
2024-10-30 00:00:00.000,2024,"Oct",10,"Wed",3,"Q-4","Oc"
2024-10-31 00:00:00.000,2024,"Oct",10,"Thu",4,"Q-4","Oc"
2024-11-01 00:00:00.000,2024,"Nov",11,"Fri",5,"Q-4","No"
2024-11-02 00:00:00.000,2024,"Nov",11,"Sat",6,"Q-4","No"
2024-11-03 00:00:00.000,2024,"Nov",11,"Sun",7,"Q-4","No"
2024-11-04 00:00:00.000,2024,"Nov",11,"Mon",1,"Q-4","No"
2024-11-05 00:00:00.000,2024,"Nov",11,"Tue",2,"Q-4","No"
2024-11-06 00:00:00.000,2024,"Nov",11,"Wed",3,"Q-4","No"
2024-11-07 00:00:00.000,2024,"Nov",11,"Thu",4,"Q-4","No"
2024-11-08 00:00:00.000,2024,"Nov",11,"Fri",5,"Q-4","No"
2024-11-09 00:00:00.000,2024,"Nov",11,"Sat",6,"Q-4","No"
2024-11-10 00:00:00.000,2024,"Nov",11,"Sun",7,"Q-4","No"
2024-11-11 00:00:00.000,2024,"Nov",11,"Mon",1,"Q-4","No"
2024-11-12 00:00:00.000,2024,"Nov",11,"Tue",2,"Q-4","No"
2024-11-13 00:00:00.000,2024,"Nov",11,"Wed",3,"Q-4","No"
2024-11-14 00:00:00.000,2024,"Nov",11,"Thu",4,"Q-4","No"
2024-11-15 00:00:00.000,2024,"Nov",11,"Fri",5,"Q-4","No"
2024-11-16 00:00:00.000,2024,"Nov",11,"Sat",6,"Q-4","No"
2024-11-17 00:00:00.000,2024,"Nov",11,"Sun",7,"Q-4","No"
2024-11-18 00:00:00.000,2024,"Nov",11,"Mon",1,"Q-4","No"
2024-11-19 00:00:00.000,2024,"Nov",11,"Tue",2,"Q-4","No"
2024-11-20 00:00:00.000,2024,"Nov",11,"Wed",3,"Q-4","No"
2024-11-21 00:00:00.000,2024,"Nov",11,"Thu",4,"Q-4","No"
2024-11-22 00:00:00.000,2024,"Nov",11,"Fri",5,"Q-4","No"
2024-11-23 00:00:00.000,2024,"Nov",11,"Sat",6,"Q-4","No"
2024-11-24 00:00:00.000,2024,"Nov",11,"Sun",7,"Q-4","No"
2024-11-25 00:00:00.000,2024,"Nov",11,"Mon",1,"Q-4","No"
2024-11-26 00:00:00.000,2024,"Nov",11,"Tue",2,"Q-4","No"
2024-11-27 00:00:00.000,2024,"Nov",11,"Wed",3,"Q-4","No"
2024-11-28 00:00:00.000,2024,"Nov",11,"Thu",4,"Q-4","No"
2024-11-29 00:00:00.000,2024,"Nov",11,"Fri",5,"Q-4","No"
2024-11-30 00:00:00.000,2024,"Nov",11,"Sat",6,"Q-4","No"
2024-12-01 00:00:00.000,2024,"Dec",12,"Sun",7,"Q-4","De"
2024-12-02 00:00:00.000,2024,"Dec",12,"Mon",1,"Q-4","De"
2024-12-03 00:00:00.000,2024,"Dec",12,"Tue",2,"Q-4","De"
2024-12-04 00:00:00.000,2024,"Dec",12,"Wed",3,"Q-4","De"
2024-12-05 00:00:00.000,2024,"Dec",12,"Thu",4,"Q-4","De"
2024-12-06 00:00:00.000,2024,"Dec",12,"Fri",5,"Q-4","De"
2024-12-07 00:00:00.000,2024,"Dec",12,"Sat",6,"Q-4","De"
2024-12-08 00:00:00.000,2024,"Dec",12,"Sun",7,"Q-4","De"
2024-12-09 00:00:00.000,2024,"Dec",12,"Mon",1,"Q-4","De"
2024-12-10 00:00:00.000,2024,"Dec",12,"Tue",2,"Q-4","De"
2024-12-11 00:00:00.000,2024,"Dec",12,"Wed",3,"Q-4","De"
2024-12-12 00:00:00.000,2024,"Dec",12,"Thu",4,"Q-4","De"
2024-12-13 00:00:00.000,2024,"Dec",12,"Fri",5,"Q-4","De"
2024-12-14 00:00:00.000,2024,"Dec",12,"Sat",6,"Q-4","De"
2024-12-15 00:00:00.000,2024,"Dec",12,"Sun",7,"Q-4","De"
2024-12-16 00:00:00.000,2024,"Dec",12,"Mon",1,"Q-4","De"
2024-12-17 00:00:00.000,2024,"Dec",12,"Tue",2,"Q-4","De"
2024-12-18 00:00:00.000,2024,"Dec",12,"Wed",3,"Q-4","De"
2024-12-19 00:00:00.000,2024,"Dec",12,"Thu",4,"Q-4","De"
2024-12-20 00:00:00.000,2024,"Dec",12,"Fri",5,"Q-4","De"
2024-12-21 00:00:00.000,2024,"Dec",12,"Sat",6,"Q-4","De"
2024-12-22 00:00:00.000,2024,"Dec",12,"Sun",7,"Q-4","De"
2024-12-23 00:00:00.000,2024,"Dec",12,"Mon",1,"Q-4","De"
2024-12-24 00:00:00.000,2024,"Dec",12,"Tue",2,"Q-4","De"
2024-12-25 00:00:00.000,2024,"Dec",12,"Wed",3,"Q-4","De"
2024-12-26 00:00:00.000,2024,"Dec",12,"Thu",4,"Q-4","De"
2024-12-27 00:00:00.000,2024,"Dec",12,"Fri",5,"Q-4","De"
2024-12-28 00:00:00.000,2024,"Dec",12,"Sat",6,"Q-4","De"
2024-12-29 00:00:00.000,2024,"Dec",12,"Sun",7,"Q-4","De"
2024-12-30 00:00:00.000,2024,"Dec",12,"Mon",1,"Q-4","De"
2024-12-31 00:00:00.000,2024,"Dec",12,"Tue",2,"Q-4","De"
2025-01-01 00:00:00.000,2025,"Jan",1,"Wed",3,"Q-1","Ja"
2025-01-02 00:00:00.000,2025,"Jan",1,"Thu",4,"Q-1","Ja"
2025-01-03 00:00:00.000,2025,"Jan",1,"Fri",5,"Q-1","Ja"
2025-01-04 00:00:00.000,2025,"Jan",1,"Sat",6,"Q-1","Ja"
2025-01-05 00:00:00.000,2025,"Jan",1,"Sun",7,"Q-1","Ja"
2025-01-06 00:00:00.000,2025,"Jan",1,"Mon",1,"Q-1","Ja"
2025-01-07 00:00:00.000,2025,"Jan",1,"Tue",2,"Q-1","Ja"
2025-01-08 00:00:00.000,2025,"Jan",1,"Wed",3,"Q-1","Ja"
2025-01-09 00:00:00.000,2025,"Jan",1,"Thu",4,"Q-1","Ja"
2025-01-10 00:00:00.000,2025,"Jan",1,"Fri",5,"Q-1","Ja"
2025-01-11 00:00:00.000,2025,"Jan",1,"Sat",6,"Q-1","Ja"
2025-01-12 00:00:00.000,2025,"Jan",1,"Sun",7,"Q-1","Ja"
2025-01-13 00:00:00.000,2025,"Jan",1,"Mon",1,"Q-1","Ja"
2025-01-14 00:00:00.000,2025,"Jan",1,"Tue",2,"Q-1","Ja"
2025-01-15 00:00:00.000,2025,"Jan",1,"Wed",3,"Q-1","Ja"
2025-01-16 00:00:00.000,2025,"Jan",1,"Thu",4,"Q-1","Ja"
2025-01-17 00:00:00.000,2025,"Jan",1,"Fri",5,"Q-1","Ja"
2025-01-18 00:00:00.000,2025,"Jan",1,"Sat",6,"Q-1","Ja"
2025-01-19 00:00:00.000,2025,"Jan",1,"Sun",7,"Q-1","Ja"
2025-01-20 00:00:00.000,2025,"Jan",1,"Mon",1,"Q-1","Ja"
2025-01-21 00:00:00.000,2025,"Jan",1,"Tue",2,"Q-1","Ja"
2025-01-22 00:00:00.000,2025,"Jan",1,"Wed",3,"Q-1","Ja"
2025-01-23 00:00:00.000,2025,"Jan",1,"Thu",4,"Q-1","Ja"
2025-01-24 00:00:00.000,2025,"Jan",1,"Fri",5,"Q-1","Ja"
2025-01-25 00:00:00.000,2025,"Jan",1,"Sat",6,"Q-1","Ja"
2025-01-26 00:00:00.000,2025,"Jan",1,"Sun",7,"Q-1","Ja"
2025-01-27 00:00:00.000,2025,"Jan",1,"Mon",1,"Q-1","Ja"
2025-01-28 00:00:00.000,2025,"Jan",1,"Tue",2,"Q-1","Ja"
2025-01-29 00:00:00.000,2025,"Jan",1,"Wed",3,"Q-1","Ja"
2025-01-30 00:00:00.000,2025,"Jan",1,"Thu",4,"Q-1","Ja"
2025-01-31 00:00:00.000,2025,"Jan",1,"Fri",5,"Q-1","Ja"
2025-02-01 00:00:00.000,2025,"Feb",2,"Sat",6,"Q-1","Fe"
2025-02-02 00:00:00.000,2025,"Feb",2,"Sun",7,"Q-1","Fe"
2025-02-03 00:00:00.000,2025,"Feb",2,"Mon",1,"Q-1","Fe"
2025-02-04 00:00:00.000,2025,"Feb",2,"Tue",2,"Q-1","Fe"
2025-02-05 00:00:00.000,2025,"Feb",2,"Wed",3,"Q-1","Fe"
2025-02-06 00:00:00.000,2025,"Feb",2,"Thu",4,"Q-1","Fe"
2025-02-07 00:00:00.000,2025,"Feb",2,"Fri",5,"Q-1","Fe"
2025-02-08 00:00:00.000,2025,"Feb",2,"Sat",6,"Q-1","Fe"
2025-02-09 00:00:00.000,2025,"Feb",2,"Sun",7,"Q-1","Fe"
2025-02-10 00:00:00.000,2025,"Feb",2,"Mon",1,"Q-1","Fe"
2025-02-11 00:00:00.000,2025,"Feb",2,"Tue",2,"Q-1","Fe"
2025-02-12 00:00:00.000,2025,"Feb",2,"Wed",3,"Q-1","Fe"
2025-02-13 00:00:00.000,2025,"Feb",2,"Thu",4,"Q-1","Fe"
2025-02-14 00:00:00.000,2025,"Feb",2,"Fri",5,"Q-1","Fe"
2025-02-15 00:00:00.000,2025,"Feb",2,"Sat",6,"Q-1","Fe"
2025-02-16 00:00:00.000,2025,"Feb",2,"Sun",7,"Q-1","Fe"
2025-02-17 00:00:00.000,2025,"Feb",2,"Mon",1,"Q-1","Fe"
2025-02-18 00:00:00.000,2025,"Feb",2,"Tue",2,"Q-1","Fe"
2025-02-19 00:00:00.000,2025,"Feb",2,"Wed",3,"Q-1","Fe"
2025-02-20 00:00:00.000,2025,"Feb",2,"Thu",4,"Q-1","Fe"
2025-02-21 00:00:00.000,2025,"Feb",2,"Fri",5,"Q-1","Fe"
2025-02-22 00:00:00.000,2025,"Feb",2,"Sat",6,"Q-1","Fe"
2025-02-23 00:00:00.000,2025,"Feb",2,"Sun",7,"Q-1","Fe"
2025-02-24 00:00:00.000,2025,"Feb",2,"Mon",1,"Q-1","Fe"
2025-02-25 00:00:00.000,2025,"Feb",2,"Tue",2,"Q-1","Fe"
2025-02-26 00:00:00.000,2025,"Feb",2,"Wed",3,"Q-1","Fe"
2025-02-27 00:00:00.000,2025,"Feb",2,"Thu",4,"Q-1","Fe"
2025-02-28 00:00:00.000,2025,"Feb",2,"Fri",5,"Q-1","Fe"
2025-03-01 00:00:00.000,2025,"Mar",3,"Sat",6,"Q-1","Ma"
2025-03-02 00:00:00.000,2025,"Mar",3,"Sun",7,"Q-1","Ma"
2025-03-03 00:00:00.000,2025,"Mar",3,"Mon",1,"Q-1","Ma"
2025-03-04 00:00:00.000,2025,"Mar",3,"Tue",2,"Q-1","Ma"
2025-03-05 00:00:00.000,2025,"Mar",3,"Wed",3,"Q-1","Ma"
2025-03-06 00:00:00.000,2025,"Mar",3,"Thu",4,"Q-1","Ma"
2025-03-07 00:00:00.000,2025,"Mar",3,"Fri",5,"Q-1","Ma"
2025-03-08 00:00:00.000,2025,"Mar",3,"Sat",6,"Q-1","Ma"
2025-03-09 00:00:00.000,2025,"Mar",3,"Sun",7,"Q-1","Ma"
2025-03-10 00:00:00.000,2025,"Mar",3,"Mon",1,"Q-1","Ma"
2025-03-11 00:00:00.000,2025,"Mar",3,"Tue",2,"Q-1","Ma"
2025-03-12 00:00:00.000,2025,"Mar",3,"Wed",3,"Q-1","Ma"
2025-03-13 00:00:00.000,2025,"Mar",3,"Thu",4,"Q-1","Ma"
2025-03-14 00:00:00.000,2025,"Mar",3,"Fri",5,"Q-1","Ma"
2025-03-15 00:00:00.000,2025,"Mar",3,"Sat",6,"Q-1","Ma"
2025-03-16 00:00:00.000,2025,"Mar",3,"Sun",7,"Q-1","Ma"
2025-03-17 00:00:00.000,2025,"Mar",3,"Mon",1,"Q-1","Ma"
2025-03-18 00:00:00.000,2025,"Mar",3,"Tue",2,"Q-1","Ma"
2025-03-19 00:00:00.000,2025,"Mar",3,"Wed",3,"Q-1","Ma"
2025-03-20 00:00:00.000,2025,"Mar",3,"Thu",4,"Q-1","Ma"
2025-03-21 00:00:00.000,2025,"Mar",3,"Fri",5,"Q-1","Ma"
2025-03-22 00:00:00.000,2025,"Mar",3,"Sat",6,"Q-1","Ma"
2025-03-23 00:00:00.000,2025,"Mar",3,"Sun",7,"Q-1","Ma"
2025-03-24 00:00:00.000,2025,"Mar",3,"Mon",1,"Q-1","Ma"
2025-03-25 00:00:00.000,2025,"Mar",3,"Tue",2,"Q-1","Ma"
2025-03-26 00:00:00.000,2025,"Mar",3,"Wed",3,"Q-1","Ma"
2025-03-27 00:00:00.000,2025,"Mar",3,"Thu",4,"Q-1","Ma"
2025-03-28 00:00:00.000,2025,"Mar",3,"Fri",5,"Q-1","Ma"
2025-03-29 00:00:00.000,2025,"Mar",3,"Sat",6,"Q-1","Ma"
2025-03-30 00:00:00.000,2025,"Mar",3,"Sun",7,"Q-1","Ma"
2025-03-31 00:00:00.000,2025,"Mar",3,"Mon",1,"Q-1","Ma"
2025-04-01 00:00:00.000,2025,"Apr",4,"Tue",2,"Q-2","Ap"
2025-04-02 00:00:00.000,2025,"Apr",4,"Wed",3,"Q-2","Ap"
2025-04-03 00:00:00.000,2025,"Apr",4,"Thu",4,"Q-2","Ap"
2025-04-04 00:00:00.000,2025,"Apr",4,"Fri",5,"Q-2","Ap"
2025-04-05 00:00:00.000,2025,"Apr",4,"Sat",6,"Q-2","Ap"
2025-04-06 00:00:00.000,2025,"Apr",4,"Sun",7,"Q-2","Ap"
2025-04-07 00:00:00.000,2025,"Apr",4,"Mon",1,"Q-2","Ap"
2025-04-08 00:00:00.000,2025,"Apr",4,"Tue",2,"Q-2","Ap"
2025-04-09 00:00:00.000,2025,"Apr",4,"Wed",3,"Q-2","Ap"
2025-04-10 00:00:00.000,2025,"Apr",4,"Thu",4,"Q-2","Ap"
2025-04-11 00:00:00.000,2025,"Apr",4,"Fri",5,"Q-2","Ap"
2025-04-12 00:00:00.000,2025,"Apr",4,"Sat",6,"Q-2","Ap"
2025-04-13 00:00:00.000,2025,"Apr",4,"Sun",7,"Q-2","Ap"
2025-04-14 00:00:00.000,2025,"Apr",4,"Mon",1,"Q-2","Ap"
2025-04-15 00:00:00.000,2025,"Apr",4,"Tue",2,"Q-2","Ap"
2025-04-16 00:00:00.000,2025,"Apr",4,"Wed",3,"Q-2","Ap"
2025-04-17 00:00:00.000,2025,"Apr",4,"Thu",4,"Q-2","Ap"
2025-04-18 00:00:00.000,2025,"Apr",4,"Fri",5,"Q-2","Ap"
2025-04-19 00:00:00.000,2025,"Apr",4,"Sat",6,"Q-2","Ap"
2025-04-20 00:00:00.000,2025,"Apr",4,"Sun",7,"Q-2","Ap"
2025-04-21 00:00:00.000,2025,"Apr",4,"Mon",1,"Q-2","Ap"
2025-04-22 00:00:00.000,2025,"Apr",4,"Tue",2,"Q-2","Ap"
2025-04-23 00:00:00.000,2025,"Apr",4,"Wed",3,"Q-2","Ap"
2025-04-24 00:00:00.000,2025,"Apr",4,"Thu",4,"Q-2","Ap"
2025-04-25 00:00:00.000,2025,"Apr",4,"Fri",5,"Q-2","Ap"
2025-04-26 00:00:00.000,2025,"Apr",4,"Sat",6,"Q-2","Ap"
2025-04-27 00:00:00.000,2025,"Apr",4,"Sun",7,"Q-2","Ap"
2025-04-28 00:00:00.000,2025,"Apr",4,"Mon",1,"Q-2","Ap"
2025-04-29 00:00:00.000,2025,"Apr",4,"Tue",2,"Q-2","Ap"
2025-04-30 00:00:00.000,2025,"Apr",4,"Wed",3,"Q-2","Ap"
2025-05-01 00:00:00.000,2025,"May",5,"Thu",4,"Q-2","Ma"
2025-05-02 00:00:00.000,2025,"May",5,"Fri",5,"Q-2","Ma"
2025-05-03 00:00:00.000,2025,"May",5,"Sat",6,"Q-2","Ma"
2025-05-04 00:00:00.000,2025,"May",5,"Sun",7,"Q-2","Ma"
2025-05-05 00:00:00.000,2025,"May",5,"Mon",1,"Q-2","Ma"
2025-05-06 00:00:00.000,2025,"May",5,"Tue",2,"Q-2","Ma"
2025-05-07 00:00:00.000,2025,"May",5,"Wed",3,"Q-2","Ma"
2025-05-08 00:00:00.000,2025,"May",5,"Thu",4,"Q-2","Ma"
2025-05-09 00:00:00.000,2025,"May",5,"Fri",5,"Q-2","Ma"
2025-05-10 00:00:00.000,2025,"May",5,"Sat",6,"Q-2","Ma"
2025-05-11 00:00:00.000,2025,"May",5,"Sun",7,"Q-2","Ma"
2025-05-12 00:00:00.000,2025,"May",5,"Mon",1,"Q-2","Ma"
2025-05-13 00:00:00.000,2025,"May",5,"Tue",2,"Q-2","Ma"
2025-05-14 00:00:00.000,2025,"May",5,"Wed",3,"Q-2","Ma"
2025-05-15 00:00:00.000,2025,"May",5,"Thu",4,"Q-2","Ma"
2025-05-16 00:00:00.000,2025,"May",5,"Fri",5,"Q-2","Ma"
2025-05-17 00:00:00.000,2025,"May",5,"Sat",6,"Q-2","Ma"
2025-05-18 00:00:00.000,2025,"May",5,"Sun",7,"Q-2","Ma"
2025-05-19 00:00:00.000,2025,"May",5,"Mon",1,"Q-2","Ma"
2025-05-20 00:00:00.000,2025,"May",5,"Tue",2,"Q-2","Ma"
2025-05-21 00:00:00.000,2025,"May",5,"Wed",3,"Q-2","Ma"
2025-05-22 00:00:00.000,2025,"May",5,"Thu",4,"Q-2","Ma"
2025-05-23 00:00:00.000,2025,"May",5,"Fri",5,"Q-2","Ma"
2025-05-24 00:00:00.000,2025,"May",5,"Sat",6,"Q-2","Ma"
2025-05-25 00:00:00.000,2025,"May",5,"Sun",7,"Q-2","Ma"
2025-05-26 00:00:00.000,2025,"May",5,"Mon",1,"Q-2","Ma"
2025-05-27 00:00:00.000,2025,"May",5,"Tue",2,"Q-2","Ma"
2025-05-28 00:00:00.000,2025,"May",5,"Wed",3,"Q-2","Ma"
2025-05-29 00:00:00.000,2025,"May",5,"Thu",4,"Q-2","Ma"
2025-05-30 00:00:00.000,2025,"May",5,"Fri",5,"Q-2","Ma"
2025-05-31 00:00:00.000,2025,"May",5,"Sat",6,"Q-2","Ma"
2025-06-01 00:00:00.000,2025,"Jun",6,"Sun",7,"Q-2","Ju"
2025-06-02 00:00:00.000,2025,"Jun",6,"Mon",1,"Q-2","Ju"
2025-06-03 00:00:00.000,2025,"Jun",6,"Tue",2,"Q-2","Ju"
2025-06-04 00:00:00.000,2025,"Jun",6,"Wed",3,"Q-2","Ju"
2025-06-05 00:00:00.000,2025,"Jun",6,"Thu",4,"Q-2","Ju"
2025-06-06 00:00:00.000,2025,"Jun",6,"Fri",5,"Q-2","Ju"
2025-06-07 00:00:00.000,2025,"Jun",6,"Sat",6,"Q-2","Ju"
2025-06-08 00:00:00.000,2025,"Jun",6,"Sun",7,"Q-2","Ju"
2025-06-09 00:00:00.000,2025,"Jun",6,"Mon",1,"Q-2","Ju"
2025-06-10 00:00:00.000,2025,"Jun",6,"Tue",2,"Q-2","Ju"
2025-06-11 00:00:00.000,2025,"Jun",6,"Wed",3,"Q-2","Ju"
2025-06-12 00:00:00.000,2025,"Jun",6,"Thu",4,"Q-2","Ju"
2025-06-13 00:00:00.000,2025,"Jun",6,"Fri",5,"Q-2","Ju"
2025-06-14 00:00:00.000,2025,"Jun",6,"Sat",6,"Q-2","Ju"
2025-06-15 00:00:00.000,2025,"Jun",6,"Sun",7,"Q-2","Ju"
2025-06-16 00:00:00.000,2025,"Jun",6,"Mon",1,"Q-2","Ju"
2025-06-17 00:00:00.000,2025,"Jun",6,"Tue",2,"Q-2","Ju"
2025-06-18 00:00:00.000,2025,"Jun",6,"Wed",3,"Q-2","Ju"
2025-06-19 00:00:00.000,2025,"Jun",6,"Thu",4,"Q-2","Ju"
2025-06-20 00:00:00.000,2025,"Jun",6,"Fri",5,"Q-2","Ju"
2025-06-21 00:00:00.000,2025,"Jun",6,"Sat",6,"Q-2","Ju"
2025-06-22 00:00:00.000,2025,"Jun",6,"Sun",7,"Q-2","Ju"
2025-06-23 00:00:00.000,2025,"Jun",6,"Mon",1,"Q-2","Ju"
2025-06-24 00:00:00.000,2025,"Jun",6,"Tue",2,"Q-2","Ju"
2025-06-25 00:00:00.000,2025,"Jun",6,"Wed",3,"Q-2","Ju"
2025-06-26 00:00:00.000,2025,"Jun",6,"Thu",4,"Q-2","Ju"
2025-06-27 00:00:00.000,2025,"Jun",6,"Fri",5,"Q-2","Ju"
2025-06-28 00:00:00.000,2025,"Jun",6,"Sat",6,"Q-2","Ju"
2025-06-29 00:00:00.000,2025,"Jun",6,"Sun",7,"Q-2","Ju"
2025-06-30 00:00:00.000,2025,"Jun",6,"Mon",1,"Q-2","Ju"
2025-07-01 00:00:00.000,2025,"Jul",7,"Tue",2,"Q-3","Ju"
2025-07-02 00:00:00.000,2025,"Jul",7,"Wed",3,"Q-3","Ju"
2025-07-03 00:00:00.000,2025,"Jul",7,"Thu",4,"Q-3","Ju"
2025-07-04 00:00:00.000,2025,"Jul",7,"Fri",5,"Q-3","Ju"
2025-07-05 00:00:00.000,2025,"Jul",7,"Sat",6,"Q-3","Ju"
2025-07-06 00:00:00.000,2025,"Jul",7,"Sun",7,"Q-3","Ju"
2025-07-07 00:00:00.000,2025,"Jul",7,"Mon",1,"Q-3","Ju"
2025-07-08 00:00:00.000,2025,"Jul",7,"Tue",2,"Q-3","Ju"
2025-07-09 00:00:00.000,2025,"Jul",7,"Wed",3,"Q-3","Ju"
2025-07-10 00:00:00.000,2025,"Jul",7,"Thu",4,"Q-3","Ju"
2025-07-11 00:00:00.000,2025,"Jul",7,"Fri",5,"Q-3","Ju"
2025-07-12 00:00:00.000,2025,"Jul",7,"Sat",6,"Q-3","Ju"
2025-07-13 00:00:00.000,2025,"Jul",7,"Sun",7,"Q-3","Ju"
2025-07-14 00:00:00.000,2025,"Jul",7,"Mon",1,"Q-3","Ju"
2025-07-15 00:00:00.000,2025,"Jul",7,"Tue",2,"Q-3","Ju"
2025-07-16 00:00:00.000,2025,"Jul",7,"Wed",3,"Q-3","Ju"
2025-07-17 00:00:00.000,2025,"Jul",7,"Thu",4,"Q-3","Ju"
2025-07-18 00:00:00.000,2025,"Jul",7,"Fri",5,"Q-3","Ju"
2025-07-19 00:00:00.000,2025,"Jul",7,"Sat",6,"Q-3","Ju"
2025-07-20 00:00:00.000,2025,"Jul",7,"Sun",7,"Q-3","Ju"
2025-07-21 00:00:00.000,2025,"Jul",7,"Mon",1,"Q-3","Ju"
2025-07-22 00:00:00.000,2025,"Jul",7,"Tue",2,"Q-3","Ju"
2025-07-23 00:00:00.000,2025,"Jul",7,"Wed",3,"Q-3","Ju"
2025-07-24 00:00:00.000,2025,"Jul",7,"Thu",4,"Q-3","Ju"
2025-07-25 00:00:00.000,2025,"Jul",7,"Fri",5,"Q-3","Ju"
2025-07-26 00:00:00.000,2025,"Jul",7,"Sat",6,"Q-3","Ju"
2025-07-27 00:00:00.000,2025,"Jul",7,"Sun",7,"Q-3","Ju"
2025-07-28 00:00:00.000,2025,"Jul",7,"Mon",1,"Q-3","Ju"
2025-07-29 00:00:00.000,2025,"Jul",7,"Tue",2,"Q-3","Ju"
2025-07-30 00:00:00.000,2025,"Jul",7,"Wed",3,"Q-3","Ju"
2025-07-31 00:00:00.000,2025,"Jul",7,"Thu",4,"Q-3","Ju"
2025-08-01 00:00:00.000,2025,"Aug",8,"Fri",5,"Q-3","Au"
2025-08-02 00:00:00.000,2025,"Aug",8,"Sat",6,"Q-3","Au"
2025-08-03 00:00:00.000,2025,"Aug",8,"Sun",7,"Q-3","Au"
2025-08-04 00:00:00.000,2025,"Aug",8,"Mon",1,"Q-3","Au"
2025-08-05 00:00:00.000,2025,"Aug",8,"Tue",2,"Q-3","Au"
2025-08-06 00:00:00.000,2025,"Aug",8,"Wed",3,"Q-3","Au"
2025-08-07 00:00:00.000,2025,"Aug",8,"Thu",4,"Q-3","Au"
2025-08-08 00:00:00.000,2025,"Aug",8,"Fri",5,"Q-3","Au"
2025-08-09 00:00:00.000,2025,"Aug",8,"Sat",6,"Q-3","Au"
2025-08-10 00:00:00.000,2025,"Aug",8,"Sun",7,"Q-3","Au"
2025-08-11 00:00:00.000,2025,"Aug",8,"Mon",1,"Q-3","Au"
2025-08-12 00:00:00.000,2025,"Aug",8,"Tue",2,"Q-3","Au"
2025-08-13 00:00:00.000,2025,"Aug",8,"Wed",3,"Q-3","Au"
2025-08-14 00:00:00.000,2025,"Aug",8,"Thu",4,"Q-3","Au"
2025-08-15 00:00:00.000,2025,"Aug",8,"Fri",5,"Q-3","Au"
2025-08-16 00:00:00.000,2025,"Aug",8,"Sat",6,"Q-3","Au"
2025-08-17 00:00:00.000,2025,"Aug",8,"Sun",7,"Q-3","Au"
2025-08-18 00:00:00.000,2025,"Aug",8,"Mon",1,"Q-3","Au"
2025-08-19 00:00:00.000,2025,"Aug",8,"Tue",2,"Q-3","Au"
2025-08-20 00:00:00.000,2025,"Aug",8,"Wed",3,"Q-3","Au"
2025-08-21 00:00:00.000,2025,"Aug",8,"Thu",4,"Q-3","Au"
2025-08-22 00:00:00.000,2025,"Aug",8,"Fri",5,"Q-3","Au"
2025-08-23 00:00:00.000,2025,"Aug",8,"Sat",6,"Q-3","Au"
2025-08-24 00:00:00.000,2025,"Aug",8,"Sun",7,"Q-3","Au"
2025-08-25 00:00:00.000,2025,"Aug",8,"Mon",1,"Q-3","Au"
2025-08-26 00:00:00.000,2025,"Aug",8,"Tue",2,"Q-3","Au"
2025-08-27 00:00:00.000,2025,"Aug",8,"Wed",3,"Q-3","Au"
2025-08-28 00:00:00.000,2025,"Aug",8,"Thu",4,"Q-3","Au"
2025-08-29 00:00:00.000,2025,"Aug",8,"Fri",5,"Q-3","Au"
2025-08-30 00:00:00.000,2025,"Aug",8,"Sat",6,"Q-3","Au"
2025-08-31 00:00:00.000,2025,"Aug",8,"Sun",7,"Q-3","Au"
2025-09-01 00:00:00.000,2025,"Sep",9,"Mon",1,"Q-3","Se"
2025-09-02 00:00:00.000,2025,"Sep",9,"Tue",2,"Q-3","Se"
2025-09-03 00:00:00.000,2025,"Sep",9,"Wed",3,"Q-3","Se"
2025-09-04 00:00:00.000,2025,"Sep",9,"Thu",4,"Q-3","Se"
2025-09-05 00:00:00.000,2025,"Sep",9,"Fri",5,"Q-3","Se"
2025-09-06 00:00:00.000,2025,"Sep",9,"Sat",6,"Q-3","Se"
2025-09-07 00:00:00.000,2025,"Sep",9,"Sun",7,"Q-3","Se"
2025-09-08 00:00:00.000,2025,"Sep",9,"Mon",1,"Q-3","Se"
2025-09-09 00:00:00.000,2025,"Sep",9,"Tue",2,"Q-3","Se"
2025-09-10 00:00:00.000,2025,"Sep",9,"Wed",3,"Q-3","Se"
2025-09-11 00:00:00.000,2025,"Sep",9,"Thu",4,"Q-3","Se"
2025-09-12 00:00:00.000,2025,"Sep",9,"Fri",5,"Q-3","Se"
2025-09-13 00:00:00.000,2025,"Sep",9,"Sat",6,"Q-3","Se"
2025-09-14 00:00:00.000,2025,"Sep",9,"Sun",7,"Q-3","Se"
2025-09-15 00:00:00.000,2025,"Sep",9,"Mon",1,"Q-3","Se"
2025-09-16 00:00:00.000,2025,"Sep",9,"Tue",2,"Q-3","Se"
2025-09-17 00:00:00.000,2025,"Sep",9,"Wed",3,"Q-3","Se"
2025-09-18 00:00:00.000,2025,"Sep",9,"Thu",4,"Q-3","Se"
2025-09-19 00:00:00.000,2025,"Sep",9,"Fri",5,"Q-3","Se"
2025-09-20 00:00:00.000,2025,"Sep",9,"Sat",6,"Q-3","Se"
2025-09-21 00:00:00.000,2025,"Sep",9,"Sun",7,"Q-3","Se"
2025-09-22 00:00:00.000,2025,"Sep",9,"Mon",1,"Q-3","Se"
2025-09-23 00:00:00.000,2025,"Sep",9,"Tue",2,"Q-3","Se"
2025-09-24 00:00:00.000,2025,"Sep",9,"Wed",3,"Q-3","Se"
2025-09-25 00:00:00.000,2025,"Sep",9,"Thu",4,"Q-3","Se"
2025-09-26 00:00:00.000,2025,"Sep",9,"Fri",5,"Q-3","Se"
2025-09-27 00:00:00.000,2025,"Sep",9,"Sat",6,"Q-3","Se"
2025-09-28 00:00:00.000,2025,"Sep",9,"Sun",7,"Q-3","Se"
2025-09-29 00:00:00.000,2025,"Sep",9,"Mon",1,"Q-3","Se"
2025-09-30 00:00:00.000,2025,"Sep",9,"Tue",2,"Q-3","Se"
2025-10-01 00:00:00.000,2025,"Oct",10,"Wed",3,"Q-4","Oc"
2025-10-02 00:00:00.000,2025,"Oct",10,"Thu",4,"Q-4","Oc"
2025-10-03 00:00:00.000,2025,"Oct",10,"Fri",5,"Q-4","Oc"
2025-10-04 00:00:00.000,2025,"Oct",10,"Sat",6,"Q-4","Oc"
2025-10-05 00:00:00.000,2025,"Oct",10,"Sun",7,"Q-4","Oc"
2025-10-06 00:00:00.000,2025,"Oct",10,"Mon",1,"Q-4","Oc"
2025-10-07 00:00:00.000,2025,"Oct",10,"Tue",2,"Q-4","Oc"
2025-10-08 00:00:00.000,2025,"Oct",10,"Wed",3,"Q-4","Oc"
2025-10-09 00:00:00.000,2025,"Oct",10,"Thu",4,"Q-4","Oc"
2025-10-10 00:00:00.000,2025,"Oct",10,"Fri",5,"Q-4","Oc"
2025-10-11 00:00:00.000,2025,"Oct",10,"Sat",6,"Q-4","Oc"
2025-10-12 00:00:00.000,2025,"Oct",10,"Sun",7,"Q-4","Oc"
2025-10-13 00:00:00.000,2025,"Oct",10,"Mon",1,"Q-4","Oc"
2025-10-14 00:00:00.000,2025,"Oct",10,"Tue",2,"Q-4","Oc"
2025-10-15 00:00:00.000,2025,"Oct",10,"Wed",3,"Q-4","Oc"
2025-10-16 00:00:00.000,2025,"Oct",10,"Thu",4,"Q-4","Oc"
2025-10-17 00:00:00.000,2025,"Oct",10,"Fri",5,"Q-4","Oc"
2025-10-18 00:00:00.000,2025,"Oct",10,"Sat",6,"Q-4","Oc"
2025-10-19 00:00:00.000,2025,"Oct",10,"Sun",7,"Q-4","Oc"
2025-10-20 00:00:00.000,2025,"Oct",10,"Mon",1,"Q-4","Oc"
2025-10-21 00:00:00.000,2025,"Oct",10,"Tue",2,"Q-4","Oc"
2025-10-22 00:00:00.000,2025,"Oct",10,"Wed",3,"Q-4","Oc"
2025-10-23 00:00:00.000,2025,"Oct",10,"Thu",4,"Q-4","Oc"
2025-10-24 00:00:00.000,2025,"Oct",10,"Fri",5,"Q-4","Oc"
2025-10-25 00:00:00.000,2025,"Oct",10,"Sat",6,"Q-4","Oc"
2025-10-26 00:00:00.000,2025,"Oct",10,"Sun",7,"Q-4","Oc"
2025-10-27 00:00:00.000,2025,"Oct",10,"Mon",1,"Q-4","Oc"
2025-10-28 00:00:00.000,2025,"Oct",10,"Tue",2,"Q-4","Oc"
2025-10-29 00:00:00.000,2025,"Oct",10,"Wed",3,"Q-4","Oc"
2025-10-30 00:00:00.000,2025,"Oct",10,"Thu",4,"Q-4","Oc"
2025-10-31 00:00:00.000,2025,"Oct",10,"Fri",5,"Q-4","Oc"
2025-11-01 00:00:00.000,2025,"Nov",11,"Sat",6,"Q-4","No"
2025-11-02 00:00:00.000,2025,"Nov",11,"Sun",7,"Q-4","No"
2025-11-03 00:00:00.000,2025,"Nov",11,"Mon",1,"Q-4","No"
2025-11-04 00:00:00.000,2025,"Nov",11,"Tue",2,"Q-4","No"
2025-11-05 00:00:00.000,2025,"Nov",11,"Wed",3,"Q-4","No"
2025-11-06 00:00:00.000,2025,"Nov",11,"Thu",4,"Q-4","No"
2025-11-07 00:00:00.000,2025,"Nov",11,"Fri",5,"Q-4","No"
2025-11-08 00:00:00.000,2025,"Nov",11,"Sat",6,"Q-4","No"
2025-11-09 00:00:00.000,2025,"Nov",11,"Sun",7,"Q-4","No"
2025-11-10 00:00:00.000,2025,"Nov",11,"Mon",1,"Q-4","No"
2025-11-11 00:00:00.000,2025,"Nov",11,"Tue",2,"Q-4","No"
2025-11-12 00:00:00.000,2025,"Nov",11,"Wed",3,"Q-4","No"
2025-11-13 00:00:00.000,2025,"Nov",11,"Thu",4,"Q-4","No"
2025-11-14 00:00:00.000,2025,"Nov",11,"Fri",5,"Q-4","No"
2025-11-15 00:00:00.000,2025,"Nov",11,"Sat",6,"Q-4","No"
2025-11-16 00:00:00.000,2025,"Nov",11,"Sun",7,"Q-4","No"
2025-11-17 00:00:00.000,2025,"Nov",11,"Mon",1,"Q-4","No"
2025-11-18 00:00:00.000,2025,"Nov",11,"Tue",2,"Q-4","No"
2025-11-19 00:00:00.000,2025,"Nov",11,"Wed",3,"Q-4","No"
2025-11-20 00:00:00.000,2025,"Nov",11,"Thu",4,"Q-4","No"
2025-11-21 00:00:00.000,2025,"Nov",11,"Fri",5,"Q-4","No"
2025-11-22 00:00:00.000,2025,"Nov",11,"Sat",6,"Q-4","No"
2025-11-23 00:00:00.000,2025,"Nov",11,"Sun",7,"Q-4","No"
2025-11-24 00:00:00.000,2025,"Nov",11,"Mon",1,"Q-4","No"
2025-11-25 00:00:00.000,2025,"Nov",11,"Tue",2,"Q-4","No"
2025-11-26 00:00:00.000,2025,"Nov",11,"Wed",3,"Q-4","No"
2025-11-27 00:00:00.000,2025,"Nov",11,"Thu",4,"Q-4","No"
2025-11-28 00:00:00.000,2025,"Nov",11,"Fri",5,"Q-4","No"
2025-11-29 00:00:00.000,2025,"Nov",11,"Sat",6,"Q-4","No"
2025-11-30 00:00:00.000,2025,"Nov",11,"Sun",7,"Q-4","No"
2025-12-01 00:00:00.000,2025,"Dec",12,"Mon",1,"Q-4","De"
2025-12-02 00:00:00.000,2025,"Dec",12,"Tue",2,"Q-4","De"
2025-12-03 00:00:00.000,2025,"Dec",12,"Wed",3,"Q-4","De"
2025-12-04 00:00:00.000,2025,"Dec",12,"Thu",4,"Q-4","De"
2025-12-05 00:00:00.000,2025,"Dec",12,"Fri",5,"Q-4","De"
2025-12-06 00:00:00.000,2025,"Dec",12,"Sat",6,"Q-4","De"
2025-12-07 00:00:00.000,2025,"Dec",12,"Sun",7,"Q-4","De"
2025-12-08 00:00:00.000,2025,"Dec",12,"Mon",1,"Q-4","De"
2025-12-09 00:00:00.000,2025,"Dec",12,"Tue",2,"Q-4","De"
2025-12-10 00:00:00.000,2025,"Dec",12,"Wed",3,"Q-4","De"
2025-12-11 00:00:00.000,2025,"Dec",12,"Thu",4,"Q-4","De"
2025-12-12 00:00:00.000,2025,"Dec",12,"Fri",5,"Q-4","De"
2025-12-13 00:00:00.000,2025,"Dec",12,"Sat",6,"Q-4","De"
2025-12-14 00:00:00.000,2025,"Dec",12,"Sun",7,"Q-4","De"
2025-12-15 00:00:00.000,2025,"Dec",12,"Mon",1,"Q-4","De"
2025-12-16 00:00:00.000,2025,"Dec",12,"Tue",2,"Q-4","De"
2025-12-17 00:00:00.000,2025,"Dec",12,"Wed",3,"Q-4","De"
2025-12-18 00:00:00.000,2025,"Dec",12,"Thu",4,"Q-4","De"
2025-12-19 00:00:00.000,2025,"Dec",12,"Fri",5,"Q-4","De"
2025-12-20 00:00:00.000,2025,"Dec",12,"Sat",6,"Q-4","De"
2025-12-21 00:00:00.000,2025,"Dec",12,"Sun",7,"Q-4","De"
2025-12-22 00:00:00.000,2025,"Dec",12,"Mon",1,"Q-4","De"
2025-12-23 00:00:00.000,2025,"Dec",12,"Tue",2,"Q-4","De"
2025-12-24 00:00:00.000,2025,"Dec",12,"Wed",3,"Q-4","De"
2025-12-25 00:00:00.000,2025,"Dec",12,"Thu",4,"Q-4","De"
2025-12-26 00:00:00.000,2025,"Dec",12,"Fri",5,"Q-4","De"
2025-12-27 00:00:00.000,2025,"Dec",12,"Sat",6,"Q-4","De"
2025-12-28 00:00:00.000,2025,"Dec",12,"Sun",7,"Q-4","De"
2025-12-29 00:00:00.000,2025,"Dec",12,"Mon",1,"Q-4","De"
2025-12-30 00:00:00.000,2025,"Dec",12,"Tue",2,"Q-4","De"
2025-12-31 00:00:00.000,2025,"Dec",12,"Wed",3,"Q-4","De"
2026-01-01 00:00:00.000,2026,"Jan",1,"Thu",4,"Q-1","Ja"
2026-01-02 00:00:00.000,2026,"Jan",1,"Fri",5,"Q-1","Ja"
2026-01-03 00:00:00.000,2026,"Jan",1,"Sat",6,"Q-1","Ja"
2026-01-04 00:00:00.000,2026,"Jan",1,"Sun",7,"Q-1","Ja"
2026-01-05 00:00:00.000,2026,"Jan",1,"Mon",1,"Q-1","Ja"
2026-01-06 00:00:00.000,2026,"Jan",1,"Tue",2,"Q-1","Ja"
2026-01-07 00:00:00.000,2026,"Jan",1,"Wed",3,"Q-1","Ja"
2026-01-08 00:00:00.000,2026,"Jan",1,"Thu",4,"Q-1","Ja"
2026-01-09 00:00:00.000,2026,"Jan",1,"Fri",5,"Q-1","Ja"
2026-01-10 00:00:00.000,2026,"Jan",1,"Sat",6,"Q-1","Ja"
2026-01-11 00:00:00.000,2026,"Jan",1,"Sun",7,"Q-1","Ja"
2026-01-12 00:00:00.000,2026,"Jan",1,"Mon",1,"Q-1","Ja"
2026-01-13 00:00:00.000,2026,"Jan",1,"Tue",2,"Q-1","Ja"
2026-01-14 00:00:00.000,2026,"Jan",1,"Wed",3,"Q-1","Ja"
2026-01-15 00:00:00.000,2026,"Jan",1,"Thu",4,"Q-1","Ja"
2026-01-16 00:00:00.000,2026,"Jan",1,"Fri",5,"Q-1","Ja"
2026-01-17 00:00:00.000,2026,"Jan",1,"Sat",6,"Q-1","Ja"
2026-01-18 00:00:00.000,2026,"Jan",1,"Sun",7,"Q-1","Ja"
2026-01-19 00:00:00.000,2026,"Jan",1,"Mon",1,"Q-1","Ja"
2026-01-20 00:00:00.000,2026,"Jan",1,"Tue",2,"Q-1","Ja"
2026-01-21 00:00:00.000,2026,"Jan",1,"Wed",3,"Q-1","Ja"
2026-01-22 00:00:00.000,2026,"Jan",1,"Thu",4,"Q-1","Ja"
2026-01-23 00:00:00.000,2026,"Jan",1,"Fri",5,"Q-1","Ja"
2026-01-24 00:00:00.000,2026,"Jan",1,"Sat",6,"Q-1","Ja"
2026-01-25 00:00:00.000,2026,"Jan",1,"Sun",7,"Q-1","Ja"
2026-01-26 00:00:00.000,2026,"Jan",1,"Mon",1,"Q-1","Ja"
2026-01-27 00:00:00.000,2026,"Jan",1,"Tue",2,"Q-1","Ja"
2026-01-28 00:00:00.000,2026,"Jan",1,"Wed",3,"Q-1","Ja"
2026-01-29 00:00:00.000,2026,"Jan",1,"Thu",4,"Q-1","Ja"
2026-01-30 00:00:00.000,2026,"Jan",1,"Fri",5,"Q-1","Ja"
2026-01-31 00:00:00.000,2026,"Jan",1,"Sat",6,"Q-1","Ja"
2026-02-01 00:00:00.000,2026,"Feb",2,"Sun",7,"Q-1","Fe"
2026-02-02 00:00:00.000,2026,"Feb",2,"Mon",1,"Q-1","Fe"
2026-02-03 00:00:00.000,2026,"Feb",2,"Tue",2,"Q-1","Fe"
2026-02-04 00:00:00.000,2026,"Feb",2,"Wed",3,"Q-1","Fe"
2026-02-05 00:00:00.000,2026,"Feb",2,"Thu",4,"Q-1","Fe"
2026-02-06 00:00:00.000,2026,"Feb",2,"Fri",5,"Q-1","Fe"
2026-02-07 00:00:00.000,2026,"Feb",2,"Sat",6,"Q-1","Fe"
2026-02-08 00:00:00.000,2026,"Feb",2,"Sun",7,"Q-1","Fe"
2026-02-09 00:00:00.000,2026,"Feb",2,"Mon",1,"Q-1","Fe"
2026-02-10 00:00:00.000,2026,"Feb",2,"Tue",2,"Q-1","Fe"
2026-02-11 00:00:00.000,2026,"Feb",2,"Wed",3,"Q-1","Fe"
2026-02-12 00:00:00.000,2026,"Feb",2,"Thu",4,"Q-1","Fe"
2026-02-13 00:00:00.000,2026,"Feb",2,"Fri",5,"Q-1","Fe"
2026-02-14 00:00:00.000,2026,"Feb",2,"Sat",6,"Q-1","Fe"
2026-02-15 00:00:00.000,2026,"Feb",2,"Sun",7,"Q-1","Fe"
2026-02-16 00:00:00.000,2026,"Feb",2,"Mon",1,"Q-1","Fe"
2026-02-17 00:00:00.000,2026,"Feb",2,"Tue",2,"Q-1","Fe"
2026-02-18 00:00:00.000,2026,"Feb",2,"Wed",3,"Q-1","Fe"
2026-02-19 00:00:00.000,2026,"Feb",2,"Thu",4,"Q-1","Fe"
2026-02-20 00:00:00.000,2026,"Feb",2,"Fri",5,"Q-1","Fe"
2026-02-21 00:00:00.000,2026,"Feb",2,"Sat",6,"Q-1","Fe"
2026-02-22 00:00:00.000,2026,"Feb",2,"Sun",7,"Q-1","Fe"
2026-02-23 00:00:00.000,2026,"Feb",2,"Mon",1,"Q-1","Fe"
2026-02-24 00:00:00.000,2026,"Feb",2,"Tue",2,"Q-1","Fe"
2026-02-25 00:00:00.000,2026,"Feb",2,"Wed",3,"Q-1","Fe"
2026-02-26 00:00:00.000,2026,"Feb",2,"Thu",4,"Q-1","Fe"
2026-02-27 00:00:00.000,2026,"Feb",2,"Fri",5,"Q-1","Fe"
2026-02-28 00:00:00.000,2026,"Feb",2,"Sat",6,"Q-1","Fe"
2026-03-01 00:00:00.000,2026,"Mar",3,"Sun",7,"Q-1","Ma"
2026-03-02 00:00:00.000,2026,"Mar",3,"Mon",1,"Q-1","Ma"
2026-03-03 00:00:00.000,2026,"Mar",3,"Tue",2,"Q-1","Ma"
2026-03-04 00:00:00.000,2026,"Mar",3,"Wed",3,"Q-1","Ma"
2026-03-05 00:00:00.000,2026,"Mar",3,"Thu",4,"Q-1","Ma"
2026-03-06 00:00:00.000,2026,"Mar",3,"Fri",5,"Q-1","Ma"
2026-03-07 00:00:00.000,2026,"Mar",3,"Sat",6,"Q-1","Ma"
2026-03-08 00:00:00.000,2026,"Mar",3,"Sun",7,"Q-1","Ma"
2026-03-09 00:00:00.000,2026,"Mar",3,"Mon",1,"Q-1","Ma"
2026-03-10 00:00:00.000,2026,"Mar",3,"Tue",2,"Q-1","Ma"
2026-03-11 00:00:00.000,2026,"Mar",3,"Wed",3,"Q-1","Ma"
2026-03-12 00:00:00.000,2026,"Mar",3,"Thu",4,"Q-1","Ma"
2026-03-13 00:00:00.000,2026,"Mar",3,"Fri",5,"Q-1","Ma"
2026-03-14 00:00:00.000,2026,"Mar",3,"Sat",6,"Q-1","Ma"
2026-03-15 00:00:00.000,2026,"Mar",3,"Sun",7,"Q-1","Ma"
2026-03-16 00:00:00.000,2026,"Mar",3,"Mon",1,"Q-1","Ma"
2026-03-17 00:00:00.000,2026,"Mar",3,"Tue",2,"Q-1","Ma"
2026-03-18 00:00:00.000,2026,"Mar",3,"Wed",3,"Q-1","Ma"
2026-03-19 00:00:00.000,2026,"Mar",3,"Thu",4,"Q-1","Ma"
2026-03-20 00:00:00.000,2026,"Mar",3,"Fri",5,"Q-1","Ma"
2026-03-21 00:00:00.000,2026,"Mar",3,"Sat",6,"Q-1","Ma"
2026-03-22 00:00:00.000,2026,"Mar",3,"Sun",7,"Q-1","Ma"
2026-03-23 00:00:00.000,2026,"Mar",3,"Mon",1,"Q-1","Ma"
2026-03-24 00:00:00.000,2026,"Mar",3,"Tue",2,"Q-1","Ma"
2026-03-25 00:00:00.000,2026,"Mar",3,"Wed",3,"Q-1","Ma"
2026-03-26 00:00:00.000,2026,"Mar",3,"Thu",4,"Q-1","Ma"
2026-03-27 00:00:00.000,2026,"Mar",3,"Fri",5,"Q-1","Ma"
2026-03-28 00:00:00.000,2026,"Mar",3,"Sat",6,"Q-1","Ma"
2026-03-29 00:00:00.000,2026,"Mar",3,"Sun",7,"Q-1","Ma"
2026-03-30 00:00:00.000,2026,"Mar",3,"Mon",1,"Q-1","Ma"
2026-03-31 00:00:00.000,2026,"Mar",3,"Tue",2,"Q-1","Ma"
2026-04-01 00:00:00.000,2026,"Apr",4,"Wed",3,"Q-2","Ap"
2026-04-02 00:00:00.000,2026,"Apr",4,"Thu",4,"Q-2","Ap"
2026-04-03 00:00:00.000,2026,"Apr",4,"Fri",5,"Q-2","Ap"
2026-04-04 00:00:00.000,2026,"Apr",4,"Sat",6,"Q-2","Ap"
2026-04-05 00:00:00.000,2026,"Apr",4,"Sun",7,"Q-2","Ap"
2026-04-06 00:00:00.000,2026,"Apr",4,"Mon",1,"Q-2","Ap"
2026-04-07 00:00:00.000,2026,"Apr",4,"Tue",2,"Q-2","Ap"
2026-04-08 00:00:00.000,2026,"Apr",4,"Wed",3,"Q-2","Ap"
2026-04-09 00:00:00.000,2026,"Apr",4,"Thu",4,"Q-2","Ap"
2026-04-10 00:00:00.000,2026,"Apr",4,"Fri",5,"Q-2","Ap"
2026-04-11 00:00:00.000,2026,"Apr",4,"Sat",6,"Q-2","Ap"
2026-04-12 00:00:00.000,2026,"Apr",4,"Sun",7,"Q-2","Ap"
2026-04-13 00:00:00.000,2026,"Apr",4,"Mon",1,"Q-2","Ap"
2026-04-14 00:00:00.000,2026,"Apr",4,"Tue",2,"Q-2","Ap"
2026-04-15 00:00:00.000,2026,"Apr",4,"Wed",3,"Q-2","Ap"
2026-04-16 00:00:00.000,2026,"Apr",4,"Thu",4,"Q-2","Ap"
2026-04-17 00:00:00.000,2026,"Apr",4,"Fri",5,"Q-2","Ap"
2026-04-18 00:00:00.000,2026,"Apr",4,"Sat",6,"Q-2","Ap"
2026-04-19 00:00:00.000,2026,"Apr",4,"Sun",7,"Q-2","Ap"
2026-04-20 00:00:00.000,2026,"Apr",4,"Mon",1,"Q-2","Ap"
2026-04-21 00:00:00.000,2026,"Apr",4,"Tue",2,"Q-2","Ap"
2026-04-22 00:00:00.000,2026,"Apr",4,"Wed",3,"Q-2","Ap"
2026-04-23 00:00:00.000,2026,"Apr",4,"Thu",4,"Q-2","Ap"
2026-04-24 00:00:00.000,2026,"Apr",4,"Fri",5,"Q-2","Ap"
2026-04-25 00:00:00.000,2026,"Apr",4,"Sat",6,"Q-2","Ap"
2026-04-26 00:00:00.000,2026,"Apr",4,"Sun",7,"Q-2","Ap"
2026-04-27 00:00:00.000,2026,"Apr",4,"Mon",1,"Q-2","Ap"
2026-04-28 00:00:00.000,2026,"Apr",4,"Tue",2,"Q-2","Ap"
2026-04-29 00:00:00.000,2026,"Apr",4,"Wed",3,"Q-2","Ap"
2026-04-30 00:00:00.000,2026,"Apr",4,"Thu",4,"Q-2","Ap"
2026-05-01 00:00:00.000,2026,"May",5,"Fri",5,"Q-2","Ma"
2026-05-02 00:00:00.000,2026,"May",5,"Sat",6,"Q-2","Ma"
2026-05-03 00:00:00.000,2026,"May",5,"Sun",7,"Q-2","Ma"
2026-05-04 00:00:00.000,2026,"May",5,"Mon",1,"Q-2","Ma"
2026-05-05 00:00:00.000,2026,"May",5,"Tue",2,"Q-2","Ma"
2026-05-06 00:00:00.000,2026,"May",5,"Wed",3,"Q-2","Ma"
2026-05-07 00:00:00.000,2026,"May",5,"Thu",4,"Q-2","Ma"
2026-05-08 00:00:00.000,2026,"May",5,"Fri",5,"Q-2","Ma"
2026-05-09 00:00:00.000,2026,"May",5,"Sat",6,"Q-2","Ma"
2026-05-10 00:00:00.000,2026,"May",5,"Sun",7,"Q-2","Ma"
2026-05-11 00:00:00.000,2026,"May",5,"Mon",1,"Q-2","Ma"
2026-05-12 00:00:00.000,2026,"May",5,"Tue",2,"Q-2","Ma"
2026-05-13 00:00:00.000,2026,"May",5,"Wed",3,"Q-2","Ma"
2026-05-14 00:00:00.000,2026,"May",5,"Thu",4,"Q-2","Ma"
2026-05-15 00:00:00.000,2026,"May",5,"Fri",5,"Q-2","Ma"
2026-05-16 00:00:00.000,2026,"May",5,"Sat",6,"Q-2","Ma"
2026-05-17 00:00:00.000,2026,"May",5,"Sun",7,"Q-2","Ma"
2026-05-18 00:00:00.000,2026,"May",5,"Mon",1,"Q-2","Ma"
2026-05-19 00:00:00.000,2026,"May",5,"Tue",2,"Q-2","Ma"
2026-05-20 00:00:00.000,2026,"May",5,"Wed",3,"Q-2","Ma"
2026-05-21 00:00:00.000,2026,"May",5,"Thu",4,"Q-2","Ma"
2026-05-22 00:00:00.000,2026,"May",5,"Fri",5,"Q-2","Ma"
2026-05-23 00:00:00.000,2026,"May",5,"Sat",6,"Q-2","Ma"
2026-05-24 00:00:00.000,2026,"May",5,"Sun",7,"Q-2","Ma"
2026-05-25 00:00:00.000,2026,"May",5,"Mon",1,"Q-2","Ma"
2026-05-26 00:00:00.000,2026,"May",5,"Tue",2,"Q-2","Ma"
2026-05-27 00:00:00.000,2026,"May",5,"Wed",3,"Q-2","Ma"
2026-05-28 00:00:00.000,2026,"May",5,"Thu",4,"Q-2","Ma"
2026-05-29 00:00:00.000,2026,"May",5,"Fri",5,"Q-2","Ma"
2026-05-30 00:00:00.000,2026,"May",5,"Sat",6,"Q-2","Ma"
2026-05-31 00:00:00.000,2026,"May",5,"Sun",7,"Q-2","Ma"
2026-06-01 00:00:00.000,2026,"Jun",6,"Mon",1,"Q-2","Ju"
2026-06-02 00:00:00.000,2026,"Jun",6,"Tue",2,"Q-2","Ju"
2026-06-03 00:00:00.000,2026,"Jun",6,"Wed",3,"Q-2","Ju"
2026-06-04 00:00:00.000,2026,"Jun",6,"Thu",4,"Q-2","Ju"
2026-06-05 00:00:00.000,2026,"Jun",6,"Fri",5,"Q-2","Ju"
2026-06-06 00:00:00.000,2026,"Jun",6,"Sat",6,"Q-2","Ju"
2026-06-07 00:00:00.000,2026,"Jun",6,"Sun",7,"Q-2","Ju"
2026-06-08 00:00:00.000,2026,"Jun",6,"Mon",1,"Q-2","Ju"
2026-06-09 00:00:00.000,2026,"Jun",6,"Tue",2,"Q-2","Ju"
2026-06-10 00:00:00.000,2026,"Jun",6,"Wed",3,"Q-2","Ju"
2026-06-11 00:00:00.000,2026,"Jun",6,"Thu",4,"Q-2","Ju"
2026-06-12 00:00:00.000,2026,"Jun",6,"Fri",5,"Q-2","Ju"
2026-06-13 00:00:00.000,2026,"Jun",6,"Sat",6,"Q-2","Ju"
2026-06-14 00:00:00.000,2026,"Jun",6,"Sun",7,"Q-2","Ju"
2026-06-15 00:00:00.000,2026,"Jun",6,"Mon",1,"Q-2","Ju"
2026-06-16 00:00:00.000,2026,"Jun",6,"Tue",2,"Q-2","Ju"
2026-06-17 00:00:00.000,2026,"Jun",6,"Wed",3,"Q-2","Ju"
2026-06-18 00:00:00.000,2026,"Jun",6,"Thu",4,"Q-2","Ju"
2026-06-19 00:00:00.000,2026,"Jun",6,"Fri",5,"Q-2","Ju"
2026-06-20 00:00:00.000,2026,"Jun",6,"Sat",6,"Q-2","Ju"
2026-06-21 00:00:00.000,2026,"Jun",6,"Sun",7,"Q-2","Ju"
2026-06-22 00:00:00.000,2026,"Jun",6,"Mon",1,"Q-2","Ju"
2026-06-23 00:00:00.000,2026,"Jun",6,"Tue",2,"Q-2","Ju"
2026-06-24 00:00:00.000,2026,"Jun",6,"Wed",3,"Q-2","Ju"
2026-06-25 00:00:00.000,2026,"Jun",6,"Thu",4,"Q-2","Ju"
2026-06-26 00:00:00.000,2026,"Jun",6,"Fri",5,"Q-2","Ju"
2026-06-27 00:00:00.000,2026,"Jun",6,"Sat",6,"Q-2","Ju"
2026-06-28 00:00:00.000,2026,"Jun",6,"Sun",7,"Q-2","Ju"
2026-06-29 00:00:00.000,2026,"Jun",6,"Mon",1,"Q-2","Ju"
2026-06-30 00:00:00.000,2026,"Jun",6,"Tue",2,"Q-2","Ju"
2026-07-01 00:00:00.000,2026,"Jul",7,"Wed",3,"Q-3","Ju"
2026-07-02 00:00:00.000,2026,"Jul",7,"Thu",4,"Q-3","Ju"
2026-07-03 00:00:00.000,2026,"Jul",7,"Fri",5,"Q-3","Ju"
2026-07-04 00:00:00.000,2026,"Jul",7,"Sat",6,"Q-3","Ju"
2026-07-05 00:00:00.000,2026,"Jul",7,"Sun",7,"Q-3","Ju"
2026-07-06 00:00:00.000,2026,"Jul",7,"Mon",1,"Q-3","Ju"
2026-07-07 00:00:00.000,2026,"Jul",7,"Tue",2,"Q-3","Ju"
2026-07-08 00:00:00.000,2026,"Jul",7,"Wed",3,"Q-3","Ju"
2026-07-09 00:00:00.000,2026,"Jul",7,"Thu",4,"Q-3","Ju"
2026-07-10 00:00:00.000,2026,"Jul",7,"Fri",5,"Q-3","Ju"
2026-07-11 00:00:00.000,2026,"Jul",7,"Sat",6,"Q-3","Ju"
2026-07-12 00:00:00.000,2026,"Jul",7,"Sun",7,"Q-3","Ju"
2026-07-13 00:00:00.000,2026,"Jul",7,"Mon",1,"Q-3","Ju"
2026-07-14 00:00:00.000,2026,"Jul",7,"Tue",2,"Q-3","Ju"
2026-07-15 00:00:00.000,2026,"Jul",7,"Wed",3,"Q-3","Ju"
2026-07-16 00:00:00.000,2026,"Jul",7,"Thu",4,"Q-3","Ju"
2026-07-17 00:00:00.000,2026,"Jul",7,"Fri",5,"Q-3","Ju"
2026-07-18 00:00:00.000,2026,"Jul",7,"Sat",6,"Q-3","Ju"
2026-07-19 00:00:00.000,2026,"Jul",7,"Sun",7,"Q-3","Ju"
2026-07-20 00:00:00.000,2026,"Jul",7,"Mon",1,"Q-3","Ju"
2026-07-21 00:00:00.000,2026,"Jul",7,"Tue",2,"Q-3","Ju"
2026-07-22 00:00:00.000,2026,"Jul",7,"Wed",3,"Q-3","Ju"
2026-07-23 00:00:00.000,2026,"Jul",7,"Thu",4,"Q-3","Ju"
2026-07-24 00:00:00.000,2026,"Jul",7,"Fri",5,"Q-3","Ju"
2026-07-25 00:00:00.000,2026,"Jul",7,"Sat",6,"Q-3","Ju"
2026-07-26 00:00:00.000,2026,"Jul",7,"Sun",7,"Q-3","Ju"
2026-07-27 00:00:00.000,2026,"Jul",7,"Mon",1,"Q-3","Ju"
2026-07-28 00:00:00.000,2026,"Jul",7,"Tue",2,"Q-3","Ju"
2026-07-29 00:00:00.000,2026,"Jul",7,"Wed",3,"Q-3","Ju"
2026-07-30 00:00:00.000,2026,"Jul",7,"Thu",4,"Q-3","Ju"
2026-07-31 00:00:00.000,2026,"Jul",7,"Fri",5,"Q-3","Ju"
2026-08-01 00:00:00.000,2026,"Aug",8,"Sat",6,"Q-3","Au"
2026-08-02 00:00:00.000,2026,"Aug",8,"Sun",7,"Q-3","Au"
2026-08-03 00:00:00.000,2026,"Aug",8,"Mon",1,"Q-3","Au"
2026-08-04 00:00:00.000,2026,"Aug",8,"Tue",2,"Q-3","Au"
2026-08-05 00:00:00.000,2026,"Aug",8,"Wed",3,"Q-3","Au"
2026-08-06 00:00:00.000,2026,"Aug",8,"Thu",4,"Q-3","Au"
2026-08-07 00:00:00.000,2026,"Aug",8,"Fri",5,"Q-3","Au"
2026-08-08 00:00:00.000,2026,"Aug",8,"Sat",6,"Q-3","Au"
2026-08-09 00:00:00.000,2026,"Aug",8,"Sun",7,"Q-3","Au"
2026-08-10 00:00:00.000,2026,"Aug",8,"Mon",1,"Q-3","Au"
2026-08-11 00:00:00.000,2026,"Aug",8,"Tue",2,"Q-3","Au"
2026-08-12 00:00:00.000,2026,"Aug",8,"Wed",3,"Q-3","Au"
2026-08-13 00:00:00.000,2026,"Aug",8,"Thu",4,"Q-3","Au"
2026-08-14 00:00:00.000,2026,"Aug",8,"Fri",5,"Q-3","Au"
2026-08-15 00:00:00.000,2026,"Aug",8,"Sat",6,"Q-3","Au"
2026-08-16 00:00:00.000,2026,"Aug",8,"Sun",7,"Q-3","Au"
2026-08-17 00:00:00.000,2026,"Aug",8,"Mon",1,"Q-3","Au"
2026-08-18 00:00:00.000,2026,"Aug",8,"Tue",2,"Q-3","Au"
2026-08-19 00:00:00.000,2026,"Aug",8,"Wed",3,"Q-3","Au"
2026-08-20 00:00:00.000,2026,"Aug",8,"Thu",4,"Q-3","Au"
2026-08-21 00:00:00.000,2026,"Aug",8,"Fri",5,"Q-3","Au"
2026-08-22 00:00:00.000,2026,"Aug",8,"Sat",6,"Q-3","Au"
2026-08-23 00:00:00.000,2026,"Aug",8,"Sun",7,"Q-3","Au"
2026-08-24 00:00:00.000,2026,"Aug",8,"Mon",1,"Q-3","Au"
2026-08-25 00:00:00.000,2026,"Aug",8,"Tue",2,"Q-3","Au"
2026-08-26 00:00:00.000,2026,"Aug",8,"Wed",3,"Q-3","Au"
2026-08-27 00:00:00.000,2026,"Aug",8,"Thu",4,"Q-3","Au"
2026-08-28 00:00:00.000,2026,"Aug",8,"Fri",5,"Q-3","Au"
2026-08-29 00:00:00.000,2026,"Aug",8,"Sat",6,"Q-3","Au"
2026-08-30 00:00:00.000,2026,"Aug",8,"Sun",7,"Q-3","Au"
2026-08-31 00:00:00.000,2026,"Aug",8,"Mon",1,"Q-3","Au"
2026-09-01 00:00:00.000,2026,"Sep",9,"Tue",2,"Q-3","Se"
2026-09-02 00:00:00.000,2026,"Sep",9,"Wed",3,"Q-3","Se"
2026-09-03 00:00:00.000,2026,"Sep",9,"Thu",4,"Q-3","Se"
2026-09-04 00:00:00.000,2026,"Sep",9,"Fri",5,"Q-3","Se"
2026-09-05 00:00:00.000,2026,"Sep",9,"Sat",6,"Q-3","Se"
2026-09-06 00:00:00.000,2026,"Sep",9,"Sun",7,"Q-3","Se"
2026-09-07 00:00:00.000,2026,"Sep",9,"Mon",1,"Q-3","Se"
2026-09-08 00:00:00.000,2026,"Sep",9,"Tue",2,"Q-3","Se"
2026-09-09 00:00:00.000,2026,"Sep",9,"Wed",3,"Q-3","Se"
2026-09-10 00:00:00.000,2026,"Sep",9,"Thu",4,"Q-3","Se"
2026-09-11 00:00:00.000,2026,"Sep",9,"Fri",5,"Q-3","Se"
2026-09-12 00:00:00.000,2026,"Sep",9,"Sat",6,"Q-3","Se"
2026-09-13 00:00:00.000,2026,"Sep",9,"Sun",7,"Q-3","Se"
2026-09-14 00:00:00.000,2026,"Sep",9,"Mon",1,"Q-3","Se"
2026-09-15 00:00:00.000,2026,"Sep",9,"Tue",2,"Q-3","Se"
2026-09-16 00:00:00.000,2026,"Sep",9,"Wed",3,"Q-3","Se"
2026-09-17 00:00:00.000,2026,"Sep",9,"Thu",4,"Q-3","Se"
2026-09-18 00:00:00.000,2026,"Sep",9,"Fri",5,"Q-3","Se"
2026-09-19 00:00:00.000,2026,"Sep",9,"Sat",6,"Q-3","Se"
2026-09-20 00:00:00.000,2026,"Sep",9,"Sun",7,"Q-3","Se"
2026-09-21 00:00:00.000,2026,"Sep",9,"Mon",1,"Q-3","Se"
2026-09-22 00:00:00.000,2026,"Sep",9,"Tue",2,"Q-3","Se"
2026-09-23 00:00:00.000,2026,"Sep",9,"Wed",3,"Q-3","Se"
2026-09-24 00:00:00.000,2026,"Sep",9,"Thu",4,"Q-3","Se"
2026-09-25 00:00:00.000,2026,"Sep",9,"Fri",5,"Q-3","Se"
2026-09-26 00:00:00.000,2026,"Sep",9,"Sat",6,"Q-3","Se"
2026-09-27 00:00:00.000,2026,"Sep",9,"Sun",7,"Q-3","Se"
2026-09-28 00:00:00.000,2026,"Sep",9,"Mon",1,"Q-3","Se"
2026-09-29 00:00:00.000,2026,"Sep",9,"Tue",2,"Q-3","Se"
2026-09-30 00:00:00.000,2026,"Sep",9,"Wed",3,"Q-3","Se"
2026-10-01 00:00:00.000,2026,"Oct",10,"Thu",4,"Q-4","Oc"
2026-10-02 00:00:00.000,2026,"Oct",10,"Fri",5,"Q-4","Oc"
2026-10-03 00:00:00.000,2026,"Oct",10,"Sat",6,"Q-4","Oc"
2026-10-04 00:00:00.000,2026,"Oct",10,"Sun",7,"Q-4","Oc"
2026-10-05 00:00:00.000,2026,"Oct",10,"Mon",1,"Q-4","Oc"
2026-10-06 00:00:00.000,2026,"Oct",10,"Tue",2,"Q-4","Oc"
2026-10-07 00:00:00.000,2026,"Oct",10,"Wed",3,"Q-4","Oc"
2026-10-08 00:00:00.000,2026,"Oct",10,"Thu",4,"Q-4","Oc"
2026-10-09 00:00:00.000,2026,"Oct",10,"Fri",5,"Q-4","Oc"
2026-10-10 00:00:00.000,2026,"Oct",10,"Sat",6,"Q-4","Oc"
2026-10-11 00:00:00.000,2026,"Oct",10,"Sun",7,"Q-4","Oc"
2026-10-12 00:00:00.000,2026,"Oct",10,"Mon",1,"Q-4","Oc"
2026-10-13 00:00:00.000,2026,"Oct",10,"Tue",2,"Q-4","Oc"
2026-10-14 00:00:00.000,2026,"Oct",10,"Wed",3,"Q-4","Oc"
2026-10-15 00:00:00.000,2026,"Oct",10,"Thu",4,"Q-4","Oc"
2026-10-16 00:00:00.000,2026,"Oct",10,"Fri",5,"Q-4","Oc"
2026-10-17 00:00:00.000,2026,"Oct",10,"Sat",6,"Q-4","Oc"
2026-10-18 00:00:00.000,2026,"Oct",10,"Sun",7,"Q-4","Oc"
2026-10-19 00:00:00.000,2026,"Oct",10,"Mon",1,"Q-4","Oc"
2026-10-20 00:00:00.000,2026,"Oct",10,"Tue",2,"Q-4","Oc"
2026-10-21 00:00:00.000,2026,"Oct",10,"Wed",3,"Q-4","Oc"
2026-10-22 00:00:00.000,2026,"Oct",10,"Thu",4,"Q-4","Oc"
2026-10-23 00:00:00.000,2026,"Oct",10,"Fri",5,"Q-4","Oc"
2026-10-24 00:00:00.000,2026,"Oct",10,"Sat",6,"Q-4","Oc"
2026-10-25 00:00:00.000,2026,"Oct",10,"Sun",7,"Q-4","Oc"
2026-10-26 00:00:00.000,2026,"Oct",10,"Mon",1,"Q-4","Oc"
2026-10-27 00:00:00.000,2026,"Oct",10,"Tue",2,"Q-4","Oc"
2026-10-28 00:00:00.000,2026,"Oct",10,"Wed",3,"Q-4","Oc"
2026-10-29 00:00:00.000,2026,"Oct",10,"Thu",4,"Q-4","Oc"
2026-10-30 00:00:00.000,2026,"Oct",10,"Fri",5,"Q-4","Oc"
2026-10-31 00:00:00.000,2026,"Oct",10,"Sat",6,"Q-4","Oc"
2026-11-01 00:00:00.000,2026,"Nov",11,"Sun",7,"Q-4","No"
2026-11-02 00:00:00.000,2026,"Nov",11,"Mon",1,"Q-4","No"
2026-11-03 00:00:00.000,2026,"Nov",11,"Tue",2,"Q-4","No"
2026-11-04 00:00:00.000,2026,"Nov",11,"Wed",3,"Q-4","No"
2026-11-05 00:00:00.000,2026,"Nov",11,"Thu",4,"Q-4","No"
2026-11-06 00:00:00.000,2026,"Nov",11,"Fri",5,"Q-4","No"
2026-11-07 00:00:00.000,2026,"Nov",11,"Sat",6,"Q-4","No"
2026-11-08 00:00:00.000,2026,"Nov",11,"Sun",7,"Q-4","No"
2026-11-09 00:00:00.000,2026,"Nov",11,"Mon",1,"Q-4","No"
2026-11-10 00:00:00.000,2026,"Nov",11,"Tue",2,"Q-4","No"
2026-11-11 00:00:00.000,2026,"Nov",11,"Wed",3,"Q-4","No"
2026-11-12 00:00:00.000,2026,"Nov",11,"Thu",4,"Q-4","No"
2026-11-13 00:00:00.000,2026,"Nov",11,"Fri",5,"Q-4","No"
2026-11-14 00:00:00.000,2026,"Nov",11,"Sat",6,"Q-4","No"
2026-11-15 00:00:00.000,2026,"Nov",11,"Sun",7,"Q-4","No"
2026-11-16 00:00:00.000,2026,"Nov",11,"Mon",1,"Q-4","No"
2026-11-17 00:00:00.000,2026,"Nov",11,"Tue",2,"Q-4","No"
2026-11-18 00:00:00.000,2026,"Nov",11,"Wed",3,"Q-4","No"
2026-11-19 00:00:00.000,2026,"Nov",11,"Thu",4,"Q-4","No"
2026-11-20 00:00:00.000,2026,"Nov",11,"Fri",5,"Q-4","No"
2026-11-21 00:00:00.000,2026,"Nov",11,"Sat",6,"Q-4","No"
2026-11-22 00:00:00.000,2026,"Nov",11,"Sun",7,"Q-4","No"
2026-11-23 00:00:00.000,2026,"Nov",11,"Mon",1,"Q-4","No"
2026-11-24 00:00:00.000,2026,"Nov",11,"Tue",2,"Q-4","No"
2026-11-25 00:00:00.000,2026,"Nov",11,"Wed",3,"Q-4","No"
2026-11-26 00:00:00.000,2026,"Nov",11,"Thu",4,"Q-4","No"
2026-11-27 00:00:00.000,2026,"Nov",11,"Fri",5,"Q-4","No"
2026-11-28 00:00:00.000,2026,"Nov",11,"Sat",6,"Q-4","No"
2026-11-29 00:00:00.000,2026,"Nov",11,"Sun",7,"Q-4","No"
2026-11-30 00:00:00.000,2026,"Nov",11,"Mon",1,"Q-4","No"
2026-12-01 00:00:00.000,2026,"Dec",12,"Tue",2,"Q-4","De"
