SaleID,Product_id,Customer_id,Units_sold,SaleDate,BuyerType,year
11,32,87,4,"Monday, May 29, 2023",User,2023
62,32,29,4,"Wednesday, September 27, 2023",User,2023
100,32,20,4,"Tuesday, April 18, 2023",User,2023
195,32,140,4,"Friday, October 6, 2023",User,2023
850,32,30,4,"Friday, December 15, 2023",User,2023
1132,32,200,4,"Thursday, December 28, 2023",User,2023
1135,32,120,4,"Sunday, September 24, 2023",User,2023
1389,32,126,4,"Sunday, March 12, 2023",User,2023
1570,32,28,4,"Saturday, March 25, 2023",User,2023
1789,32,32,4,"Friday, February 10, 2023",User,2023
1918,32,195,4,"Saturday, July 15, 2023",User,2023
1930,32,186,4,"Thursday, June 22, 2023",User,2023
2086,32,194,4,"Wednesday, February 8, 2023",User,2023
2286,32,56,4,"Monday, December 18, 2023",User,2023
2406,32,76,4,"Tuesday, November 14, 2023",User,2023
2433,32,200,4,"Sunday, January 8, 2023",User,2023
2644,32,32,4,"Thursday, November 2, 2023",User,2023
2721,32,21,4,"Wednesday, March 8, 2023",User,2023
2803,32,66,4,"Saturday, September 2, 2023",User,2023
3136,32,87,4,"Thursday, March 30, 2023",User,2023
3352,32,162,4,"Monday, February 27, 2023",User,2023
4019,32,2,4,"Sunday, April 2, 2023",User,2023
4414,32,154,4,"Thursday, June 1, 2023",User,2023
4485,32,103,4,"Sunday, September 3, 2023",User,2023
4729,32,152,4,"Monday, December 4, 2023",User,2023
4799,32,186,4,"Thursday, April 13, 2023",User,2023
4806,32,78,4,"Wednesday, June 21, 2023",User,2023
4869,32,178,4,"Monday, June 12, 2023",User,2023
5278,32,186,4,"Friday, November 10, 2023",User,2023
5428,32,195,4,"Thursday, July 20, 2023",User,2023
5565,32,122,4,"Tuesday, April 4, 2023",User,2023
5874,32,61,4,"Saturday, September 30, 2023",User,2023
6393,32,100,4,"Saturday, April 15, 2023",User,2023
6537,32,127,4,"Saturday, February 18, 2023",User,2023
6649,32,96,4,"Tuesday, June 27, 2023",User,2023
6654,32,46,4,"Wednesday, September 20, 2023",User,2023
6742,32,82,4,"Friday, November 17, 2023",User,2023
6760,32,27,4,"Monday, February 13, 2023",User,2023
6819,32,148,4,"Wednesday, September 13, 2023",User,2023
6825,32,11,4,"Tuesday, April 25, 2023",User,2023
6836,32,43,4,"Sunday, April 16, 2023",User,2023
6934,32,146,4,"Tuesday, October 24, 2023",User,2023
7019,32,56,4,"Wednesday, August 9, 2023",User,2023
7083,32,135,4,"Tuesday, May 2, 2023",User,2023
7213,32,147,4,"Monday, July 10, 2023",User,2023
7318,32,9,4,"Monday, June 26, 2023",User,2023
7719,32,9,4,"Sunday, July 2, 2023",User,2023
7818,32,69,4,"Sunday, August 27, 2023",User,2023
8002,32,88,4,"Thursday, November 23, 2023",User,2023
8015,32,156,4,"Saturday, December 30, 2023",User,2023
8020,32,109,4,"Sunday, January 29, 2023",User,2023
8061,32,191,4,"Sunday, February 5, 2023",User,2023
8070,32,118,4,"Sunday, April 23, 2023",User,2023
8110,32,111,4,"Monday, April 3, 2023",User,2023
8198,32,16,4,"Tuesday, July 25, 2023",User,2023
8277,32,163,4,"Thursday, June 1, 2023",User,2023
8342,32,111,4,"Thursday, March 9, 2023",User,2023
8803,32,150,4,"Friday, May 19, 2023",User,2023
8861,32,182,4,"Tuesday, October 31, 2023",User,2023
8983,32,117,4,"Saturday, January 21, 2023",User,2023
9584,32,183,4,"Saturday, September 9, 2023",User,2023
9698,32,191,4,"Monday, January 23, 2023",User,2023
9779,32,25,4,"Tuesday, November 21, 2023",User,2023
9810,32,103,4,"Tuesday, October 3, 2023",User,2023
9874,32,48,4,"Monday, March 20, 2023",User,2023
62,32,29,4,"Sunday, June 11, 2023",User,2023
100,32,20,4,"Thursday, December 28, 2023",User,2023
195,32,140,4,"Thursday, May 4, 2023",User,2023
850,32,30,4,"Sunday, April 9, 2023",User,2023
1132,32,200,4,"Thursday, December 28, 2023",User,2023
1135,32,120,4,"Sunday, September 24, 2023",User,2023
1389,32,126,4,"Sunday, March 12, 2023",User,2023
1570,32,28,4,"Saturday, March 25, 2023",User,2023
1789,32,32,4,"Friday, February 10, 2023",User,2023
1918,32,195,4,"Saturday, July 15, 2023",User,2023
1930,32,186,4,"Thursday, June 22, 2023",User,2023
2086,32,194,4,"Wednesday, February 8, 2023",User,2023
2286,32,56,4,"Monday, December 18, 2023",User,2023
2406,32,76,4,"Tuesday, November 14, 2023",User,2023
2433,32,200,4,"Sunday, January 8, 2023",User,2023
2644,32,32,4,"Thursday, November 2, 2023",User,2023
2721,32,21,4,"Wednesday, March 8, 2023",User,2023
2803,32,66,4,"Saturday, September 2, 2023",User,2023
3136,32,87,4,"Thursday, March 30, 2023",User,2023
3352,32,162,4,"Monday, February 27, 2023",User,2023
4019,32,2,4,"Sunday, April 2, 2023",User,2023
4414,32,154,4,"Thursday, June 1, 2023",User,2023
4485,32,103,4,"Sunday, September 3, 2023",User,2023
4729,32,152,4,"Monday, December 4, 2023",User,2023
4799,32,186,4,"Thursday, April 13, 2023",User,2023
4806,32,78,4,"Wednesday, June 21, 2023",User,2023
147,32,189,4,"Friday, May 27, 2022",User,2022
53,27,120,4,"Sunday, April 2, 2023",User,2023
54,27,145,4,"Friday, June 2, 2023",User,2023
185,27,13,4,"Sunday, February 5, 2023",User,2023
328,27,184,4,"Tuesday, June 27, 2023",User,2023
531,27,42,4,"Saturday, April 1, 2023",User,2023
629,27,126,4,"Monday, September 18, 2023",User,2023
749,27,28,4,"Thursday, May 25, 2023",User,2023
1076,27,129,4,"Saturday, May 27, 2023",User,2023
1119,27,2,4,"Tuesday, January 24, 2023",User,2023
1200,27,119,4,"Monday, January 9, 2023",User,2023
1243,27,151,4,"Tuesday, June 20, 2023",User,2023
1299,27,30,4,"Friday, April 7, 2023",User,2023
1747,27,67,4,"Saturday, January 28, 2023",User,2023
1906,27,121,4,"Saturday, January 28, 2023",User,2023
1909,27,113,4,"Thursday, May 11, 2023",User,2023
1962,27,42,4,"Saturday, July 29, 2023",User,2023
2161,27,191,4,"Friday, November 17, 2023",User,2023
2481,27,160,4,"Friday, May 12, 2023",User,2023
2597,27,175,4,"Saturday, February 25, 2023",User,2023
2600,27,127,4,"Friday, March 3, 2023",User,2023
2676,27,2,4,"Friday, June 2, 2023",User,2023
3182,27,192,4,"Sunday, October 8, 2023",User,2023
3478,27,140,4,"Monday, July 10, 2023",User,2023
3587,27,8,4,"Monday, September 25, 2023",User,2023
3605,27,184,4,"Tuesday, August 29, 2023",User,2023
3657,27,91,4,"Sunday, January 22, 2023",User,2023
3997,27,100,4,"Sunday, December 31, 2023",User,2023
4035,27,110,4,"Wednesday, August 16, 2023",User,2023
4076,27,17,4,"Saturday, July 15, 2023",User,2023
4167,27,92,4,"Thursday, November 30, 2023",User,2023
4372,27,198,4,"Sunday, January 22, 2023",User,2023
4465,27,27,4,"Wednesday, March 29, 2023",User,2023
4519,27,190,4,"Monday, August 14, 2023",User,2023
4534,27,172,4,"Friday, June 23, 2023",User,2023
5147,27,134,4,"Sunday, December 31, 2023",User,2023
5158,27,20,4,"Friday, August 4, 2023",User,2023
5256,27,26,4,"Wednesday, November 29, 2023",User,2023
5335,27,72,4,"Wednesday, February 22, 2023",User,2023
5681,27,38,4,"Thursday, April 20, 2023",User,2023
6467,27,78,4,"Monday, March 6, 2023",User,2023
7507,27,192,4,"Tuesday, November 21, 2023",User,2023
7573,27,193,4,"Monday, September 4, 2023",User,2023
7723,27,95,4,"Monday, March 6, 2023",User,2023
8178,27,133,4,"Friday, February 3, 2023",User,2023
8232,27,188,4,"Tuesday, February 7, 2023",User,2023
8315,27,7,4,"Saturday, June 10, 2023",User,2023
8585,27,164,4,"Friday, January 13, 2023",User,2023
8661,27,51,4,"Friday, September 15, 2023",User,2023
8737,27,83,4,"Saturday, January 14, 2023",User,2023
8760,27,9,4,"Wednesday, June 21, 2023",User,2023
9047,27,6,4,"Saturday, July 29, 2023",User,2023
9546,27,111,4,"Wednesday, September 20, 2023",User,2023
9760,27,197,4,"Sunday, December 17, 2023",User,2023
9882,27,50,4,"Saturday, November 11, 2023",User,2023
9954,27,174,4,"Tuesday, August 1, 2023",User,2023
9997,27,40,4,"Thursday, September 21, 2023",User,2023
53,27,94,4,"Tuesday, October 24, 2023",User,2023
54,27,94,4,"Wednesday, October 25, 2023",User,2023
185,27,13,4,"Wednesday, March 22, 2023",User,2023
328,27,184,4,"Tuesday, January 24, 2023",User,2023
531,27,42,4,"Wednesday, May 17, 2023",User,2023
629,27,126,4,"Friday, February 10, 2023",User,2023
749,27,28,4,"Friday, April 14, 2023",User,2023
1076,27,129,4,"Saturday, May 27, 2023",User,2023
1119,27,2,4,"Tuesday, January 24, 2023",User,2023
1200,27,119,4,"Monday, January 9, 2023",User,2023
1243,27,151,4,"Tuesday, June 20, 2023",User,2023
1299,27,30,4,"Friday, April 7, 2023",User,2023
1747,27,67,4,"Saturday, January 28, 2023",User,2023
1906,27,121,4,"Saturday, January 28, 2023",User,2023
1909,27,113,4,"Thursday, May 11, 2023",User,2023
1962,27,42,4,"Saturday, July 29, 2023",User,2023
2161,27,191,4,"Friday, November 17, 2023",User,2023
2481,27,160,4,"Friday, May 12, 2023",User,2023
2597,27,175,4,"Saturday, February 25, 2023",User,2023
2600,27,127,4,"Friday, March 3, 2023",User,2023
2676,27,2,4,"Friday, June 2, 2023",User,2023
3182,27,192,4,"Sunday, October 8, 2023",User,2023
3478,27,140,4,"Monday, July 10, 2023",User,2023
3587,27,8,4,"Monday, September 25, 2023",User,2023
3605,27,184,4,"Tuesday, August 29, 2023",User,2023
3657,27,91,4,"Sunday, January 22, 2023",User,2023
3997,27,100,4,"Sunday, December 31, 2023",User,2023
4035,27,110,4,"Wednesday, August 16, 2023",User,2023
4076,27,17,4,"Saturday, July 15, 2023",User,2023
4167,27,92,4,"Thursday, November 30, 2023",User,2023
4372,27,198,4,"Sunday, January 22, 2023",User,2023
4465,27,27,4,"Wednesday, March 29, 2023",User,2023
4519,27,190,4,"Monday, August 14, 2023",User,2023
4534,27,172,4,"Friday, June 23, 2023",User,2023
52,8,156,4,"Wednesday, September 27, 2023",User,2023
123,8,136,4,"Sunday, March 26, 2023",User,2023
201,8,70,4,"Wednesday, October 4, 2023",User,2023
277,8,183,4,"Tuesday, March 7, 2023",User,2023
312,8,48,4,"Saturday, June 17, 2023",User,2023
442,8,89,4,"Sunday, November 5, 2023",User,2023
524,8,143,4,"Thursday, March 30, 2023",User,2023
539,8,50,4,"Sunday, September 3, 2023",User,2023
1047,8,164,4,"Friday, September 22, 2023",User,2023
1136,8,64,4,"Tuesday, January 10, 2023",User,2023
1273,8,1,4,"Tuesday, October 31, 2023",User,2023
1643,8,20,4,"Saturday, October 7, 2023",User,2023
1766,8,166,4,"Wednesday, February 15, 2023",User,2023
2130,8,132,4,"Thursday, August 24, 2023",User,2023
2382,8,31,4,"Saturday, November 25, 2023",User,2023
2618,8,31,4,"Saturday, March 18, 2023",User,2023
2774,8,87,4,"Thursday, June 29, 2023",User,2023
3106,8,192,4,"Tuesday, July 18, 2023",User,2023
3200,8,113,4,"Thursday, May 4, 2023",User,2023
3252,8,70,4,"Saturday, November 4, 2023",User,2023
3289,8,14,4,"Saturday, December 30, 2023",User,2023
3344,8,121,4,"Friday, June 9, 2023",User,2023
3619,8,13,4,"Sunday, March 19, 2023",User,2023
3868,8,141,4,"Sunday, March 5, 2023",User,2023
4091,8,80,4,"Sunday, January 29, 2023",User,2023
4209,8,50,4,"Thursday, October 26, 2023",User,2023
4269,8,30,4,"Monday, November 27, 2023",User,2023
4406,8,189,4,"Saturday, July 29, 2023",User,2023
4410,8,77,4,"Monday, June 26, 2023",User,2023
5067,8,49,4,"Monday, March 20, 2023",User,2023
5529,8,124,4,"Saturday, April 8, 2023",User,2023
5532,8,176,4,"Thursday, March 23, 2023",User,2023
5655,8,17,4,"Thursday, September 14, 2023",User,2023
5882,8,174,4,"Sunday, July 30, 2023",User,2023
6044,8,39,4,"Friday, August 18, 2023",User,2023
6199,8,173,4,"Saturday, July 1, 2023",User,2023
6391,8,103,4,"Friday, July 14, 2023",User,2023
6822,8,132,4,"Monday, May 8, 2023",User,2023
6860,8,52,4,"Thursday, September 21, 2023",User,2023
6902,8,141,4,"Sunday, June 4, 2023",User,2023
7001,8,146,4,"Saturday, January 28, 2023",User,2023
7390,8,116,4,"Wednesday, March 22, 2023",User,2023
7661,8,16,4,"Saturday, September 23, 2023",User,2023
7743,8,64,4,"Wednesday, July 5, 2023",User,2023
7971,8,102,4,"Friday, September 15, 2023",User,2023
7990,8,23,4,"Sunday, November 5, 2023",User,2023
8120,8,145,4,"Friday, March 31, 2023",User,2023
8136,8,183,4,"Sunday, September 3, 2023",User,2023
8244,8,83,4,"Wednesday, December 13, 2023",User,2023
8255,8,92,4,"Sunday, February 12, 2023",User,2023
8557,8,59,4,"Sunday, May 14, 2023",User,2023
8559,8,180,4,"Saturday, October 21, 2023",User,2023
8631,8,182,4,"Thursday, August 24, 2023",User,2023
8980,8,107,4,"Thursday, November 16, 2023",User,2023
9102,8,92,4,"Friday, April 14, 2023",User,2023
9370,8,109,4,"Wednesday, November 22, 2023",User,2023
9404,8,116,4,"Monday, February 27, 2023",User,2023
9659,8,31,4,"Saturday, February 25, 2023",User,2023
9701,8,46,4,"Wednesday, October 11, 2023",User,2023
52,8,94,4,"Monday, October 23, 2023",User,2023
123,8,136,4,"Tuesday, January 30, 2024",User,2024
201,8,70,4,"Thursday, April 13, 2023",User,2023
277,8,183,4,"Friday, July 28, 2023",User,2023
312,8,48,4,"Friday, September 15, 2023",User,2023
442,8,89,4,"Tuesday, March 7, 2023",User,2023
524,8,143,4,"Saturday, August 5, 2023",User,2023
539,8,50,4,"Monday, May 29, 2023",User,2023
1047,8,164,4,"Friday, September 22, 2023",User,2023
1136,8,64,4,"Tuesday, January 10, 2023",User,2023
1273,8,1,4,"Tuesday, October 31, 2023",User,2023
1643,8,20,4,"Saturday, October 7, 2023",User,2023
1766,8,166,4,"Wednesday, February 15, 2023",User,2023
2130,8,132,4,"Thursday, August 24, 2023",User,2023
2382,8,31,4,"Saturday, November 25, 2023",User,2023
2618,8,31,4,"Saturday, March 18, 2023",User,2023
2774,8,87,4,"Thursday, June 29, 2023",User,2023
3106,8,192,4,"Tuesday, July 18, 2023",User,2023
3200,8,113,4,"Thursday, May 4, 2023",User,2023
3252,8,70,4,"Saturday, November 4, 2023",User,2023
3289,8,14,4,"Saturday, December 30, 2023",User,2023
3344,8,121,4,"Friday, June 9, 2023",User,2023
3619,8,13,4,"Sunday, March 19, 2023",User,2023
3868,8,141,4,"Sunday, March 5, 2023",User,2023
4091,8,80,4,"Sunday, January 29, 2023",User,2023
4209,8,50,4,"Thursday, October 26, 2023",User,2023
4269,8,30,4,"Monday, November 27, 2023",User,2023
4406,8,189,4,"Saturday, July 29, 2023",User,2023
4410,8,77,4,"Monday, June 26, 2023",User,2023
732,8,57,4,"Thursday, February 1, 2024",User,2024
1197,8,124,4,"Tuesday, November 4, 2025",User,2025
37,15,122,4,"Friday, August 11, 2023",User,2023
46,15,16,4,"Sunday, August 27, 2023",User,2023
131,15,88,4,"Thursday, August 10, 2023",User,2023
549,15,54,4,"Monday, March 13, 2023",User,2023
613,15,119,4,"Tuesday, March 21, 2023",User,2023
701,15,84,4,"Thursday, September 21, 2023",User,2023
776,15,139,4,"Monday, April 10, 2023",User,2023
866,15,3,4,"Tuesday, June 6, 2023",User,2023
1183,15,139,4,"Wednesday, October 11, 2023",User,2023
1627,15,114,4,"Wednesday, March 22, 2023",User,2023
1674,15,195,4,"Sunday, June 4, 2023",User,2023
2037,15,98,4,"Saturday, November 11, 2023",User,2023
2112,15,178,4,"Friday, March 17, 2023",User,2023
2202,15,118,4,"Wednesday, May 24, 2023",User,2023
2460,15,89,4,"Monday, September 18, 2023",User,2023
2702,15,6,4,"Sunday, April 2, 2023",User,2023
2716,15,5,4,"Saturday, October 14, 2023",User,2023
2725,15,120,4,"Tuesday, May 16, 2023",User,2023
3028,15,38,4,"Wednesday, November 22, 2023",User,2023
3063,15,176,4,"Friday, November 10, 2023",User,2023
3522,15,39,4,"Sunday, July 9, 2023",User,2023
3813,15,78,4,"Saturday, February 25, 2023",User,2023
3822,15,113,4,"Tuesday, October 17, 2023",User,2023
4169,15,146,4,"Thursday, June 1, 2023",User,2023
4333,15,67,4,"Tuesday, May 30, 2023",User,2023
4349,15,32,4,"Wednesday, September 27, 2023",User,2023
4745,15,98,4,"Saturday, November 18, 2023",User,2023
4793,15,19,4,"Tuesday, September 12, 2023",User,2023
4861,15,64,4,"Tuesday, March 28, 2023",User,2023
5052,15,119,4,"Monday, June 19, 2023",User,2023
5678,15,75,4,"Tuesday, September 5, 2023",User,2023
5826,15,147,4,"Saturday, September 9, 2023",User,2023
5845,15,48,4,"Thursday, May 11, 2023",User,2023
5907,15,197,4,"Saturday, August 12, 2023",User,2023
5935,15,65,4,"Sunday, January 22, 2023",User,2023
6344,15,67,4,"Monday, February 6, 2023",User,2023
6466,15,57,4,"Thursday, July 6, 2023",User,2023
6488,15,85,4,"Tuesday, September 26, 2023",User,2023
6582,15,176,4,"Wednesday, February 15, 2023",User,2023
7161,15,2,4,"Wednesday, January 11, 2023",User,2023
7320,15,122,4,"Friday, August 25, 2023",User,2023
7365,15,64,4,"Sunday, May 28, 2023",User,2023
7446,15,130,4,"Thursday, June 15, 2023",User,2023
7476,15,20,4,"Saturday, September 9, 2023",User,2023
7629,15,59,4,"Monday, January 16, 2023",User,2023
7912,15,148,4,"Monday, September 18, 2023",User,2023
7994,15,77,4,"Tuesday, October 31, 2023",User,2023
8112,15,151,4,"Thursday, September 28, 2023",User,2023
8662,15,131,4,"Wednesday, May 3, 2023",User,2023
8723,15,197,4,"Sunday, December 3, 2023",User,2023
8767,15,56,4,"Monday, July 24, 2023",User,2023
8886,15,101,4,"Saturday, October 28, 2023",User,2023
9052,15,200,4,"Monday, March 27, 2023",User,2023
9382,15,70,4,"Friday, October 6, 2023",User,2023
9402,15,75,4,"Friday, June 2, 2023",User,2023
9477,15,183,4,"Friday, October 20, 2023",User,2023
9533,15,14,4,"Friday, June 23, 2023",User,2023
9648,15,58,4,"Sunday, May 14, 2023",User,2023
9820,15,100,4,"Tuesday, March 21, 2023",User,2023
9848,15,154,4,"Tuesday, December 5, 2023",User,2023
37,15,122,4,"Friday, February 10, 2023",User,2023
131,15,88,4,"Monday, September 2, 2024",User,2024
549,15,54,4,"Wednesday, December 6, 2023",User,2023
613,15,119,4,"Wednesday, August 9, 2023",User,2023
701,15,84,4,"Sunday, July 2, 2023",User,2023
776,15,139,4,"Tuesday, May 23, 2023",User,2023
866,15,3,4,"Tuesday, September 26, 2023",User,2023
1183,15,139,4,"Wednesday, October 11, 2023",User,2023
1627,15,114,4,"Wednesday, March 22, 2023",User,2023
1674,15,195,4,"Sunday, June 4, 2023",User,2023
2037,15,98,4,"Saturday, November 11, 2023",User,2023
2112,15,178,4,"Friday, March 17, 2023",User,2023
2202,15,118,4,"Wednesday, May 24, 2023",User,2023
2460,15,89,4,"Monday, September 18, 2023",User,2023
2702,15,6,4,"Sunday, April 2, 2023",User,2023
2716,15,5,4,"Saturday, October 14, 2023",User,2023
2725,15,120,4,"Tuesday, May 16, 2023",User,2023
3028,15,38,4,"Wednesday, November 22, 2023",User,2023
3063,15,176,4,"Friday, November 10, 2023",User,2023
3522,15,39,4,"Sunday, July 9, 2023",User,2023
3813,15,78,4,"Saturday, February 25, 2023",User,2023
3822,15,113,4,"Tuesday, October 17, 2023",User,2023
4169,15,146,4,"Thursday, June 1, 2023",User,2023
4333,15,67,4,"Tuesday, May 30, 2023",User,2023
4349,15,32,4,"Wednesday, September 27, 2023",User,2023
4745,15,98,4,"Saturday, November 18, 2023",User,2023
4793,15,19,4,"Tuesday, September 12, 2023",User,2023
586,15,133,4,"Friday, September 8, 2023",User,2023
26,6,78,4,"Wednesday, August 2, 2023",User,2023
227,6,153,4,"Monday, December 4, 2023",User,2023
580,6,176,4,"Thursday, December 7, 2023",User,2023
616,6,49,4,"Saturday, May 27, 2023",User,2023
1221,6,103,4,"Wednesday, July 12, 2023",User,2023
1292,6,86,4,"Friday, April 7, 2023",User,2023
1328,6,162,4,"Monday, January 2, 2023",User,2023
1870,6,39,4,"Saturday, December 30, 2023",User,2023
1935,6,176,4,"Monday, August 14, 2023",User,2023
2159,6,111,4,"Friday, March 24, 2023",User,2023
2166,6,39,4,"Thursday, October 12, 2023",User,2023
2261,6,122,4,"Monday, January 9, 2023",User,2023
2312,6,145,4,"Friday, July 14, 2023",User,2023
2379,6,132,4,"Wednesday, August 2, 2023",User,2023
2448,6,54,4,"Thursday, January 5, 2023",User,2023
2637,6,149,4,"Sunday, August 6, 2023",User,2023
2911,6,78,4,"Sunday, September 17, 2023",User,2023
3170,6,44,4,"Thursday, April 13, 2023",User,2023
3306,6,30,4,"Sunday, October 8, 2023",User,2023
3373,6,7,4,"Saturday, December 30, 2023",User,2023
3584,6,187,4,"Thursday, April 13, 2023",User,2023
3727,6,84,4,"Wednesday, August 16, 2023",User,2023
3810,6,165,4,"Friday, December 15, 2023",User,2023
4176,6,98,4,"Thursday, March 30, 2023",User,2023
4367,6,96,4,"Monday, December 11, 2023",User,2023
4554,6,49,4,"Thursday, March 9, 2023",User,2023
4670,6,35,4,"Wednesday, May 24, 2023",User,2023
4683,6,166,4,"Sunday, December 10, 2023",User,2023
5121,6,63,4,"Wednesday, January 11, 2023",User,2023
5479,6,63,4,"Friday, February 24, 2023",User,2023
5731,6,79,4,"Saturday, June 17, 2023",User,2023
5774,6,55,4,"Saturday, November 18, 2023",User,2023
6510,6,185,4,"Wednesday, December 6, 2023",User,2023
6566,6,36,4,"Wednesday, August 9, 2023",User,2023
6638,6,132,4,"Tuesday, August 1, 2023",User,2023
6870,6,54,4,"Tuesday, February 14, 2023",User,2023
7086,6,82,4,"Monday, December 18, 2023",User,2023
7324,6,63,4,"Saturday, December 9, 2023",User,2023
7495,6,199,4,"Thursday, February 23, 2023",User,2023
7537,6,6,4,"Sunday, April 23, 2023",User,2023
7575,6,1,4,"Tuesday, August 8, 2023",User,2023
7626,6,67,4,"Wednesday, July 19, 2023",User,2023
7670,6,116,4,"Monday, June 19, 2023",User,2023
7789,6,69,4,"Wednesday, November 29, 2023",User,2023
8058,6,150,4,"Friday, June 23, 2023",User,2023
8124,6,173,4,"Tuesday, April 18, 2023",User,2023
8828,6,106,4,"Thursday, October 26, 2023",User,2023
8892,6,145,4,"Tuesday, May 16, 2023",User,2023
9119,6,167,4,"Sunday, November 26, 2023",User,2023
9274,6,135,4,"Friday, March 3, 2023",User,2023
9279,6,58,4,"Thursday, August 10, 2023",User,2023
9708,6,176,4,"Tuesday, February 21, 2023",User,2023
9892,6,1,4,"Sunday, April 9, 2023",User,2023
9920,6,69,4,"Tuesday, August 29, 2023",User,2023
26,6,130,4,"Friday, September 15, 2023",User,2023
227,6,153,4,"Friday, May 19, 2023",User,2023
580,6,176,4,"Tuesday, July 25, 2023",User,2023
616,6,49,4,"Wednesday, September 13, 2023",User,2023
1221,6,103,4,"Wednesday, July 12, 2023",User,2023
1292,6,86,4,"Friday, April 7, 2023",User,2023
1328,6,162,4,"Monday, January 2, 2023",User,2023
1870,6,39,4,"Saturday, December 30, 2023",User,2023
1935,6,176,4,"Monday, August 14, 2023",User,2023
2159,6,111,4,"Friday, March 24, 2023",User,2023
2166,6,39,4,"Thursday, October 12, 2023",User,2023
2261,6,122,4,"Monday, January 9, 2023",User,2023
2312,6,145,4,"Friday, July 14, 2023",User,2023
2379,6,132,4,"Wednesday, August 2, 2023",User,2023
2448,6,54,4,"Thursday, January 5, 2023",User,2023
2637,6,149,4,"Sunday, August 6, 2023",User,2023
2911,6,78,4,"Sunday, September 17, 2023",User,2023
3170,6,44,4,"Thursday, April 13, 2023",User,2023
3306,6,30,4,"Sunday, October 8, 2023",User,2023
3373,6,7,4,"Saturday, December 30, 2023",User,2023
3584,6,187,4,"Thursday, April 13, 2023",User,2023
3727,6,84,4,"Wednesday, August 16, 2023",User,2023
3810,6,165,4,"Friday, December 15, 2023",User,2023
4176,6,98,4,"Thursday, March 30, 2023",User,2023
4367,6,96,4,"Monday, December 11, 2023",User,2023
4554,6,49,4,"Thursday, March 9, 2023",User,2023
4670,6,35,4,"Wednesday, May 24, 2023",User,2023
4683,6,166,4,"Sunday, December 10, 2023",User,2023
219,6,156,4,"Friday, July 8, 2022",User,2022
625,6,166,4,"Sunday, September 17, 2023",User,2023
925,6,68,4,"Saturday, July 13, 2024",User,2024
961,6,121,4,"Sunday, August 18, 2024",User,2024
1467,6,38,4,"Monday, June 1, 2026",User,2026
145,14,176,4,"Monday, August 14, 2023",User,2023
255,14,177,4,"Friday, June 2, 2023",User,2023
361,14,47,4,"Saturday, March 18, 2023",User,2023
423,14,125,4,"Thursday, January 12, 2023",User,2023
433,14,47,4,"Tuesday, March 7, 2023",User,2023
449,14,15,4,"Monday, January 23, 2023",User,2023
485,14,48,4,"Saturday, September 9, 2023",User,2023
521,14,196,4,"Friday, February 10, 2023",User,2023
765,14,99,4,"Friday, March 10, 2023",User,2023
1210,14,60,4,"Saturday, November 25, 2023",User,2023
1453,14,117,4,"Monday, December 11, 2023",User,2023
1458,14,99,4,"Wednesday, August 23, 2023",User,2023
1509,14,41,4,"Tuesday, November 14, 2023",User,2023
1723,14,33,4,"Tuesday, January 24, 2023",User,2023
1735,14,111,4,"Friday, June 23, 2023",User,2023
1760,14,159,4,"Saturday, June 10, 2023",User,2023
1771,14,27,4,"Tuesday, June 20, 2023",User,2023
2403,14,168,4,"Friday, September 15, 2023",User,2023
2692,14,6,4,"Monday, August 21, 2023",User,2023
2731,14,24,4,"Thursday, January 12, 2023",User,2023
3286,14,197,4,"Sunday, April 9, 2023",User,2023
3427,14,112,4,"Tuesday, February 7, 2023",User,2023
3931,14,80,4,"Thursday, January 19, 2023",User,2023
4021,14,60,4,"Thursday, May 18, 2023",User,2023
4071,14,26,4,"Sunday, May 28, 2023",User,2023
4130,14,52,4,"Sunday, December 17, 2023",User,2023
4264,14,36,4,"Friday, December 8, 2023",User,2023
4536,14,79,4,"Saturday, December 23, 2023",User,2023
4606,14,162,4,"Monday, December 4, 2023",User,2023
4652,14,5,4,"Monday, March 27, 2023",User,2023
4948,14,144,4,"Saturday, February 4, 2023",User,2023
5149,14,141,4,"Monday, October 30, 2023",User,2023
5186,14,39,4,"Monday, April 24, 2023",User,2023
5242,14,33,4,"Friday, July 14, 2023",User,2023
5318,14,159,4,"Wednesday, August 2, 2023",User,2023
6219,14,169,4,"Thursday, June 15, 2023",User,2023
6922,14,57,4,"Saturday, December 2, 2023",User,2023
7092,14,24,4,"Tuesday, July 4, 2023",User,2023
7295,14,177,4,"Monday, April 24, 2023",User,2023
7461,14,184,4,"Friday, August 4, 2023",User,2023
7774,14,166,4,"Thursday, January 26, 2023",User,2023
8047,14,44,4,"Tuesday, December 5, 2023",User,2023
8077,14,117,4,"Sunday, February 5, 2023",User,2023
8207,14,192,4,"Wednesday, March 29, 2023",User,2023
8591,14,82,4,"Tuesday, January 24, 2023",User,2023
8617,14,191,4,"Wednesday, March 29, 2023",User,2023
8627,14,89,4,"Sunday, December 31, 2023",User,2023
8636,14,74,4,"Saturday, February 11, 2023",User,2023
8734,14,90,4,"Wednesday, August 30, 2023",User,2023
8873,14,58,4,"Friday, September 8, 2023",User,2023
9112,14,129,4,"Thursday, February 16, 2023",User,2023
9220,14,80,4,"Friday, June 2, 2023",User,2023
9276,14,11,4,"Tuesday, January 17, 2023",User,2023
9336,14,70,4,"Sunday, July 16, 2023",User,2023
145,14,176,4,"Wednesday, January 25, 2023",User,2023
255,14,177,4,"Wednesday, June 28, 2023",User,2023
361,14,14,4,"Tuesday, October 3, 2023",User,2023
423,14,125,4,"Tuesday, June 6, 2023",User,2023
433,14,47,4,"Tuesday, June 20, 2023",User,2023
449,14,15,4,"Thursday, December 7, 2023",User,2023
485,14,48,4,"Thursday, August 31, 2023",User,2023
521,14,196,4,"Sunday, March 5, 2023",User,2023
765,14,99,4,"Saturday, August 5, 2023",User,2023
1210,14,60,4,"Saturday, November 25, 2023",User,2023
1453,14,117,4,"Monday, December 11, 2023",User,2023
1458,14,99,4,"Wednesday, August 23, 2023",User,2023
1509,14,41,4,"Tuesday, November 14, 2023",User,2023
1723,14,33,4,"Tuesday, January 24, 2023",User,2023
1735,14,111,4,"Friday, June 23, 2023",User,2023
1760,14,159,4,"Saturday, June 10, 2023",User,2023
1771,14,27,4,"Tuesday, June 20, 2023",User,2023
2403,14,168,4,"Friday, September 15, 2023",User,2023
2692,14,6,4,"Monday, August 21, 2023",User,2023
2731,14,24,4,"Thursday, January 12, 2023",User,2023
3286,14,197,4,"Sunday, April 9, 2023",User,2023
3427,14,112,4,"Tuesday, February 7, 2023",User,2023
3931,14,80,4,"Thursday, January 19, 2023",User,2023
4021,14,60,4,"Thursday, May 18, 2023",User,2023
4071,14,26,4,"Sunday, May 28, 2023",User,2023
4130,14,52,4,"Sunday, December 17, 2023",User,2023
4264,14,36,4,"Friday, December 8, 2023",User,2023
4536,14,79,4,"Saturday, December 23, 2023",User,2023
4606,14,162,4,"Monday, December 4, 2023",User,2023
4652,14,5,4,"Monday, March 27, 2023",User,2023
365,14,38,4,"Saturday, December 31, 2022",User,2022
1121,14,115,4,"Saturday, January 25, 2025",User,2025
67,39,125,4,"Saturday, June 24, 2023",User,2023
140,39,153,4,"Monday, January 2, 2023",User,2023
245,39,189,4,"Thursday, December 7, 2023",User,2023
520,39,103,4,"Saturday, September 23, 2023",User,2023
620,39,62,4,"Sunday, February 12, 2023",User,2023
775,39,109,4,"Saturday, September 2, 2023",User,2023
860,39,177,4,"Saturday, April 15, 2023",User,2023
1161,39,48,4,"Monday, April 10, 2023",User,2023
1177,39,186,4,"Friday, March 31, 2023",User,2023
1271,39,84,4,"Saturday, November 25, 2023",User,2023
1676,39,34,4,"Friday, December 15, 2023",User,2023
1699,39,109,4,"Monday, May 29, 2023",User,2023
1714,39,127,4,"Wednesday, February 8, 2023",User,2023
1987,39,169,4,"Friday, August 25, 2023",User,2023
2071,39,106,4,"Tuesday, December 12, 2023",User,2023
2126,39,99,4,"Sunday, December 31, 2023",User,2023
2151,39,5,4,"Friday, January 6, 2023",User,2023
2615,39,139,4,"Sunday, September 17, 2023",User,2023
2642,39,182,4,"Wednesday, January 18, 2023",User,2023
2727,39,99,4,"Wednesday, August 23, 2023",User,2023
3212,39,153,4,"Wednesday, March 15, 2023",User,2023
3487,39,23,4,"Thursday, October 5, 2023",User,2023
4028,39,77,4,"Friday, December 29, 2023",User,2023
4189,39,46,4,"Wednesday, September 13, 2023",User,2023
4543,39,178,4,"Thursday, March 23, 2023",User,2023
4569,39,34,4,"Thursday, May 18, 2023",User,2023
4669,39,113,4,"Wednesday, September 6, 2023",User,2023
5096,39,174,4,"Friday, April 14, 2023",User,2023
5122,39,31,4,"Sunday, February 26, 2023",User,2023
5308,39,13,4,"Tuesday, May 30, 2023",User,2023
5548,39,120,4,"Wednesday, August 9, 2023",User,2023
5929,39,118,4,"Monday, August 7, 2023",User,2023
6401,39,192,4,"Wednesday, October 11, 2023",User,2023
6456,39,86,4,"Thursday, April 13, 2023",User,2023
6515,39,161,4,"Tuesday, September 12, 2023",User,2023
6521,39,37,4,"Monday, December 4, 2023",User,2023
6637,39,150,4,"Monday, April 10, 2023",User,2023
6779,39,193,4,"Wednesday, October 4, 2023",User,2023
7036,39,69,4,"Sunday, April 23, 2023",User,2023
7046,39,164,4,"Saturday, November 18, 2023",User,2023
7085,39,7,4,"Sunday, August 20, 2023",User,2023
7389,39,10,4,"Thursday, March 9, 2023",User,2023
7595,39,150,4,"Saturday, February 25, 2023",User,2023
7969,39,152,4,"Thursday, April 13, 2023",User,2023
7996,39,69,4,"Saturday, November 18, 2023",User,2023
8202,39,43,4,"Friday, October 20, 2023",User,2023
8325,39,116,4,"Saturday, October 28, 2023",User,2023
8499,39,85,4,"Friday, August 11, 2023",User,2023
8624,39,86,4,"Tuesday, March 7, 2023",User,2023
8883,39,127,4,"Sunday, February 26, 2023",User,2023
9137,39,75,4,"Thursday, August 10, 2023",User,2023
9237,39,125,4,"Monday, November 13, 2023",User,2023
9643,39,184,4,"Friday, April 7, 2023",User,2023
9678,39,50,4,"Wednesday, September 20, 2023",User,2023
67,39,29,4,"Monday, November 13, 2023",User,2023
140,39,153,4,"Wednesday, January 18, 2023",User,2023
245,39,189,4,"Wednesday, June 14, 2023",User,2023
520,39,103,4,"Sunday, February 5, 2023",User,2023
620,39,62,4,"Tuesday, September 19, 2023",User,2023
775,39,109,4,"Monday, May 22, 2023",User,2023
860,39,177,4,"Monday, September 18, 2023",User,2023
1161,39,48,4,"Monday, April 10, 2023",User,2023
1177,39,186,4,"Friday, March 31, 2023",User,2023
1271,39,84,4,"Saturday, November 25, 2023",User,2023
1676,39,34,4,"Friday, December 15, 2023",User,2023
1699,39,109,4,"Monday, May 29, 2023",User,2023
1714,39,127,4,"Wednesday, February 8, 2023",User,2023
1987,39,169,4,"Friday, August 25, 2023",User,2023
2071,39,106,4,"Tuesday, December 12, 2023",User,2023
2126,39,99,4,"Sunday, December 31, 2023",User,2023
2151,39,5,4,"Friday, January 6, 2023",User,2023
2615,39,139,4,"Sunday, September 17, 2023",User,2023
2642,39,182,4,"Wednesday, January 18, 2023",User,2023
2727,39,99,4,"Wednesday, August 23, 2023",User,2023
3212,39,153,4,"Wednesday, March 15, 2023",User,2023
3487,39,23,4,"Thursday, October 5, 2023",User,2023
4028,39,77,4,"Friday, December 29, 2023",User,2023
4189,39,46,4,"Wednesday, September 13, 2023",User,2023
4543,39,178,4,"Thursday, March 23, 2023",User,2023
4569,39,34,4,"Thursday, May 18, 2023",User,2023
4669,39,113,4,"Wednesday, September 6, 2023",User,2023
224,39,143,4,"Thursday, December 8, 2022",User,2022
493,39,113,4,"Saturday, August 5, 2023",User,2023
1402,39,94,4,"Tuesday, February 11, 2025",User,2025
1490,39,181,4,"Thursday, January 29, 2026",User,2026
35,7,87,4,"Saturday, March 18, 2023",User,2023
154,7,88,4,"Monday, July 17, 2023",User,2023
212,7,92,4,"Wednesday, April 19, 2023",User,2023
253,7,169,4,"Sunday, June 25, 2023",User,2023
267,7,58,4,"Sunday, August 6, 2023",User,2023
369,7,80,4,"Tuesday, February 7, 2023",User,2023
1206,7,163,4,"Wednesday, July 5, 2023",User,2023
1532,7,12,4,"Tuesday, August 29, 2023",User,2023
1534,7,112,4,"Sunday, December 31, 2023",User,2023
1561,7,184,4,"Monday, October 23, 2023",User,2023
1658,7,21,4,"Monday, August 28, 2023",User,2023
1764,7,185,4,"Tuesday, February 28, 2023",User,2023
2060,7,167,4,"Monday, May 1, 2023",User,2023
2115,7,168,4,"Friday, August 4, 2023",User,2023
2240,7,198,4,"Sunday, February 12, 2023",User,2023
2421,7,63,4,"Sunday, May 7, 2023",User,2023
2688,7,27,4,"Saturday, December 23, 2023",User,2023
2961,7,191,4,"Friday, December 15, 2023",User,2023
3074,7,92,4,"Saturday, December 16, 2023",User,2023
3081,7,134,4,"Tuesday, February 14, 2023",User,2023
3284,7,40,4,"Sunday, July 2, 2023",User,2023
3483,7,97,4,"Saturday, April 1, 2023",User,2023
3966,7,67,4,"Wednesday, September 6, 2023",User,2023
4001,7,145,4,"Sunday, January 1, 2023",User,2023
4060,7,123,4,"Tuesday, June 13, 2023",User,2023
4389,7,44,4,"Thursday, September 21, 2023",User,2023
4622,7,133,4,"Saturday, June 17, 2023",User,2023
4761,7,107,4,"Tuesday, May 9, 2023",User,2023
4844,7,183,4,"Tuesday, July 18, 2023",User,2023
4908,7,174,4,"Sunday, September 10, 2023",User,2023
4932,7,23,4,"Wednesday, June 28, 2023",User,2023
5800,7,85,4,"Tuesday, October 3, 2023",User,2023
6248,7,84,4,"Friday, November 10, 2023",User,2023
6653,7,54,4,"Saturday, August 19, 2023",User,2023
6748,7,115,4,"Wednesday, February 15, 2023",User,2023
7076,7,178,4,"Wednesday, June 7, 2023",User,2023
7224,7,107,4,"Friday, February 10, 2023",User,2023
7341,7,118,4,"Tuesday, February 21, 2023",User,2023
7383,7,138,4,"Wednesday, July 12, 2023",User,2023
7438,7,11,4,"Friday, December 1, 2023",User,2023
7501,7,96,4,"Friday, April 28, 2023",User,2023
7600,7,129,4,"Friday, December 15, 2023",User,2023
7738,7,139,4,"Sunday, November 12, 2023",User,2023
8317,7,118,4,"Wednesday, October 18, 2023",User,2023
8423,7,1,4,"Thursday, January 19, 2023",User,2023
8431,7,132,4,"Thursday, January 26, 2023",User,2023
8771,7,90,4,"Wednesday, September 13, 2023",User,2023
8994,7,197,4,"Monday, December 4, 2023",User,2023
9070,7,101,4,"Saturday, August 12, 2023",User,2023
9275,7,46,4,"Wednesday, September 27, 2023",User,2023
9410,7,158,4,"Friday, April 14, 2023",User,2023
9469,7,191,4,"Sunday, December 3, 2023",User,2023
9543,7,54,4,"Monday, September 11, 2023",User,2023
9575,7,114,4,"Sunday, July 30, 2023",User,2023
9604,7,135,4,"Thursday, May 18, 2023",User,2023
35,7,87,4,"Thursday, September 28, 2023",User,2023
154,7,88,4,"Sunday, July 2, 2023",User,2023
212,7,92,4,"Friday, April 28, 2023",User,2023
253,7,169,4,"Monday, June 26, 2023",User,2023
267,7,58,4,"Friday, July 14, 2023",User,2023
369,7,80,4,"Wednesday, March 22, 2023",User,2023
1206,7,163,4,"Wednesday, July 5, 2023",User,2023
1532,7,12,4,"Tuesday, August 29, 2023",User,2023
1534,7,112,4,"Sunday, December 31, 2023",User,2023
1561,7,184,4,"Monday, October 23, 2023",User,2023
1658,7,21,4,"Monday, August 28, 2023",User,2023
1764,7,185,4,"Tuesday, February 28, 2023",User,2023
2060,7,167,4,"Monday, May 1, 2023",User,2023
2115,7,168,4,"Friday, August 4, 2023",User,2023
2240,7,198,4,"Sunday, February 12, 2023",User,2023
2421,7,63,4,"Sunday, May 7, 2023",User,2023
2688,7,27,4,"Saturday, December 23, 2023",User,2023
2961,7,191,4,"Friday, December 15, 2023",User,2023
3074,7,92,4,"Saturday, December 16, 2023",User,2023
3081,7,134,4,"Tuesday, February 14, 2023",User,2023
3284,7,40,4,"Sunday, July 2, 2023",User,2023
3483,7,97,4,"Saturday, April 1, 2023",User,2023
3966,7,67,4,"Wednesday, September 6, 2023",User,2023
4001,7,145,4,"Sunday, January 1, 2023",User,2023
4060,7,123,4,"Tuesday, June 13, 2023",User,2023
4389,7,44,4,"Thursday, September 21, 2023",User,2023
4622,7,133,4,"Saturday, June 17, 2023",User,2023
4761,7,107,4,"Tuesday, May 9, 2023",User,2023
1117,7,3,4,"Tuesday, January 21, 2025",User,2025
301,24,130,4,"Thursday, April 20, 2023",User,2023
358,24,14,4,"Wednesday, July 26, 2023",User,2023
669,24,138,4,"Monday, February 27, 2023",User,2023
684,24,16,4,"Saturday, October 14, 2023",User,2023
688,24,199,4,"Wednesday, October 18, 2023",User,2023
986,24,81,4,"Thursday, May 11, 2023",User,2023
1030,24,104,4,"Thursday, June 1, 2023",User,2023
1057,24,14,4,"Sunday, August 6, 2023",User,2023
1072,24,125,4,"Monday, January 30, 2023",User,2023
1748,24,76,4,"Saturday, July 1, 2023",User,2023
1951,24,117,4,"Wednesday, August 23, 2023",User,2023
2200,24,40,4,"Monday, August 28, 2023",User,2023
2323,24,178,4,"Friday, June 30, 2023",User,2023
2361,24,55,4,"Saturday, December 16, 2023",User,2023
2912,24,4,4,"Sunday, February 26, 2023",User,2023
2995,24,153,4,"Monday, May 22, 2023",User,2023
3023,24,49,4,"Tuesday, December 26, 2023",User,2023
3555,24,12,4,"Sunday, January 22, 2023",User,2023
3660,24,4,4,"Friday, June 16, 2023",User,2023
3967,24,27,4,"Saturday, March 11, 2023",User,2023
4059,24,82,4,"Tuesday, December 26, 2023",User,2023
4179,24,83,4,"Thursday, May 4, 2023",User,2023
4473,24,56,4,"Wednesday, November 29, 2023",User,2023
4686,24,183,4,"Tuesday, June 20, 2023",User,2023
4732,24,67,4,"Saturday, July 22, 2023",User,2023
4855,24,52,4,"Thursday, June 8, 2023",User,2023
5035,24,199,4,"Wednesday, May 24, 2023",User,2023
5283,24,56,4,"Friday, July 21, 2023",User,2023
5300,24,95,4,"Thursday, April 6, 2023",User,2023
5373,24,122,4,"Friday, May 12, 2023",User,2023
5514,24,107,4,"Saturday, October 21, 2023",User,2023
5591,24,164,4,"Tuesday, February 7, 2023",User,2023
5668,24,59,4,"Tuesday, June 27, 2023",User,2023
5682,24,69,4,"Saturday, July 22, 2023",User,2023
5862,24,109,4,"Tuesday, February 7, 2023",User,2023
6142,24,164,4,"Tuesday, December 26, 2023",User,2023
6478,24,67,4,"Friday, March 17, 2023",User,2023
6506,24,93,4,"Monday, August 14, 2023",User,2023
6533,24,47,4,"Friday, July 14, 2023",User,2023
6542,24,24,4,"Friday, December 29, 2023",User,2023
6675,24,113,4,"Thursday, June 1, 2023",User,2023
6834,24,66,4,"Tuesday, April 11, 2023",User,2023
6935,24,81,4,"Sunday, December 17, 2023",User,2023
7032,24,48,4,"Sunday, October 29, 2023",User,2023
7177,24,121,4,"Wednesday, August 9, 2023",User,2023
7301,24,47,4,"Monday, September 25, 2023",User,2023
7559,24,177,4,"Wednesday, October 4, 2023",User,2023
7920,24,13,4,"Saturday, October 14, 2023",User,2023
8149,24,67,4,"Tuesday, June 13, 2023",User,2023
8299,24,149,4,"Monday, November 27, 2023",User,2023
8419,24,32,4,"Tuesday, November 21, 2023",User,2023
8577,24,165,4,"Tuesday, January 3, 2023",User,2023
8603,24,187,4,"Tuesday, August 22, 2023",User,2023
8839,24,140,4,"Saturday, October 7, 2023",User,2023
9483,24,144,4,"Thursday, August 10, 2023",User,2023
9497,24,30,4,"Sunday, September 10, 2023",User,2023
9824,24,29,4,"Saturday, July 8, 2023",User,2023
301,24,130,4,"Thursday, August 31, 2023",User,2023
358,24,14,4,"Monday, July 3, 2023",User,2023
669,24,138,4,"Monday, November 27, 2023",User,2023
684,24,16,4,"Saturday, January 14, 2023",User,2023
688,24,199,4,"Thursday, January 19, 2023",User,2023
986,24,81,4,"Tuesday, December 3, 2024",User,2024
1030,24,104,4,"Thursday, June 1, 2023",User,2023
1057,24,14,4,"Sunday, August 6, 2023",User,2023
1072,24,125,4,"Monday, January 30, 2023",User,2023
1748,24,76,4,"Saturday, July 1, 2023",User,2023
1951,24,117,4,"Wednesday, August 23, 2023",User,2023
2200,24,40,4,"Monday, August 28, 2023",User,2023
2323,24,178,4,"Friday, June 30, 2023",User,2023
2361,24,55,4,"Saturday, December 16, 2023",User,2023
2912,24,4,4,"Sunday, February 26, 2023",User,2023
2995,24,153,4,"Monday, May 22, 2023",User,2023
3023,24,49,4,"Tuesday, December 26, 2023",User,2023
3555,24,12,4,"Sunday, January 22, 2023",User,2023
3660,24,4,4,"Friday, June 16, 2023",User,2023
3967,24,27,4,"Saturday, March 11, 2023",User,2023
4059,24,82,4,"Tuesday, December 26, 2023",User,2023
4179,24,83,4,"Thursday, May 4, 2023",User,2023
4473,24,56,4,"Wednesday, November 29, 2023",User,2023
4686,24,183,4,"Tuesday, June 20, 2023",User,2023
4732,24,67,4,"Saturday, July 22, 2023",User,2023
126,24,125,4,"Sunday, June 5, 2022",User,2022
1432,24,159,4,"Wednesday, February 12, 2025",User,2025
112,19,21,4,"Saturday, May 6, 2023",User,2023
174,19,168,4,"Wednesday, June 28, 2023",User,2023
183,19,82,4,"Saturday, July 15, 2023",User,2023
506,19,117,4,"Sunday, January 22, 2023",User,2023
625,19,122,4,"Thursday, March 2, 2023",User,2023
728,19,148,4,"Monday, July 24, 2023",User,2023
1028,19,55,4,"Tuesday, October 31, 2023",User,2023
1202,19,153,4,"Thursday, November 23, 2023",User,2023
1407,19,186,4,"Thursday, December 14, 2023",User,2023
1711,19,26,4,"Friday, August 4, 2023",User,2023
1864,19,156,4,"Friday, February 10, 2023",User,2023
1980,19,3,4,"Friday, June 2, 2023",User,2023
2020,19,122,4,"Friday, June 9, 2023",User,2023
2429,19,117,4,"Friday, December 22, 2023",User,2023
2524,19,122,4,"Sunday, September 3, 2023",User,2023
3012,19,53,4,"Tuesday, July 4, 2023",User,2023
3022,19,136,4,"Monday, January 16, 2023",User,2023
3046,19,96,4,"Thursday, May 18, 2023",User,2023
3817,19,194,4,"Wednesday, November 8, 2023",User,2023
3867,19,131,4,"Thursday, March 9, 2023",User,2023
4075,19,176,4,"Sunday, October 22, 2023",User,2023
4093,19,134,4,"Saturday, December 16, 2023",User,2023
4329,19,72,4,"Monday, November 20, 2023",User,2023
4455,19,98,4,"Thursday, June 29, 2023",User,2023
4579,19,89,4,"Monday, October 30, 2023",User,2023
4585,19,21,4,"Sunday, April 23, 2023",User,2023
4616,19,53,4,"Friday, September 22, 2023",User,2023
5056,19,145,4,"Tuesday, November 14, 2023",User,2023
5268,19,168,4,"Saturday, April 15, 2023",User,2023
5347,19,200,4,"Friday, August 18, 2023",User,2023
5442,19,33,4,"Thursday, October 12, 2023",User,2023
5471,19,53,4,"Monday, August 28, 2023",User,2023
5481,19,185,4,"Tuesday, February 21, 2023",User,2023
5542,19,147,4,"Friday, February 10, 2023",User,2023
5614,19,160,4,"Wednesday, May 3, 2023",User,2023
5679,19,126,4,"Monday, May 29, 2023",User,2023
5703,19,119,4,"Wednesday, January 4, 2023",User,2023
5734,19,95,4,"Wednesday, June 28, 2023",User,2023
5963,19,16,4,"Saturday, July 15, 2023",User,2023
6161,19,57,4,"Wednesday, July 19, 2023",User,2023
6400,19,178,4,"Monday, January 30, 2023",User,2023
6471,19,121,4,"Tuesday, December 12, 2023",User,2023
6507,19,14,4,"Thursday, March 16, 2023",User,2023
6713,19,71,4,"Tuesday, January 31, 2023",User,2023
6938,19,78,4,"Friday, November 17, 2023",User,2023
6953,19,190,4,"Friday, October 6, 2023",User,2023
7253,19,151,4,"Saturday, December 9, 2023",User,2023
7310,19,171,4,"Sunday, August 13, 2023",User,2023
7544,19,60,4,"Friday, July 28, 2023",User,2023
7623,19,82,4,"Saturday, October 28, 2023",User,2023
8000,19,45,4,"Sunday, August 20, 2023",User,2023
8417,19,111,4,"Tuesday, September 19, 2023",User,2023
8526,19,131,4,"Sunday, May 21, 2023",User,2023
9388,19,11,4,"Thursday, February 9, 2023",User,2023
9414,19,80,4,"Saturday, May 13, 2023",User,2023
112,19,21,4,"Monday, January 15, 2024",User,2024
174,19,168,4,"Monday, July 3, 2023",User,2023
183,19,82,4,"Monday, March 20, 2023",User,2023
506,19,117,4,"Monday, December 4, 2023",User,2023
625,19,122,4,"Tuesday, September 26, 2023",User,2023
728,19,148,4,"Thursday, March 16, 2023",User,2023
1028,19,55,4,"Tuesday, October 31, 2023",User,2023
1202,19,153,4,"Thursday, November 23, 2023",User,2023
1407,19,186,4,"Thursday, December 14, 2023",User,2023
1711,19,26,4,"Friday, August 4, 2023",User,2023
1864,19,156,4,"Friday, February 10, 2023",User,2023
1980,19,3,4,"Friday, June 2, 2023",User,2023
2020,19,122,4,"Friday, June 9, 2023",User,2023
2429,19,117,4,"Friday, December 22, 2023",User,2023
2524,19,122,4,"Sunday, September 3, 2023",User,2023
3012,19,53,4,"Tuesday, July 4, 2023",User,2023
3022,19,136,4,"Monday, January 16, 2023",User,2023
3046,19,96,4,"Thursday, May 18, 2023",User,2023
3817,19,194,4,"Wednesday, November 8, 2023",User,2023
3867,19,131,4,"Thursday, March 9, 2023",User,2023
4075,19,176,4,"Sunday, October 22, 2023",User,2023
4093,19,134,4,"Saturday, December 16, 2023",User,2023
4329,19,72,4,"Monday, November 20, 2023",User,2023
4455,19,98,4,"Thursday, June 29, 2023",User,2023
4579,19,89,4,"Monday, October 30, 2023",User,2023
4585,19,21,4,"Sunday, April 23, 2023",User,2023
4616,19,53,4,"Friday, September 22, 2023",User,2023
1372,19,183,4,"Monday, March 10, 2025",User,2025
1149,12,159,4,"Wednesday, March 15, 2023",User,2023
1160,12,23,4,"Sunday, September 3, 2023",User,2023
1663,12,38,4,"Sunday, August 6, 2023",User,2023
1682,12,77,4,"Wednesday, November 8, 2023",User,2023
1721,12,184,4,"Thursday, December 28, 2023",User,2023
1736,12,87,4,"Friday, March 3, 2023",User,2023
1756,12,194,4,"Monday, October 23, 2023",User,2023
1932,12,91,4,"Sunday, January 22, 2023",User,2023
2606,12,82,4,"Sunday, January 8, 2023",User,2023
2690,12,54,4,"Tuesday, June 13, 2023",User,2023
2977,12,141,4,"Sunday, October 15, 2023",User,2023
3052,12,55,4,"Wednesday, February 15, 2023",User,2023
3331,12,85,4,"Wednesday, February 15, 2023",User,2023
3567,12,74,4,"Thursday, January 12, 2023",User,2023
3723,12,148,4,"Tuesday, November 14, 2023",User,2023
3730,12,9,4,"Sunday, December 17, 2023",User,2023
3754,12,57,4,"Tuesday, February 14, 2023",User,2023
3827,12,169,4,"Friday, June 23, 2023",User,2023
3926,12,107,4,"Monday, October 16, 2023",User,2023
3935,12,24,4,"Tuesday, February 21, 2023",User,2023
4242,12,8,4,"Wednesday, March 29, 2023",User,2023
4310,12,9,4,"Saturday, May 6, 2023",User,2023
4441,12,107,4,"Friday, June 16, 2023",User,2023
4656,12,29,4,"Thursday, July 20, 2023",User,2023
4728,12,135,4,"Monday, June 5, 2023",User,2023
4824,12,47,4,"Wednesday, July 5, 2023",User,2023
4990,12,49,4,"Wednesday, May 17, 2023",User,2023
5031,12,146,4,"Tuesday, October 3, 2023",User,2023
5297,12,105,4,"Sunday, March 5, 2023",User,2023
6042,12,79,4,"Saturday, June 17, 2023",User,2023
6282,12,99,4,"Friday, July 28, 2023",User,2023
6351,12,78,4,"Sunday, April 9, 2023",User,2023
6444,12,185,4,"Thursday, October 26, 2023",User,2023
7156,12,14,4,"Wednesday, July 5, 2023",User,2023
7403,12,102,4,"Friday, November 3, 2023",User,2023
7686,12,148,4,"Monday, January 2, 2023",User,2023
7713,12,92,4,"Sunday, April 2, 2023",User,2023
7734,12,149,4,"Wednesday, May 31, 2023",User,2023
7931,12,126,4,"Saturday, December 9, 2023",User,2023
8224,12,38,4,"Monday, December 18, 2023",User,2023
8249,12,33,4,"Tuesday, July 11, 2023",User,2023
8286,12,69,4,"Thursday, July 6, 2023",User,2023
8311,12,160,4,"Wednesday, March 15, 2023",User,2023
8312,12,127,4,"Wednesday, February 8, 2023",User,2023
8540,12,185,4,"Thursday, January 12, 2023",User,2023
8853,12,135,4,"Monday, February 27, 2023",User,2023
8924,12,123,4,"Sunday, January 29, 2023",User,2023
9140,12,160,4,"Saturday, August 5, 2023",User,2023
9736,12,166,4,"Saturday, November 18, 2023",User,2023
9762,12,32,4,"Tuesday, August 15, 2023",User,2023
9881,12,83,4,"Thursday, May 4, 2023",User,2023
9886,12,131,4,"Monday, May 22, 2023",User,2023
9932,12,5,4,"Tuesday, January 10, 2023",User,2023
1149,12,159,4,"Wednesday, March 15, 2023",User,2023
1160,12,23,4,"Sunday, September 3, 2023",User,2023
1663,12,38,4,"Sunday, August 6, 2023",User,2023
1682,12,77,4,"Wednesday, November 8, 2023",User,2023
1721,12,184,4,"Thursday, December 28, 2023",User,2023
1736,12,87,4,"Friday, March 3, 2023",User,2023
1756,12,194,4,"Monday, October 23, 2023",User,2023
1932,12,91,4,"Sunday, January 22, 2023",User,2023
2606,12,82,4,"Sunday, January 8, 2023",User,2023
2690,12,54,4,"Tuesday, June 13, 2023",User,2023
2977,12,141,4,"Sunday, October 15, 2023",User,2023
3052,12,55,4,"Wednesday, February 15, 2023",User,2023
3331,12,85,4,"Wednesday, February 15, 2023",User,2023
3567,12,74,4,"Thursday, January 12, 2023",User,2023
3723,12,148,4,"Tuesday, November 14, 2023",User,2023
3730,12,9,4,"Sunday, December 17, 2023",User,2023
3754,12,57,4,"Tuesday, February 14, 2023",User,2023
3827,12,169,4,"Friday, June 23, 2023",User,2023
3926,12,107,4,"Monday, October 16, 2023",User,2023
3935,12,24,4,"Tuesday, February 21, 2023",User,2023
4242,12,8,4,"Wednesday, March 29, 2023",User,2023
4310,12,9,4,"Saturday, May 6, 2023",User,2023
4441,12,107,4,"Friday, June 16, 2023",User,2023
4656,12,29,4,"Thursday, July 20, 2023",User,2023
4728,12,135,4,"Monday, June 5, 2023",User,2023
228,12,59,4,"Tuesday, August 16, 2022",User,2022
921,12,57,4,"Saturday, September 7, 2024",User,2024
1441,12,122,4,"Wednesday, November 12, 2025",User,2025
38,23,165,4,"Monday, May 1, 2023",User,2023
156,23,143,4,"Wednesday, January 25, 2023",User,2023
164,23,170,4,"Monday, November 6, 2023",User,2023
172,23,197,4,"Friday, October 27, 2023",User,2023
694,23,27,4,"Saturday, April 29, 2023",User,2023
705,23,14,4,"Monday, December 25, 2023",User,2023
918,23,196,4,"Monday, September 11, 2023",User,2023
1275,23,81,4,"Sunday, December 10, 2023",User,2023
1368,23,156,4,"Friday, December 29, 2023",User,2023
1430,23,171,4,"Thursday, June 22, 2023",User,2023
1477,23,170,4,"Saturday, July 15, 2023",User,2023
1489,23,24,4,"Monday, October 23, 2023",User,2023
1717,23,4,4,"Wednesday, August 23, 2023",User,2023
1730,23,12,4,"Friday, September 8, 2023",User,2023
1937,23,180,4,"Sunday, April 2, 2023",User,2023
2274,23,137,4,"Thursday, June 1, 2023",User,2023
2739,23,128,4,"Wednesday, September 13, 2023",User,2023
3001,23,185,4,"Monday, July 3, 2023",User,2023
3103,23,74,4,"Friday, December 22, 2023",User,2023
3177,23,17,4,"Tuesday, April 11, 2023",User,2023
3318,23,193,4,"Sunday, November 26, 2023",User,2023
3459,23,156,4,"Monday, May 8, 2023",User,2023
3602,23,190,4,"Monday, September 11, 2023",User,2023
3649,23,161,4,"Monday, July 31, 2023",User,2023
4010,23,69,4,"Saturday, August 5, 2023",User,2023
4614,23,70,4,"Saturday, September 30, 2023",User,2023
4714,23,62,4,"Wednesday, March 22, 2023",User,2023
4905,23,118,4,"Friday, October 6, 2023",User,2023
5025,23,161,4,"Tuesday, July 25, 2023",User,2023
5064,23,110,4,"Sunday, March 5, 2023",User,2023
5152,23,142,4,"Wednesday, May 24, 2023",User,2023
6227,23,195,4,"Wednesday, September 6, 2023",User,2023
6272,23,174,4,"Tuesday, September 5, 2023",User,2023
6406,23,4,4,"Sunday, December 24, 2023",User,2023
6448,23,54,4,"Tuesday, March 14, 2023",User,2023
6835,23,161,4,"Thursday, February 2, 2023",User,2023
7348,23,125,4,"Friday, May 5, 2023",User,2023
7369,23,56,4,"Sunday, October 1, 2023",User,2023
7377,23,46,4,"Sunday, April 9, 2023",User,2023
7477,23,166,4,"Thursday, February 9, 2023",User,2023
7599,23,71,4,"Wednesday, April 5, 2023",User,2023
8162,23,77,4,"Sunday, December 31, 2023",User,2023
8682,23,166,4,"Friday, September 1, 2023",User,2023
8753,23,92,4,"Saturday, September 2, 2023",User,2023
8800,23,117,4,"Wednesday, July 12, 2023",User,2023
9131,23,68,4,"Tuesday, May 9, 2023",User,2023
9485,23,1,4,"Wednesday, August 30, 2023",User,2023
9662,23,119,4,"Tuesday, July 18, 2023",User,2023
9825,23,25,4,"Thursday, December 14, 2023",User,2023
9867,23,46,4,"Tuesday, December 12, 2023",User,2023
9995,23,11,4,"Wednesday, March 1, 2023",User,2023
38,23,165,4,"Friday, March 10, 2023",User,2023
156,23,143,4,"Saturday, September 2, 2023",User,2023
164,23,170,4,"Tuesday, February 21, 2023",User,2023
172,23,197,4,"Friday, March 3, 2023",User,2023
694,23,27,4,"Friday, January 27, 2023",User,2023
705,23,14,4,"Monday, February 13, 2023",User,2023
918,23,196,4,"Wednesday, July 12, 2023",User,2023
1275,23,81,4,"Sunday, December 10, 2023",User,2023
1368,23,156,4,"Friday, December 29, 2023",User,2023
1430,23,171,4,"Thursday, June 22, 2023",User,2023
1477,23,170,4,"Saturday, July 15, 2023",User,2023
1489,23,24,4,"Monday, October 23, 2023",User,2023
1717,23,4,4,"Wednesday, August 23, 2023",User,2023
1730,23,12,4,"Friday, September 8, 2023",User,2023
1937,23,180,4,"Sunday, April 2, 2023",User,2023
2274,23,137,4,"Thursday, June 1, 2023",User,2023
2739,23,128,4,"Wednesday, September 13, 2023",User,2023
3001,23,185,4,"Monday, July 3, 2023",User,2023
3103,23,74,4,"Friday, December 22, 2023",User,2023
3177,23,17,4,"Tuesday, April 11, 2023",User,2023
3318,23,193,4,"Sunday, November 26, 2023",User,2023
3459,23,156,4,"Monday, May 8, 2023",User,2023
3602,23,190,4,"Monday, September 11, 2023",User,2023
3649,23,161,4,"Monday, July 31, 2023",User,2023
4010,23,69,4,"Saturday, August 5, 2023",User,2023
4614,23,70,4,"Saturday, September 30, 2023",User,2023
4714,23,62,4,"Wednesday, March 22, 2023",User,2023
302,23,97,4,"Saturday, October 29, 2022",User,2022
1369,23,139,4,"Tuesday, September 30, 2025",User,2025
1478,23,28,4,"Saturday, January 17, 2026",User,2026
751,11,40,4,"Wednesday, July 12, 2023",User,2023
758,11,143,4,"Sunday, April 23, 2023",User,2023
835,11,181,4,"Saturday, August 19, 2023",User,2023
890,11,141,4,"Saturday, August 5, 2023",User,2023
1085,11,85,4,"Wednesday, April 19, 2023",User,2023
1086,11,55,4,"Wednesday, March 29, 2023",User,2023
1176,11,85,4,"Wednesday, December 20, 2023",User,2023
1180,11,154,4,"Monday, October 30, 2023",User,2023
1664,11,33,4,"Saturday, September 2, 2023",User,2023
1704,11,79,4,"Friday, January 20, 2023",User,2023
2117,11,44,4,"Thursday, November 16, 2023",User,2023
2208,11,151,4,"Sunday, June 4, 2023",User,2023
2236,11,146,4,"Wednesday, July 5, 2023",User,2023
2534,11,66,4,"Saturday, July 15, 2023",User,2023
2663,11,184,4,"Tuesday, January 24, 2023",User,2023
2670,11,121,4,"Tuesday, February 14, 2023",User,2023
2779,11,106,4,"Tuesday, February 7, 2023",User,2023
3027,11,83,4,"Sunday, December 17, 2023",User,2023
3158,11,25,4,"Sunday, December 3, 2023",User,2023
3303,11,30,4,"Wednesday, August 16, 2023",User,2023
3690,11,139,4,"Saturday, July 1, 2023",User,2023
3718,11,178,4,"Thursday, June 15, 2023",User,2023
4151,11,26,4,"Saturday, August 5, 2023",User,2023
4195,11,74,4,"Sunday, November 12, 2023",User,2023
4946,11,150,4,"Tuesday, July 25, 2023",User,2023
5095,11,161,4,"Sunday, December 24, 2023",User,2023
5743,11,82,4,"Tuesday, July 4, 2023",User,2023
5754,11,70,4,"Sunday, May 14, 2023",User,2023
6007,11,89,4,"Friday, February 24, 2023",User,2023
6105,11,73,4,"Wednesday, March 15, 2023",User,2023
6317,11,137,4,"Friday, August 18, 2023",User,2023
6485,11,150,4,"Saturday, February 4, 2023",User,2023
6657,11,36,4,"Friday, June 9, 2023",User,2023
7205,11,73,4,"Friday, October 20, 2023",User,2023
7219,11,196,4,"Friday, December 22, 2023",User,2023
7255,11,54,4,"Monday, February 20, 2023",User,2023
7285,11,189,4,"Friday, May 19, 2023",User,2023
7462,11,86,4,"Sunday, May 14, 2023",User,2023
7783,11,52,4,"Wednesday, August 9, 2023",User,2023
7850,11,69,4,"Saturday, August 12, 2023",User,2023
8128,11,189,4,"Friday, December 1, 2023",User,2023
8148,11,42,4,"Saturday, April 15, 2023",User,2023
8166,11,30,4,"Sunday, December 10, 2023",User,2023
8211,11,186,4,"Sunday, October 8, 2023",User,2023
9068,11,54,4,"Monday, October 2, 2023",User,2023
9431,11,158,4,"Wednesday, August 23, 2023",User,2023
9473,11,10,4,"Thursday, June 1, 2023",User,2023
9525,11,117,4,"Monday, September 25, 2023",User,2023
9626,11,113,4,"Sunday, April 23, 2023",User,2023
9652,11,170,4,"Tuesday, November 21, 2023",User,2023
9661,11,112,4,"Sunday, October 1, 2023",User,2023
9692,11,7,4,"Monday, March 6, 2023",User,2023
9888,11,106,4,"Saturday, January 7, 2023",User,2023
9928,11,106,4,"Friday, July 28, 2023",User,2023
9959,11,96,4,"Friday, June 2, 2023",User,2023
9978,11,43,4,"Thursday, February 2, 2023",User,2023
751,11,40,4,"Tuesday, April 18, 2023",User,2023
758,11,143,4,"Thursday, April 27, 2023",User,2023
835,11,181,4,"Monday, August 14, 2023",User,2023
890,11,141,4,"Monday, October 30, 2023",User,2023
1085,11,85,4,"Wednesday, April 19, 2023",User,2023
1086,11,55,4,"Wednesday, March 29, 2023",User,2023
1176,11,85,4,"Wednesday, December 20, 2023",User,2023
1180,11,154,4,"Monday, October 30, 2023",User,2023
1664,11,33,4,"Saturday, September 2, 2023",User,2023
1704,11,79,4,"Friday, January 20, 2023",User,2023
2117,11,44,4,"Thursday, November 16, 2023",User,2023
2208,11,151,4,"Sunday, June 4, 2023",User,2023
2236,11,146,4,"Wednesday, July 5, 2023",User,2023
2534,11,66,4,"Saturday, July 15, 2023",User,2023
2663,11,184,4,"Tuesday, January 24, 2023",User,2023
2670,11,121,4,"Tuesday, February 14, 2023",User,2023
2779,11,106,4,"Tuesday, February 7, 2023",User,2023
3027,11,83,4,"Sunday, December 17, 2023",User,2023
3158,11,25,4,"Sunday, December 3, 2023",User,2023
3303,11,30,4,"Wednesday, August 16, 2023",User,2023
3690,11,139,4,"Saturday, July 1, 2023",User,2023
3718,11,178,4,"Thursday, June 15, 2023",User,2023
4151,11,26,4,"Saturday, August 5, 2023",User,2023
4195,11,74,4,"Sunday, November 12, 2023",User,2023
1498,11,105,4,"Tuesday, June 2, 2026",User,2026
21,28,83,4,"Saturday, September 2, 2023",User,2023
90,28,130,4,"Saturday, May 13, 2023",User,2023
331,28,130,4,"Wednesday, November 22, 2023",User,2023
408,28,32,4,"Monday, December 11, 2023",User,2023
522,28,109,4,"Thursday, June 15, 2023",User,2023
679,28,115,4,"Sunday, February 5, 2023",User,2023
957,28,118,4,"Sunday, September 17, 2023",User,2023
1139,28,68,4,"Thursday, June 15, 2023",User,2023
1564,28,194,4,"Saturday, August 12, 2023",User,2023
1590,28,2,4,"Saturday, October 7, 2023",User,2023
1666,28,197,4,"Thursday, December 28, 2023",User,2023
1912,28,184,4,"Tuesday, February 14, 2023",User,2023
1986,28,70,4,"Saturday, December 23, 2023",User,2023
2241,28,15,4,"Saturday, May 27, 2023",User,2023
2578,28,193,4,"Wednesday, April 12, 2023",User,2023
2795,28,39,4,"Saturday, December 16, 2023",User,2023
2856,28,139,4,"Sunday, April 16, 2023",User,2023
2900,28,34,4,"Thursday, March 9, 2023",User,2023
3188,28,29,4,"Monday, July 10, 2023",User,2023
3507,28,17,4,"Thursday, October 26, 2023",User,2023
3733,28,4,4,"Wednesday, February 22, 2023",User,2023
3785,28,115,4,"Friday, August 25, 2023",User,2023
3987,28,175,4,"Wednesday, June 21, 2023",User,2023
3990,28,167,4,"Monday, January 9, 2023",User,2023
4181,28,40,4,"Friday, January 6, 2023",User,2023
4681,28,6,4,"Wednesday, December 27, 2023",User,2023
4769,28,173,4,"Monday, August 21, 2023",User,2023
4845,28,69,4,"Thursday, December 7, 2023",User,2023
4901,28,183,4,"Sunday, July 16, 2023",User,2023
4902,28,58,4,"Friday, January 27, 2023",User,2023
4982,28,27,4,"Tuesday, March 7, 2023",User,2023
5883,28,86,4,"Monday, July 17, 2023",User,2023
6036,28,5,4,"Tuesday, July 18, 2023",User,2023
6229,28,37,4,"Tuesday, March 14, 2023",User,2023
6293,28,29,4,"Friday, July 14, 2023",User,2023
6491,28,133,4,"Monday, August 28, 2023",User,2023
6492,28,87,4,"Tuesday, May 9, 2023",User,2023
6936,28,30,4,"Friday, March 3, 2023",User,2023
7105,28,25,4,"Friday, December 8, 2023",User,2023
7128,28,117,4,"Wednesday, December 6, 2023",User,2023
7282,28,161,4,"Monday, March 20, 2023",User,2023
7407,28,77,4,"Tuesday, July 25, 2023",User,2023
8011,28,193,4,"Monday, June 12, 2023",User,2023
8194,28,53,4,"Wednesday, September 27, 2023",User,2023
8358,28,154,4,"Wednesday, September 20, 2023",User,2023
8482,28,31,4,"Thursday, March 23, 2023",User,2023
8571,28,174,4,"Monday, September 4, 2023",User,2023
9073,28,139,4,"Thursday, June 1, 2023",User,2023
9149,28,37,4,"Tuesday, October 17, 2023",User,2023
9422,28,168,4,"Thursday, April 13, 2023",User,2023
21,28,57,4,"Wednesday, August 9, 2023",User,2023
90,28,130,4,"Thursday, December 14, 2023",User,2023
331,28,130,4,"Friday, January 27, 2023",User,2023
408,28,32,4,"Tuesday, May 16, 2023",User,2023
522,28,109,4,"Wednesday, April 5, 2023",User,2023
679,28,115,4,"Sunday, November 12, 2023",User,2023
957,28,118,4,"Wednesday, January 31, 2024",User,2024
1139,28,68,4,"Thursday, June 15, 2023",User,2023
1564,28,194,4,"Saturday, August 12, 2023",User,2023
1590,28,2,4,"Saturday, October 7, 2023",User,2023
1666,28,197,4,"Thursday, December 28, 2023",User,2023
1912,28,184,4,"Tuesday, February 14, 2023",User,2023
1986,28,70,4,"Saturday, December 23, 2023",User,2023
2241,28,15,4,"Saturday, May 27, 2023",User,2023
2578,28,193,4,"Wednesday, April 12, 2023",User,2023
2795,28,39,4,"Saturday, December 16, 2023",User,2023
2856,28,139,4,"Sunday, April 16, 2023",User,2023
2900,28,34,4,"Thursday, March 9, 2023",User,2023
3188,28,29,4,"Monday, July 10, 2023",User,2023
3507,28,17,4,"Thursday, October 26, 2023",User,2023
3733,28,4,4,"Wednesday, February 22, 2023",User,2023
3785,28,115,4,"Friday, August 25, 2023",User,2023
3987,28,175,4,"Wednesday, June 21, 2023",User,2023
3990,28,167,4,"Monday, January 9, 2023",User,2023
4181,28,40,4,"Friday, January 6, 2023",User,2023
4681,28,6,4,"Wednesday, December 27, 2023",User,2023
4769,28,173,4,"Monday, August 21, 2023",User,2023
325,28,185,4,"Monday, November 21, 2022",User,2022
479,28,186,4,"Monday, April 24, 2023",User,2023
1359,28,149,4,"Saturday, September 20, 2025",User,2025
338,10,69,4,"Friday, March 3, 2023",User,2023
896,10,6,4,"Saturday, August 26, 2023",User,2023
1319,10,168,4,"Tuesday, November 28, 2023",User,2023
1635,10,140,4,"Monday, January 2, 2023",User,2023
1751,10,40,4,"Saturday, April 29, 2023",User,2023
1757,10,163,4,"Monday, May 15, 2023",User,2023
2041,10,134,4,"Wednesday, April 19, 2023",User,2023
2051,10,64,4,"Friday, November 17, 2023",User,2023
2685,10,105,4,"Monday, September 4, 2023",User,2023
2735,10,72,4,"Monday, May 29, 2023",User,2023
2811,10,7,4,"Sunday, August 6, 2023",User,2023
2936,10,168,4,"Wednesday, July 19, 2023",User,2023
3017,10,166,4,"Sunday, April 2, 2023",User,2023
3166,10,190,4,"Tuesday, May 23, 2023",User,2023
3236,10,144,4,"Thursday, December 21, 2023",User,2023
3659,10,81,4,"Friday, August 4, 2023",User,2023
3939,10,47,4,"Sunday, May 28, 2023",User,2023
4103,10,133,4,"Friday, August 4, 2023",User,2023
4484,10,99,4,"Friday, March 3, 2023",User,2023
4575,10,68,4,"Thursday, September 14, 2023",User,2023
4750,10,170,4,"Tuesday, January 31, 2023",User,2023
4864,10,50,4,"Thursday, August 31, 2023",User,2023
5114,10,100,4,"Thursday, April 6, 2023",User,2023
5389,10,108,4,"Friday, November 3, 2023",User,2023
5537,10,131,4,"Saturday, August 19, 2023",User,2023
5648,10,82,4,"Sunday, October 15, 2023",User,2023
5707,10,111,4,"Wednesday, January 11, 2023",User,2023
5773,10,110,4,"Tuesday, October 24, 2023",User,2023
5850,10,177,4,"Thursday, March 23, 2023",User,2023
5991,10,177,4,"Friday, January 27, 2023",User,2023
6666,10,169,4,"Thursday, February 23, 2023",User,2023
6809,10,137,4,"Monday, October 23, 2023",User,2023
7033,10,136,4,"Friday, October 27, 2023",User,2023
7371,10,181,4,"Saturday, December 23, 2023",User,2023
7486,10,59,4,"Sunday, July 16, 2023",User,2023
7522,10,40,4,"Tuesday, May 9, 2023",User,2023
7542,10,32,4,"Wednesday, July 19, 2023",User,2023
7757,10,161,4,"Friday, October 6, 2023",User,2023
7862,10,62,4,"Wednesday, September 6, 2023",User,2023
7904,10,90,4,"Wednesday, December 13, 2023",User,2023
7906,10,131,4,"Sunday, December 3, 2023",User,2023
8137,10,29,4,"Sunday, December 3, 2023",User,2023
8227,10,36,4,"Saturday, March 18, 2023",User,2023
8309,10,122,4,"Wednesday, November 8, 2023",User,2023
8334,10,196,4,"Tuesday, February 7, 2023",User,2023
8424,10,132,4,"Monday, February 13, 2023",User,2023
8503,10,52,4,"Wednesday, May 17, 2023",User,2023
8752,10,166,4,"Thursday, March 9, 2023",User,2023
8905,10,28,4,"Monday, April 10, 2023",User,2023
9049,10,14,4,"Monday, March 13, 2023",User,2023
9328,10,125,4,"Monday, June 19, 2023",User,2023
9390,10,122,4,"Wednesday, April 19, 2023",User,2023
9438,10,171,4,"Thursday, October 19, 2023",User,2023
9576,10,159,4,"Tuesday, August 22, 2023",User,2023
9884,10,120,4,"Wednesday, March 29, 2023",User,2023
9891,10,117,4,"Saturday, April 8, 2023",User,2023
9895,10,150,4,"Wednesday, July 5, 2023",User,2023
338,10,69,4,"Sunday, July 2, 2023",User,2023
896,10,6,4,"Tuesday, July 11, 2023",User,2023
1319,10,168,4,"Tuesday, November 28, 2023",User,2023
1635,10,140,4,"Monday, January 2, 2023",User,2023
1751,10,40,4,"Saturday, April 29, 2023",User,2023
1757,10,163,4,"Monday, May 15, 2023",User,2023
2041,10,134,4,"Wednesday, April 19, 2023",User,2023
2051,10,64,4,"Friday, November 17, 2023",User,2023
2685,10,105,4,"Monday, September 4, 2023",User,2023
2735,10,72,4,"Monday, May 29, 2023",User,2023
2811,10,7,4,"Sunday, August 6, 2023",User,2023
2936,10,168,4,"Wednesday, July 19, 2023",User,2023
3017,10,166,4,"Sunday, April 2, 2023",User,2023
3166,10,190,4,"Tuesday, May 23, 2023",User,2023
3236,10,144,4,"Thursday, December 21, 2023",User,2023
3659,10,81,4,"Friday, August 4, 2023",User,2023
3939,10,47,4,"Sunday, May 28, 2023",User,2023
4103,10,133,4,"Friday, August 4, 2023",User,2023
4484,10,99,4,"Friday, March 3, 2023",User,2023
4575,10,68,4,"Thursday, September 14, 2023",User,2023
4750,10,170,4,"Tuesday, January 31, 2023",User,2023
539,10,123,4,"Friday, June 23, 2023",User,2023
483,4,114,4,"Sunday, January 1, 2023",User,2023
640,4,147,4,"Saturday, December 23, 2023",User,2023
661,4,58,4,"Tuesday, October 10, 2023",User,2023
754,4,59,4,"Saturday, March 4, 2023",User,2023
1496,4,46,4,"Thursday, August 31, 2023",User,2023
1560,4,24,4,"Wednesday, April 19, 2023",User,2023
1568,4,114,4,"Wednesday, November 1, 2023",User,2023
1609,4,31,4,"Saturday, April 1, 2023",User,2023
1855,4,57,4,"Thursday, June 22, 2023",User,2023
1958,4,113,4,"Wednesday, November 1, 2023",User,2023
1974,4,54,4,"Saturday, December 23, 2023",User,2023
2119,4,68,4,"Friday, January 13, 2023",User,2023
2290,4,95,4,"Friday, September 15, 2023",User,2023
2509,4,73,4,"Monday, August 28, 2023",User,2023
2608,4,41,4,"Wednesday, December 27, 2023",User,2023
2699,4,90,4,"Tuesday, May 2, 2023",User,2023
3008,4,121,4,"Tuesday, May 16, 2023",User,2023
3272,4,89,4,"Tuesday, August 22, 2023",User,2023
3551,4,63,4,"Wednesday, August 2, 2023",User,2023
3764,4,200,4,"Saturday, September 9, 2023",User,2023
4069,4,127,4,"Tuesday, April 25, 2023",User,2023
4073,4,188,4,"Thursday, February 23, 2023",User,2023
4334,4,66,4,"Tuesday, October 31, 2023",User,2023
4401,4,140,4,"Friday, September 15, 2023",User,2023
4456,4,158,4,"Sunday, September 17, 2023",User,2023
4626,4,60,4,"Tuesday, March 14, 2023",User,2023
4822,4,57,4,"Friday, September 8, 2023",User,2023
5472,4,40,4,"Sunday, June 18, 2023",User,2023
6273,4,40,4,"Friday, March 31, 2023",User,2023
6642,4,84,4,"Wednesday, February 15, 2023",User,2023
6925,4,167,4,"Thursday, February 2, 2023",User,2023
7065,4,39,4,"Friday, February 3, 2023",User,2023
7129,4,67,4,"Thursday, February 9, 2023",User,2023
7142,4,36,4,"Tuesday, March 14, 2023",User,2023
7150,4,98,4,"Friday, November 10, 2023",User,2023
7204,4,28,4,"Thursday, April 13, 2023",User,2023
8030,4,106,4,"Tuesday, September 19, 2023",User,2023
8140,4,118,4,"Tuesday, November 28, 2023",User,2023
8158,4,171,4,"Friday, May 19, 2023",User,2023
8281,4,129,4,"Thursday, October 19, 2023",User,2023
8618,4,61,4,"Saturday, October 28, 2023",User,2023
8846,4,1,4,"Sunday, September 24, 2023",User,2023
8878,4,199,4,"Friday, August 11, 2023",User,2023
8945,4,142,4,"Sunday, April 2, 2023",User,2023
9315,4,17,4,"Wednesday, February 22, 2023",User,2023
9411,4,139,4,"Thursday, December 21, 2023",User,2023
9478,4,109,4,"Sunday, November 19, 2023",User,2023
9617,4,65,4,"Tuesday, March 21, 2023",User,2023
9689,4,53,4,"Monday, January 9, 2023",User,2023
9778,4,10,4,"Saturday, January 7, 2023",User,2023
483,4,114,4,"Tuesday, August 29, 2023",User,2023
640,4,147,4,"Tuesday, October 17, 2023",User,2023
661,4,58,4,"Wednesday, November 15, 2023",User,2023
754,4,59,4,"Friday, April 21, 2023",User,2023
1496,4,46,4,"Thursday, August 31, 2023",User,2023
1560,4,24,4,"Wednesday, April 19, 2023",User,2023
1568,4,114,4,"Wednesday, November 1, 2023",User,2023
1609,4,31,4,"Saturday, April 1, 2023",User,2023
1855,4,57,4,"Thursday, June 22, 2023",User,2023
1958,4,113,4,"Wednesday, November 1, 2023",User,2023
1974,4,54,4,"Saturday, December 23, 2023",User,2023
2119,4,68,4,"Friday, January 13, 2023",User,2023
2290,4,95,4,"Friday, September 15, 2023",User,2023
2509,4,73,4,"Monday, August 28, 2023",User,2023
2608,4,41,4,"Wednesday, December 27, 2023",User,2023
2699,4,90,4,"Tuesday, May 2, 2023",User,2023
3008,4,121,4,"Tuesday, May 16, 2023",User,2023
3272,4,89,4,"Tuesday, August 22, 2023",User,2023
3551,4,63,4,"Wednesday, August 2, 2023",User,2023
3764,4,200,4,"Saturday, September 9, 2023",User,2023
4069,4,127,4,"Tuesday, April 25, 2023",User,2023
4073,4,188,4,"Thursday, February 23, 2023",User,2023
4334,4,66,4,"Tuesday, October 31, 2023",User,2023
4401,4,140,4,"Friday, September 15, 2023",User,2023
4456,4,158,4,"Sunday, September 17, 2023",User,2023
4626,4,60,4,"Tuesday, March 14, 2023",User,2023
27,4,5,4,"Thursday, January 27, 2022",User,2022
841,4,73,4,"Saturday, April 20, 2024",User,2024
1255,4,186,4,"Wednesday, August 6, 2025",User,2025
330,21,56,4,"Saturday, October 14, 2023",User,2023
630,21,192,4,"Monday, August 14, 2023",User,2023
952,21,173,4,"Sunday, November 12, 2023",User,2023
1105,21,197,4,"Friday, February 24, 2023",User,2023
1276,21,187,4,"Friday, August 18, 2023",User,2023
1371,21,93,4,"Tuesday, September 19, 2023",User,2023
1545,21,122,4,"Tuesday, August 29, 2023",User,2023
1645,21,134,4,"Friday, October 20, 2023",User,2023
1807,21,134,4,"Wednesday, October 11, 2023",User,2023
1872,21,125,4,"Sunday, February 19, 2023",User,2023
2176,21,113,4,"Wednesday, October 11, 2023",User,2023
2258,21,116,4,"Friday, November 3, 2023",User,2023
2446,21,117,4,"Monday, October 23, 2023",User,2023
2490,21,39,4,"Saturday, January 21, 2023",User,2023
2557,21,144,4,"Friday, July 14, 2023",User,2023
2582,21,17,4,"Monday, October 30, 2023",User,2023
2667,21,117,4,"Wednesday, May 3, 2023",User,2023
2955,21,110,4,"Thursday, August 17, 2023",User,2023
3309,21,183,4,"Wednesday, August 2, 2023",User,2023
3360,21,107,4,"Sunday, May 14, 2023",User,2023
3469,21,104,4,"Saturday, March 11, 2023",User,2023
3826,21,133,4,"Monday, April 10, 2023",User,2023
4208,21,188,4,"Thursday, November 16, 2023",User,2023
4914,21,109,4,"Friday, August 11, 2023",User,2023
5018,21,198,4,"Monday, April 10, 2023",User,2023
5454,21,155,4,"Monday, February 20, 2023",User,2023
5841,21,141,4,"Tuesday, April 18, 2023",User,2023
5867,21,21,4,"Wednesday, November 15, 2023",User,2023
5897,21,16,4,"Saturday, September 2, 2023",User,2023
6463,21,100,4,"Thursday, March 2, 2023",User,2023
6791,21,111,4,"Saturday, July 1, 2023",User,2023
6814,21,187,4,"Friday, November 3, 2023",User,2023
6845,21,13,4,"Wednesday, May 17, 2023",User,2023
6882,21,144,4,"Thursday, December 14, 2023",User,2023
7047,21,41,4,"Friday, August 11, 2023",User,2023
7162,21,109,4,"Tuesday, January 17, 2023",User,2023
7339,21,63,4,"Monday, September 25, 2023",User,2023
7627,21,148,4,"Thursday, March 9, 2023",User,2023
7730,21,164,4,"Friday, August 4, 2023",User,2023
7759,21,154,4,"Sunday, October 22, 2023",User,2023
7811,21,15,4,"Tuesday, May 16, 2023",User,2023
7868,21,129,4,"Thursday, October 26, 2023",User,2023
7911,21,105,4,"Wednesday, January 25, 2023",User,2023
7957,21,84,4,"Sunday, August 27, 2023",User,2023
9007,21,23,4,"Tuesday, August 29, 2023",User,2023
9064,21,81,4,"Tuesday, May 2, 2023",User,2023
9080,21,198,4,"Monday, January 30, 2023",User,2023
9096,21,17,4,"Friday, September 29, 2023",User,2023
9252,21,165,4,"Tuesday, March 21, 2023",User,2023
9349,21,142,4,"Saturday, June 3, 2023",User,2023
9574,21,69,4,"Saturday, August 26, 2023",User,2023
9619,21,131,4,"Saturday, April 22, 2023",User,2023
9799,21,115,4,"Thursday, April 13, 2023",User,2023
330,21,56,4,"Thursday, January 26, 2023",User,2023
630,21,192,4,"Friday, March 10, 2023",User,2023
952,21,173,4,"Wednesday, January 24, 2024",User,2024
1105,21,197,4,"Friday, February 24, 2023",User,2023
1276,21,187,4,"Friday, August 18, 2023",User,2023
1371,21,93,4,"Tuesday, September 19, 2023",User,2023
1545,21,122,4,"Tuesday, August 29, 2023",User,2023
1645,21,134,4,"Friday, October 20, 2023",User,2023
1807,21,134,4,"Wednesday, October 11, 2023",User,2023
1872,21,125,4,"Sunday, February 19, 2023",User,2023
2176,21,113,4,"Wednesday, October 11, 2023",User,2023
2258,21,116,4,"Friday, November 3, 2023",User,2023
2446,21,117,4,"Monday, October 23, 2023",User,2023
2490,21,39,4,"Saturday, January 21, 2023",User,2023
2557,21,144,4,"Friday, July 14, 2023",User,2023
2582,21,17,4,"Monday, October 30, 2023",User,2023
2667,21,117,4,"Wednesday, May 3, 2023",User,2023
2955,21,110,4,"Thursday, August 17, 2023",User,2023
3309,21,183,4,"Wednesday, August 2, 2023",User,2023
3360,21,107,4,"Sunday, May 14, 2023",User,2023
3469,21,104,4,"Saturday, March 11, 2023",User,2023
3826,21,133,4,"Monday, April 10, 2023",User,2023
4208,21,188,4,"Thursday, November 16, 2023",User,2023
378,21,32,4,"Friday, January 13, 2023",User,2023
1024,21,142,4,"Sunday, October 20, 2024",User,2024
1363,21,73,4,"Wednesday, September 24, 2025",User,2025
124,2,63,4,"Wednesday, January 18, 2023",User,2023
469,2,134,4,"Saturday, September 30, 2023",User,2023
680,2,123,4,"Saturday, April 1, 2023",User,2023
928,2,200,4,"Friday, December 8, 2023",User,2023
1013,2,131,4,"Tuesday, December 5, 2023",User,2023
1225,2,157,4,"Saturday, January 14, 2023",User,2023
1253,2,39,4,"Friday, August 18, 2023",User,2023
1289,2,127,4,"Sunday, June 11, 2023",User,2023
1550,2,147,4,"Monday, May 22, 2023",User,2023
1620,2,109,4,"Wednesday, July 26, 2023",User,2023
1920,2,165,4,"Friday, January 6, 2023",User,2023
2313,2,26,4,"Sunday, December 10, 2023",User,2023
2865,2,64,4,"Friday, March 24, 2023",User,2023
2928,2,156,4,"Monday, March 20, 2023",User,2023
2937,2,193,4,"Friday, February 17, 2023",User,2023
3671,2,39,4,"Sunday, November 26, 2023",User,2023
3700,2,191,4,"Thursday, October 19, 2023",User,2023
3825,2,21,4,"Tuesday, March 21, 2023",User,2023
4224,2,13,4,"Thursday, January 12, 2023",User,2023
4243,2,181,4,"Tuesday, November 28, 2023",User,2023
4542,2,150,4,"Monday, August 21, 2023",User,2023
4684,2,111,4,"Friday, June 23, 2023",User,2023
4794,2,154,4,"Sunday, September 24, 2023",User,2023
4860,2,152,4,"Monday, August 14, 2023",User,2023
5536,2,23,4,"Friday, March 10, 2023",User,2023
5737,2,141,4,"Monday, October 16, 2023",User,2023
6251,2,7,4,"Friday, March 10, 2023",User,2023
6380,2,3,4,"Tuesday, August 1, 2023",User,2023
6694,2,79,4,"Thursday, April 20, 2023",User,2023
6807,2,47,4,"Thursday, March 23, 2023",User,2023
6840,2,113,4,"Thursday, March 30, 2023",User,2023
6903,2,114,4,"Thursday, February 9, 2023",User,2023
6918,2,199,4,"Tuesday, July 18, 2023",User,2023
6987,2,27,4,"Monday, November 20, 2023",User,2023
7143,2,57,4,"Monday, June 26, 2023",User,2023
7195,2,14,4,"Friday, July 21, 2023",User,2023
7234,2,36,4,"Wednesday, June 14, 2023",User,2023
7263,2,47,4,"Saturday, April 22, 2023",User,2023
7465,2,40,4,"Tuesday, August 29, 2023",User,2023
7514,2,37,4,"Friday, December 8, 2023",User,2023
7619,2,133,4,"Wednesday, December 6, 2023",User,2023
8114,2,143,4,"Monday, July 10, 2023",User,2023
8302,2,4,4,"Wednesday, January 4, 2023",User,2023
8870,2,187,4,"Friday, February 24, 2023",User,2023
8899,2,107,4,"Wednesday, June 14, 2023",User,2023
8928,2,23,4,"Tuesday, January 17, 2023",User,2023
9034,2,50,4,"Wednesday, April 5, 2023",User,2023
9152,2,157,4,"Tuesday, September 5, 2023",User,2023
9166,2,18,4,"Sunday, October 22, 2023",User,2023
9198,2,80,4,"Wednesday, July 19, 2023",User,2023
9314,2,193,4,"Wednesday, January 25, 2023",User,2023
9360,2,19,4,"Friday, September 15, 2023",User,2023
9484,2,192,4,"Thursday, January 5, 2023",User,2023
124,2,63,4,"Wednesday, January 31, 2024",User,2024
469,2,134,4,"Friday, September 8, 2023",User,2023
680,2,123,4,"Tuesday, December 12, 2023",User,2023
928,2,200,4,"Thursday, December 21, 2023",User,2023
1013,2,131,4,"Tuesday, December 5, 2023",User,2023
1225,2,157,4,"Saturday, January 14, 2023",User,2023
1253,2,39,4,"Friday, August 18, 2023",User,2023
1289,2,127,4,"Sunday, June 11, 2023",User,2023
1550,2,147,4,"Monday, May 22, 2023",User,2023
1620,2,109,4,"Wednesday, July 26, 2023",User,2023
1920,2,165,4,"Friday, January 6, 2023",User,2023
2313,2,26,4,"Sunday, December 10, 2023",User,2023
2865,2,64,4,"Friday, March 24, 2023",User,2023
2928,2,156,4,"Monday, March 20, 2023",User,2023
2937,2,193,4,"Friday, February 17, 2023",User,2023
3671,2,39,4,"Sunday, November 26, 2023",User,2023
3700,2,191,4,"Thursday, October 19, 2023",User,2023
3825,2,21,4,"Tuesday, March 21, 2023",User,2023
4224,2,13,4,"Thursday, January 12, 2023",User,2023
4243,2,181,4,"Tuesday, November 28, 2023",User,2023
4542,2,150,4,"Monday, August 21, 2023",User,2023
4684,2,111,4,"Friday, June 23, 2023",User,2023
4794,2,154,4,"Sunday, September 24, 2023",User,2023
293,2,185,4,"Thursday, October 20, 2022",User,2022
49,16,179,4,"Thursday, November 23, 2023",User,2023
101,16,69,4,"Monday, October 2, 2023",User,2023
159,16,114,4,"Monday, March 6, 2023",User,2023
1054,16,180,4,"Sunday, June 18, 2023",User,2023
1181,16,46,4,"Sunday, September 3, 2023",User,2023
1220,16,109,4,"Monday, September 18, 2023",User,2023
1247,16,127,4,"Friday, June 16, 2023",User,2023
1465,16,158,4,"Tuesday, October 17, 2023",User,2023
2343,16,53,4,"Thursday, October 5, 2023",User,2023
2402,16,77,4,"Tuesday, July 25, 2023",User,2023
2467,16,11,4,"Wednesday, July 26, 2023",User,2023
2816,16,29,4,"Sunday, May 28, 2023",User,2023
2931,16,162,4,"Saturday, December 16, 2023",User,2023
3098,16,132,4,"Saturday, October 14, 2023",User,2023
3101,16,149,4,"Monday, December 18, 2023",User,2023
3256,16,64,4,"Thursday, July 27, 2023",User,2023
3359,16,15,4,"Sunday, December 3, 2023",User,2023
3496,16,146,4,"Friday, September 29, 2023",User,2023
3927,16,159,4,"Monday, November 20, 2023",User,2023
4220,16,158,4,"Monday, May 8, 2023",User,2023
4428,16,77,4,"Monday, December 18, 2023",User,2023
4490,16,195,4,"Sunday, June 18, 2023",User,2023
4751,16,108,4,"Tuesday, July 11, 2023",User,2023
4903,16,71,4,"Tuesday, July 11, 2023",User,2023
5193,16,75,4,"Wednesday, June 21, 2023",User,2023
5255,16,22,4,"Saturday, December 9, 2023",User,2023
5425,16,155,4,"Wednesday, August 9, 2023",User,2023
5719,16,158,4,"Sunday, April 16, 2023",User,2023
5890,16,193,4,"Friday, October 27, 2023",User,2023
6019,16,24,4,"Sunday, November 12, 2023",User,2023
6138,16,100,4,"Wednesday, September 27, 2023",User,2023
6821,16,23,4,"Monday, January 2, 2023",User,2023
6869,16,24,4,"Thursday, December 21, 2023",User,2023
7097,16,157,4,"Monday, December 4, 2023",User,2023
7190,16,167,4,"Sunday, December 10, 2023",User,2023
7410,16,164,4,"Thursday, July 6, 2023",User,2023
7484,16,41,4,"Wednesday, February 15, 2023",User,2023
7696,16,136,4,"Saturday, May 6, 2023",User,2023
7800,16,38,4,"Tuesday, January 3, 2023",User,2023
7924,16,104,4,"Monday, December 18, 2023",User,2023
7935,16,140,4,"Saturday, September 2, 2023",User,2023
8449,16,187,4,"Tuesday, April 4, 2023",User,2023
8519,16,100,4,"Monday, April 10, 2023",User,2023
8804,16,8,4,"Friday, November 24, 2023",User,2023
8865,16,100,4,"Sunday, November 19, 2023",User,2023
9142,16,24,4,"Saturday, October 21, 2023",User,2023
9588,16,23,4,"Saturday, February 11, 2023",User,2023
9712,16,76,4,"Monday, January 16, 2023",User,2023
9766,16,69,4,"Monday, August 7, 2023",User,2023
9903,16,110,4,"Monday, February 27, 2023",User,2023
9946,16,65,4,"Wednesday, December 6, 2023",User,2023
9961,16,156,4,"Friday, May 5, 2023",User,2023
9970,16,2,4,"Thursday, August 3, 2023",User,2023
49,16,179,4,"Wednesday, October 18, 2023",User,2023
101,16,69,4,"Friday, December 29, 2023",User,2023
159,16,114,4,"Tuesday, February 14, 2023",User,2023
1054,16,180,4,"Sunday, June 18, 2023",User,2023
1181,16,46,4,"Sunday, September 3, 2023",User,2023
1220,16,109,4,"Monday, September 18, 2023",User,2023
1247,16,127,4,"Friday, June 16, 2023",User,2023
1465,16,158,4,"Tuesday, October 17, 2023",User,2023
2343,16,53,4,"Thursday, October 5, 2023",User,2023
2402,16,77,4,"Tuesday, July 25, 2023",User,2023
2467,16,11,4,"Wednesday, July 26, 2023",User,2023
2816,16,29,4,"Sunday, May 28, 2023",User,2023
2931,16,162,4,"Saturday, December 16, 2023",User,2023
3098,16,132,4,"Saturday, October 14, 2023",User,2023
3101,16,149,4,"Monday, December 18, 2023",User,2023
3256,16,64,4,"Thursday, July 27, 2023",User,2023
3359,16,15,4,"Sunday, December 3, 2023",User,2023
3496,16,146,4,"Friday, September 29, 2023",User,2023
3927,16,159,4,"Monday, November 20, 2023",User,2023
4220,16,158,4,"Monday, May 8, 2023",User,2023
4428,16,77,4,"Monday, December 18, 2023",User,2023
4490,16,195,4,"Sunday, June 18, 2023",User,2023
4751,16,108,4,"Tuesday, July 11, 2023",User,2023
708,16,126,4,"Tuesday, September 12, 2023",User,2023
261,33,108,4,"Thursday, April 13, 2023",User,2023
571,33,1,4,"Thursday, September 14, 2023",User,2023
611,33,160,4,"Monday, October 23, 2023",User,2023
1331,33,111,4,"Sunday, November 19, 2023",User,2023
1474,33,18,4,"Monday, February 27, 2023",User,2023
1705,33,70,4,"Friday, December 15, 2023",User,2023
1848,33,4,4,"Friday, August 25, 2023",User,2023
2083,33,58,4,"Thursday, January 5, 2023",User,2023
2385,33,25,4,"Monday, July 24, 2023",User,2023
2506,33,43,4,"Thursday, November 30, 2023",User,2023
2569,33,156,4,"Sunday, October 8, 2023",User,2023
2662,33,59,4,"Wednesday, June 21, 2023",User,2023
3054,33,9,4,"Thursday, March 2, 2023",User,2023
3186,33,197,4,"Saturday, February 25, 2023",User,2023
3220,33,56,4,"Thursday, June 22, 2023",User,2023
3367,33,87,4,"Wednesday, April 12, 2023",User,2023
3571,33,16,4,"Thursday, December 7, 2023",User,2023
4215,33,64,4,"Monday, February 27, 2023",User,2023
4344,33,41,4,"Monday, February 27, 2023",User,2023
4346,33,55,4,"Thursday, January 12, 2023",User,2023
4589,33,45,4,"Tuesday, December 5, 2023",User,2023
4773,33,66,4,"Sunday, November 12, 2023",User,2023
4954,33,18,4,"Monday, December 25, 2023",User,2023
4992,33,33,4,"Sunday, February 12, 2023",User,2023
5150,33,126,4,"Saturday, March 4, 2023",User,2023
5327,33,95,4,"Thursday, October 5, 2023",User,2023
5376,33,81,4,"Saturday, January 28, 2023",User,2023
5485,33,200,4,"Sunday, May 7, 2023",User,2023
5539,33,12,4,"Tuesday, June 6, 2023",User,2023
5727,33,34,4,"Saturday, August 19, 2023",User,2023
5736,33,83,4,"Wednesday, January 11, 2023",User,2023
5778,33,24,4,"Tuesday, May 2, 2023",User,2023
6164,33,136,4,"Sunday, September 3, 2023",User,2023
6778,33,65,4,"Friday, September 1, 2023",User,2023
6990,33,55,4,"Wednesday, September 6, 2023",User,2023
7291,33,98,4,"Saturday, January 21, 2023",User,2023
7534,33,196,4,"Sunday, December 31, 2023",User,2023
7645,33,131,4,"Wednesday, August 23, 2023",User,2023
7715,33,136,4,"Friday, July 7, 2023",User,2023
7773,33,158,4,"Sunday, June 18, 2023",User,2023
7999,33,140,4,"Sunday, April 2, 2023",User,2023
8218,33,136,4,"Wednesday, June 21, 2023",User,2023
8219,33,64,4,"Wednesday, August 2, 2023",User,2023
8330,33,29,4,"Tuesday, June 20, 2023",User,2023
8469,33,116,4,"Monday, August 14, 2023",User,2023
8688,33,77,4,"Saturday, October 28, 2023",User,2023
8754,33,171,4,"Wednesday, February 15, 2023",User,2023
9019,33,186,4,"Sunday, February 19, 2023",User,2023
9158,33,159,4,"Sunday, November 19, 2023",User,2023
9802,33,185,4,"Monday, May 15, 2023",User,2023
9836,33,197,4,"Wednesday, July 19, 2023",User,2023
261,33,108,4,"Wednesday, June 7, 2023",User,2023
571,33,1,4,"Thursday, December 7, 2023",User,2023
611,33,160,4,"Friday, June 9, 2023",User,2023
1331,33,111,4,"Sunday, November 19, 2023",User,2023
1474,33,18,4,"Monday, February 27, 2023",User,2023
1705,33,70,4,"Friday, December 15, 2023",User,2023
1848,33,4,4,"Friday, August 25, 2023",User,2023
2083,33,58,4,"Thursday, January 5, 2023",User,2023
2385,33,25,4,"Monday, July 24, 2023",User,2023
2506,33,43,4,"Thursday, November 30, 2023",User,2023
2569,33,156,4,"Sunday, October 8, 2023",User,2023
2662,33,59,4,"Wednesday, June 21, 2023",User,2023
3054,33,9,4,"Thursday, March 2, 2023",User,2023
3186,33,197,4,"Saturday, February 25, 2023",User,2023
3220,33,56,4,"Thursday, June 22, 2023",User,2023
3367,33,87,4,"Wednesday, April 12, 2023",User,2023
3571,33,16,4,"Thursday, December 7, 2023",User,2023
4215,33,64,4,"Monday, February 27, 2023",User,2023
4344,33,41,4,"Monday, February 27, 2023",User,2023
4346,33,55,4,"Thursday, January 12, 2023",User,2023
4589,33,45,4,"Tuesday, December 5, 2023",User,2023
4773,33,66,4,"Sunday, November 12, 2023",User,2023
655,33,158,4,"Tuesday, October 17, 2023",User,2023
669,33,81,4,"Tuesday, October 31, 2023",User,2023
845,33,135,4,"Wednesday, April 24, 2024",User,2024
1338,33,83,4,"Saturday, August 30, 2025",User,2025
137,20,30,4,"Sunday, March 5, 2023",User,2023
230,20,180,4,"Thursday, February 9, 2023",User,2023
487,20,175,4,"Monday, November 13, 2023",User,2023
595,20,64,4,"Wednesday, May 31, 2023",User,2023
692,20,184,4,"Saturday, October 21, 2023",User,2023
1090,20,27,4,"Saturday, August 19, 2023",User,2023
1252,20,97,4,"Monday, June 12, 2023",User,2023
1343,20,53,4,"Monday, June 26, 2023",User,2023
1419,20,135,4,"Wednesday, June 14, 2023",User,2023
1470,20,186,4,"Friday, September 29, 2023",User,2023
1752,20,34,4,"Monday, October 9, 2023",User,2023
1817,20,172,4,"Wednesday, May 17, 2023",User,2023
2054,20,53,4,"Friday, May 12, 2023",User,2023
2109,20,23,4,"Wednesday, March 15, 2023",User,2023
2730,20,199,4,"Friday, April 7, 2023",User,2023
2926,20,45,4,"Sunday, June 18, 2023",User,2023
2989,20,25,4,"Saturday, February 4, 2023",User,2023
3279,20,181,4,"Monday, February 20, 2023",User,2023
3704,20,20,4,"Tuesday, July 18, 2023",User,2023
3765,20,165,4,"Sunday, October 29, 2023",User,2023
3855,20,118,4,"Thursday, February 2, 2023",User,2023
3881,20,199,4,"Tuesday, April 18, 2023",User,2023
4337,20,186,4,"Friday, September 22, 2023",User,2023
4492,20,26,4,"Thursday, August 31, 2023",User,2023
4736,20,74,4,"Saturday, February 4, 2023",User,2023
4943,20,118,4,"Friday, June 23, 2023",User,2023
5289,20,97,4,"Friday, September 8, 2023",User,2023
5588,20,43,4,"Monday, January 9, 2023",User,2023
6034,20,68,4,"Sunday, April 23, 2023",User,2023
6232,20,39,4,"Thursday, February 16, 2023",User,2023
6233,20,171,4,"Tuesday, October 17, 2023",User,2023
6838,20,68,4,"Thursday, October 19, 2023",User,2023
6884,20,98,4,"Friday, December 22, 2023",User,2023
7066,20,80,4,"Monday, August 21, 2023",User,2023
7121,20,110,4,"Wednesday, January 18, 2023",User,2023
7395,20,82,4,"Thursday, May 18, 2023",User,2023
7640,20,36,4,"Saturday, January 21, 2023",User,2023
7893,20,176,4,"Saturday, November 4, 2023",User,2023
7937,20,134,4,"Tuesday, August 15, 2023",User,2023
8053,20,180,4,"Thursday, July 13, 2023",User,2023
8316,20,145,4,"Wednesday, April 12, 2023",User,2023
8711,20,87,4,"Tuesday, May 2, 2023",User,2023
8951,20,63,4,"Friday, July 28, 2023",User,2023
9443,20,12,4,"Thursday, December 28, 2023",User,2023
9467,20,39,4,"Friday, September 1, 2023",User,2023
9475,20,39,4,"Monday, April 3, 2023",User,2023
9719,20,9,4,"Monday, June 5, 2023",User,2023
9745,20,74,4,"Wednesday, March 29, 2023",User,2023
9904,20,143,4,"Saturday, May 20, 2023",User,2023
137,20,30,4,"Friday, January 13, 2023",User,2023
230,20,180,4,"Wednesday, May 24, 2023",User,2023
487,20,175,4,"Sunday, April 9, 2023",User,2023
595,20,64,4,"Tuesday, August 15, 2023",User,2023
692,20,184,4,"Wednesday, January 25, 2023",User,2023
1090,20,27,4,"Saturday, August 19, 2023",User,2023
1252,20,97,4,"Monday, June 12, 2023",User,2023
1343,20,53,4,"Monday, June 26, 2023",User,2023
1419,20,135,4,"Wednesday, June 14, 2023",User,2023
1470,20,186,4,"Friday, September 29, 2023",User,2023
1752,20,34,4,"Monday, October 9, 2023",User,2023
1817,20,172,4,"Wednesday, May 17, 2023",User,2023
2054,20,53,4,"Friday, May 12, 2023",User,2023
2109,20,23,4,"Wednesday, March 15, 2023",User,2023
2730,20,199,4,"Friday, April 7, 2023",User,2023
2926,20,45,4,"Sunday, June 18, 2023",User,2023
2989,20,25,4,"Saturday, February 4, 2023",User,2023
3279,20,181,4,"Monday, February 20, 2023",User,2023
3704,20,20,4,"Tuesday, July 18, 2023",User,2023
3765,20,165,4,"Sunday, October 29, 2023",User,2023
3855,20,118,4,"Thursday, February 2, 2023",User,2023
3881,20,199,4,"Tuesday, April 18, 2023",User,2023
4337,20,186,4,"Friday, September 22, 2023",User,2023
4492,20,26,4,"Thursday, August 31, 2023",User,2023
4736,20,74,4,"Saturday, February 4, 2023",User,2023
808,20,110,4,"Monday, March 18, 2024",User,2024
1152,20,162,4,"Tuesday, February 25, 2025",User,2025
577,37,56,4,"Saturday, March 18, 2023",User,2023
868,37,198,4,"Tuesday, December 26, 2023",User,2023
883,37,119,4,"Sunday, October 29, 2023",User,2023
911,37,75,4,"Monday, May 22, 2023",User,2023
917,37,106,4,"Thursday, May 18, 2023",User,2023
1156,37,195,4,"Saturday, November 4, 2023",User,2023
1338,37,71,4,"Saturday, January 28, 2023",User,2023
1598,37,35,4,"Monday, August 7, 2023",User,2023
2058,37,138,4,"Monday, June 26, 2023",User,2023
2196,37,189,4,"Sunday, November 26, 2023",User,2023
2728,37,5,4,"Monday, July 10, 2023",User,2023
2754,37,34,4,"Tuesday, January 24, 2023",User,2023
2867,37,47,4,"Tuesday, November 14, 2023",User,2023
3070,37,49,4,"Tuesday, September 5, 2023",User,2023
3315,37,119,4,"Monday, May 29, 2023",User,2023
3343,37,27,4,"Saturday, August 26, 2023",User,2023
3583,37,25,4,"Wednesday, May 31, 2023",User,2023
3861,37,97,4,"Saturday, April 8, 2023",User,2023
4032,37,64,4,"Sunday, July 30, 2023",User,2023
4041,37,134,4,"Thursday, April 27, 2023",User,2023
4245,37,30,4,"Sunday, October 29, 2023",User,2023
4272,37,169,4,"Tuesday, May 23, 2023",User,2023
4469,37,75,4,"Tuesday, February 21, 2023",User,2023
4506,37,32,4,"Saturday, December 2, 2023",User,2023
4564,37,171,4,"Thursday, September 21, 2023",User,2023
4668,37,172,4,"Saturday, October 21, 2023",User,2023
4848,37,177,4,"Wednesday, March 8, 2023",User,2023
5280,37,97,4,"Monday, May 29, 2023",User,2023
5302,37,154,4,"Thursday, August 24, 2023",User,2023
5459,37,145,4,"Tuesday, August 1, 2023",User,2023
5493,37,135,4,"Saturday, November 4, 2023",User,2023
5684,37,141,4,"Friday, July 28, 2023",User,2023
5710,37,182,4,"Friday, August 11, 2023",User,2023
5987,37,153,4,"Monday, August 14, 2023",User,2023
6043,37,71,4,"Tuesday, October 10, 2023",User,2023
7119,37,170,4,"Saturday, June 3, 2023",User,2023
7423,37,70,4,"Monday, November 13, 2023",User,2023
7801,37,120,4,"Thursday, April 20, 2023",User,2023
7820,37,134,4,"Monday, July 10, 2023",User,2023
8238,37,26,4,"Tuesday, July 18, 2023",User,2023
8601,37,129,4,"Sunday, July 30, 2023",User,2023
8681,37,61,4,"Sunday, June 4, 2023",User,2023
8704,37,144,4,"Friday, February 10, 2023",User,2023
9046,37,121,4,"Friday, April 21, 2023",User,2023
9147,37,111,4,"Sunday, July 16, 2023",User,2023
9294,37,176,4,"Sunday, September 17, 2023",User,2023
9460,37,60,4,"Wednesday, May 31, 2023",User,2023
9818,37,53,4,"Sunday, December 31, 2023",User,2023
577,37,56,4,"Thursday, July 20, 2023",User,2023
868,37,198,4,"Thursday, September 28, 2023",User,2023
883,37,119,4,"Thursday, October 19, 2023",User,2023
911,37,75,4,"Tuesday, November 28, 2023",User,2023
917,37,106,4,"Monday, June 12, 2023",User,2023
1156,37,195,4,"Saturday, November 4, 2023",User,2023
1338,37,71,4,"Saturday, January 28, 2023",User,2023
1598,37,35,4,"Monday, August 7, 2023",User,2023
2058,37,138,4,"Monday, June 26, 2023",User,2023
2196,37,189,4,"Sunday, November 26, 2023",User,2023
2728,37,5,4,"Monday, July 10, 2023",User,2023
2754,37,34,4,"Tuesday, January 24, 2023",User,2023
2867,37,47,4,"Tuesday, November 14, 2023",User,2023
3070,37,49,4,"Tuesday, September 5, 2023",User,2023
3315,37,119,4,"Monday, May 29, 2023",User,2023
3343,37,27,4,"Saturday, August 26, 2023",User,2023
3583,37,25,4,"Wednesday, May 31, 2023",User,2023
3861,37,97,4,"Saturday, April 8, 2023",User,2023
4032,37,64,4,"Sunday, July 30, 2023",User,2023
4041,37,134,4,"Thursday, April 27, 2023",User,2023
4245,37,30,4,"Sunday, October 29, 2023",User,2023
4272,37,169,4,"Tuesday, May 23, 2023",User,2023
4469,37,75,4,"Tuesday, February 21, 2023",User,2023
4506,37,32,4,"Saturday, December 2, 2023",User,2023
4564,37,171,4,"Thursday, September 21, 2023",User,2023
4668,37,172,4,"Saturday, October 21, 2023",User,2023
41,40,54,4,"Sunday, October 22, 2023",User,2023
70,40,98,4,"Sunday, May 7, 2023",User,2023
184,40,2,4,"Monday, September 4, 2023",User,2023
284,40,119,4,"Friday, December 15, 2023",User,2023
618,40,49,4,"Wednesday, July 5, 2023",User,2023
812,40,116,4,"Thursday, January 5, 2023",User,2023
1070,40,61,4,"Monday, February 20, 2023",User,2023
1126,40,62,4,"Tuesday, August 15, 2023",User,2023
1574,40,67,4,"Thursday, March 23, 2023",User,2023
1836,40,109,4,"Sunday, November 26, 2023",User,2023
1924,40,194,4,"Thursday, July 13, 2023",User,2023
2197,40,101,4,"Thursday, February 23, 2023",User,2023
2225,40,156,4,"Thursday, May 18, 2023",User,2023
2257,40,133,4,"Thursday, May 18, 2023",User,2023
2414,40,132,4,"Monday, December 25, 2023",User,2023
2975,40,120,4,"Friday, November 24, 2023",User,2023
3122,40,173,4,"Sunday, July 23, 2023",User,2023
3751,40,36,4,"Sunday, March 12, 2023",User,2023
3841,40,58,4,"Tuesday, September 19, 2023",User,2023
3857,40,143,4,"Friday, April 14, 2023",User,2023
4050,40,152,4,"Friday, June 23, 2023",User,2023
4232,40,7,4,"Friday, December 8, 2023",User,2023
4345,40,197,4,"Tuesday, August 15, 2023",User,2023
5164,40,197,4,"Monday, October 2, 2023",User,2023
5253,40,190,4,"Monday, December 11, 2023",User,2023
5258,40,141,4,"Friday, February 24, 2023",User,2023
5427,40,176,4,"Monday, September 18, 2023",User,2023
5465,40,159,4,"Wednesday, April 12, 2023",User,2023
5663,40,111,4,"Wednesday, March 29, 2023",User,2023
6790,40,14,4,"Saturday, December 30, 2023",User,2023
7000,40,66,4,"Thursday, November 9, 2023",User,2023
7017,40,56,4,"Wednesday, March 8, 2023",User,2023
7456,40,133,4,"Wednesday, May 24, 2023",User,2023
7608,40,102,4,"Thursday, April 6, 2023",User,2023
7720,40,66,4,"Friday, April 28, 2023",User,2023
7722,40,1,4,"Sunday, September 24, 2023",User,2023
8115,40,97,4,"Saturday, March 18, 2023",User,2023
8122,40,127,4,"Tuesday, November 14, 2023",User,2023
8186,40,18,4,"Friday, September 8, 2023",User,2023
8387,40,154,4,"Wednesday, November 22, 2023",User,2023
8551,40,86,4,"Monday, July 17, 2023",User,2023
9269,40,62,4,"Thursday, April 27, 2023",User,2023
9481,40,37,4,"Wednesday, April 19, 2023",User,2023
9491,40,128,4,"Tuesday, June 27, 2023",User,2023
9565,40,172,4,"Wednesday, September 27, 2023",User,2023
9616,40,16,4,"Monday, July 10, 2023",User,2023
9654,40,133,4,"Thursday, October 12, 2023",User,2023
9723,40,108,4,"Sunday, October 22, 2023",User,2023
9804,40,197,4,"Sunday, May 21, 2023",User,2023
70,40,98,4,"Thursday, November 16, 2023",User,2023
184,40,2,4,"Tuesday, March 21, 2023",User,2023
284,40,119,4,"Tuesday, August 8, 2023",User,2023
618,40,49,4,"Friday, September 15, 2023",User,2023
812,40,116,4,"Thursday, December 7, 2023",User,2023
1070,40,61,4,"Monday, February 20, 2023",User,2023
1126,40,62,4,"Tuesday, August 15, 2023",User,2023
1574,40,67,4,"Thursday, March 23, 2023",User,2023
1836,40,109,4,"Sunday, November 26, 2023",User,2023
1924,40,194,4,"Thursday, July 13, 2023",User,2023
2197,40,101,4,"Thursday, February 23, 2023",User,2023
2225,40,156,4,"Thursday, May 18, 2023",User,2023
2257,40,133,4,"Thursday, May 18, 2023",User,2023
2414,40,132,4,"Monday, December 25, 2023",User,2023
2975,40,120,4,"Friday, November 24, 2023",User,2023
3122,40,173,4,"Sunday, July 23, 2023",User,2023
3751,40,36,4,"Sunday, March 12, 2023",User,2023
3841,40,58,4,"Tuesday, September 19, 2023",User,2023
3857,40,143,4,"Friday, April 14, 2023",User,2023
4050,40,152,4,"Friday, June 23, 2023",User,2023
4232,40,7,4,"Friday, December 8, 2023",User,2023
4345,40,197,4,"Tuesday, August 15, 2023",User,2023
950,40,83,4,"Monday, July 8, 2024",User,2024
1189,40,9,4,"Tuesday, March 4, 2025",User,2025
66,34,29,4,"Wednesday, April 19, 2023",User,2023
675,34,148,4,"Monday, May 22, 2023",User,2023
912,34,55,4,"Monday, October 30, 2023",User,2023
1312,34,27,4,"Saturday, July 1, 2023",User,2023
2009,34,39,4,"Tuesday, June 20, 2023",User,2023
2057,34,15,4,"Wednesday, February 15, 2023",User,2023
2134,34,165,4,"Thursday, June 8, 2023",User,2023
2172,34,190,4,"Wednesday, March 15, 2023",User,2023
2246,34,87,4,"Monday, December 4, 2023",User,2023
2285,34,78,4,"Thursday, March 16, 2023",User,2023
2792,34,158,4,"Wednesday, January 25, 2023",User,2023
3262,34,146,4,"Friday, September 8, 2023",User,2023
3392,34,184,4,"Sunday, April 23, 2023",User,2023
3678,34,44,4,"Sunday, December 31, 2023",User,2023
3875,34,41,4,"Thursday, April 27, 2023",User,2023
3876,34,4,4,"Sunday, May 14, 2023",User,2023
4268,34,176,4,"Saturday, November 4, 2023",User,2023
4470,34,157,4,"Thursday, May 11, 2023",User,2023
4688,34,67,4,"Tuesday, December 5, 2023",User,2023
4720,34,67,4,"Friday, November 17, 2023",User,2023
5078,34,151,4,"Wednesday, June 21, 2023",User,2023
5083,34,83,4,"Sunday, June 4, 2023",User,2023
5638,34,143,4,"Thursday, June 29, 2023",User,2023
5971,34,187,4,"Sunday, September 17, 2023",User,2023
6312,34,46,4,"Saturday, December 30, 2023",User,2023
6364,34,53,4,"Friday, May 12, 2023",User,2023
6475,34,94,4,"Friday, June 23, 2023",User,2023
6607,34,15,4,"Sunday, December 24, 2023",User,2023
6687,34,193,4,"Sunday, February 26, 2023",User,2023
6812,34,27,4,"Thursday, March 9, 2023",User,2023
6965,34,26,4,"Monday, June 19, 2023",User,2023
7180,34,125,4,"Sunday, January 22, 2023",User,2023
7218,34,94,4,"Sunday, September 10, 2023",User,2023
7247,34,46,4,"Wednesday, January 25, 2023",User,2023
7327,34,86,4,"Thursday, April 20, 2023",User,2023
7368,34,162,4,"Thursday, January 19, 2023",User,2023
7829,34,125,4,"Wednesday, November 15, 2023",User,2023
7848,34,31,4,"Sunday, July 2, 2023",User,2023
7917,34,100,4,"Sunday, March 26, 2023",User,2023
7965,34,15,4,"Tuesday, May 9, 2023",User,2023
8131,34,187,4,"Wednesday, February 22, 2023",User,2023
8144,34,102,4,"Tuesday, January 31, 2023",User,2023
8824,34,86,4,"Monday, May 1, 2023",User,2023
8825,34,166,4,"Friday, October 20, 2023",User,2023
9095,34,57,4,"Thursday, December 7, 2023",User,2023
9341,34,11,4,"Sunday, May 7, 2023",User,2023
9640,34,86,4,"Wednesday, January 25, 2023",User,2023
9850,34,73,4,"Sunday, May 14, 2023",User,2023
9968,34,42,4,"Saturday, December 30, 2023",User,2023
66,34,29,4,"Wednesday, October 11, 2023",User,2023
675,34,148,4,"Friday, May 12, 2023",User,2023
912,34,55,4,"Wednesday, November 29, 2023",User,2023
1312,34,27,4,"Saturday, July 1, 2023",User,2023
2009,34,39,4,"Tuesday, June 20, 2023",User,2023
2057,34,15,4,"Wednesday, February 15, 2023",User,2023
2134,34,165,4,"Thursday, June 8, 2023",User,2023
2172,34,190,4,"Wednesday, March 15, 2023",User,2023
2246,34,87,4,"Monday, December 4, 2023",User,2023
2285,34,78,4,"Thursday, March 16, 2023",User,2023
2792,34,158,4,"Wednesday, January 25, 2023",User,2023
3262,34,146,4,"Friday, September 8, 2023",User,2023
3392,34,184,4,"Sunday, April 23, 2023",User,2023
3678,34,44,4,"Sunday, December 31, 2023",User,2023
3875,34,41,4,"Thursday, April 27, 2023",User,2023
3876,34,4,4,"Sunday, May 14, 2023",User,2023
4268,34,176,4,"Saturday, November 4, 2023",User,2023
4470,34,157,4,"Thursday, May 11, 2023",User,2023
4688,34,67,4,"Tuesday, December 5, 2023",User,2023
4720,34,67,4,"Friday, November 17, 2023",User,2023
660,34,143,4,"Sunday, October 22, 2023",User,2023
1281,34,13,4,"Monday, April 7, 2025",User,2025
64,18,22,4,"Sunday, December 17, 2023",User,2023
133,18,41,4,"Monday, July 24, 2023",User,2023
789,18,150,4,"Wednesday, November 8, 2023",User,2023
875,18,99,4,"Thursday, July 20, 2023",User,2023
1192,18,3,4,"Saturday, January 21, 2023",User,2023
1234,18,69,4,"Wednesday, February 15, 2023",User,2023
1611,18,60,4,"Sunday, March 26, 2023",User,2023
1690,18,50,4,"Wednesday, March 22, 2023",User,2023
1832,18,196,4,"Tuesday, July 18, 2023",User,2023
1971,18,76,4,"Saturday, September 30, 2023",User,2023
2012,18,146,4,"Sunday, April 9, 2023",User,2023
2028,18,150,4,"Sunday, January 15, 2023",User,2023
2029,18,31,4,"Tuesday, May 30, 2023",User,2023
2048,18,119,4,"Friday, October 27, 2023",User,2023
2781,18,35,4,"Monday, February 20, 2023",User,2023
2938,18,9,4,"Wednesday, March 15, 2023",User,2023
3189,18,66,4,"Friday, June 2, 2023",User,2023
3768,18,163,4,"Friday, September 1, 2023",User,2023
4439,18,147,4,"Sunday, November 19, 2023",User,2023
4458,18,75,4,"Wednesday, March 29, 2023",User,2023
5006,18,60,4,"Tuesday, August 29, 2023",User,2023
5074,18,106,4,"Thursday, January 19, 2023",User,2023
5747,18,31,4,"Friday, December 22, 2023",User,2023
5758,18,112,4,"Sunday, November 26, 2023",User,2023
5791,18,172,4,"Monday, February 27, 2023",User,2023
5880,18,9,4,"Wednesday, July 19, 2023",User,2023
6245,18,194,4,"Tuesday, June 20, 2023",User,2023
6396,18,86,4,"Thursday, October 26, 2023",User,2023
6920,18,80,4,"Friday, December 22, 2023",User,2023
6978,18,156,4,"Monday, March 13, 2023",User,2023
7043,18,57,4,"Wednesday, November 15, 2023",User,2023
7214,18,2,4,"Thursday, July 20, 2023",User,2023
7222,18,154,4,"Wednesday, April 5, 2023",User,2023
7432,18,18,4,"Monday, September 18, 2023",User,2023
7642,18,102,4,"Friday, October 27, 2023",User,2023
7657,18,144,4,"Monday, September 11, 2023",User,2023
7859,18,179,4,"Thursday, November 23, 2023",User,2023
7922,18,2,4,"Friday, March 17, 2023",User,2023
8085,18,127,4,"Thursday, January 26, 2023",User,2023
8476,18,92,4,"Friday, May 19, 2023",User,2023
8705,18,87,4,"Friday, June 30, 2023",User,2023
8778,18,73,4,"Monday, July 24, 2023",User,2023
8935,18,31,4,"Monday, October 9, 2023",User,2023
9256,18,46,4,"Thursday, October 12, 2023",User,2023
9529,18,178,4,"Tuesday, January 31, 2023",User,2023
9705,18,168,4,"Saturday, April 22, 2023",User,2023
9862,18,106,4,"Tuesday, May 2, 2023",User,2023
64,18,22,4,"Friday, August 11, 2023",User,2023
133,18,41,4,"Tuesday, February 13, 2024",User,2024
789,18,150,4,"Wednesday, September 6, 2023",User,2023
875,18,99,4,"Sunday, September 10, 2023",User,2023
1192,18,3,4,"Saturday, January 21, 2023",User,2023
1234,18,69,4,"Wednesday, February 15, 2023",User,2023
1611,18,60,4,"Sunday, March 26, 2023",User,2023
1690,18,50,4,"Wednesday, March 22, 2023",User,2023
1832,18,196,4,"Tuesday, July 18, 2023",User,2023
1971,18,76,4,"Saturday, September 30, 2023",User,2023
2012,18,146,4,"Sunday, April 9, 2023",User,2023
2028,18,150,4,"Sunday, January 15, 2023",User,2023
2029,18,31,4,"Tuesday, May 30, 2023",User,2023
2048,18,119,4,"Friday, October 27, 2023",User,2023
2781,18,35,4,"Monday, February 20, 2023",User,2023
2938,18,9,4,"Wednesday, March 15, 2023",User,2023
3189,18,66,4,"Friday, June 2, 2023",User,2023
3768,18,163,4,"Friday, September 1, 2023",User,2023
4439,18,147,4,"Sunday, November 19, 2023",User,2023
4458,18,75,4,"Wednesday, March 29, 2023",User,2023
157,18,22,4,"Monday, June 6, 2022",User,2022
413,18,166,4,"Friday, February 17, 2023",User,2023
584,18,193,4,"Saturday, July 8, 2023",User,2023
1336,18,64,4,"Thursday, August 28, 2025",User,2025
84,3,174,4,"Tuesday, August 22, 2023",User,2023
208,3,115,4,"Wednesday, April 5, 2023",User,2023
534,3,187,4,"Saturday, March 11, 2023",User,2023
1059,3,166,4,"Monday, November 27, 2023",User,2023
1112,3,73,4,"Monday, February 20, 2023",User,2023
1288,3,91,4,"Thursday, October 12, 2023",User,2023
1557,3,59,4,"Monday, July 31, 2023",User,2023
1688,3,113,4,"Friday, January 13, 2023",User,2023
1773,3,42,4,"Thursday, November 30, 2023",User,2023
2270,3,54,4,"Saturday, September 16, 2023",User,2023
2458,3,24,4,"Friday, May 12, 2023",User,2023
2833,3,160,4,"Saturday, June 17, 2023",User,2023
2944,3,49,4,"Monday, October 9, 2023",User,2023
2950,3,103,4,"Thursday, March 23, 2023",User,2023
3293,3,35,4,"Thursday, June 8, 2023",User,2023
3339,3,48,4,"Tuesday, July 25, 2023",User,2023
3413,3,83,4,"Thursday, March 2, 2023",User,2023
3422,3,188,4,"Monday, March 20, 2023",User,2023
3601,3,57,4,"Tuesday, February 7, 2023",User,2023
3735,3,152,4,"Monday, July 24, 2023",User,2023
3769,3,78,4,"Friday, November 24, 2023",User,2023
4058,3,68,4,"Monday, August 7, 2023",User,2023
4097,3,66,4,"Monday, January 2, 2023",User,2023
4934,3,163,4,"Wednesday, July 19, 2023",User,2023
5448,3,162,4,"Monday, September 25, 2023",User,2023
5512,3,146,4,"Tuesday, February 14, 2023",User,2023
5635,3,186,4,"Thursday, February 23, 2023",User,2023
6115,3,102,4,"Tuesday, January 24, 2023",User,2023
6152,3,17,4,"Monday, January 23, 2023",User,2023
6238,3,81,4,"Thursday, January 5, 2023",User,2023
6311,3,151,4,"Sunday, June 18, 2023",User,2023
6357,3,45,4,"Thursday, February 23, 2023",User,2023
6387,3,175,4,"Friday, June 2, 2023",User,2023
6411,3,181,4,"Monday, April 17, 2023",User,2023
6522,3,16,4,"Monday, January 23, 2023",User,2023
6896,3,42,4,"Wednesday, September 20, 2023",User,2023
7261,3,149,4,"Sunday, February 5, 2023",User,2023
8307,3,72,4,"Wednesday, November 8, 2023",User,2023
8336,3,85,4,"Tuesday, November 28, 2023",User,2023
8563,3,58,4,"Friday, March 24, 2023",User,2023
8629,3,25,4,"Friday, September 29, 2023",User,2023
8649,3,79,4,"Friday, April 21, 2023",User,2023
9242,3,164,4,"Saturday, October 14, 2023",User,2023
9331,3,16,4,"Wednesday, June 21, 2023",User,2023
9853,3,54,4,"Wednesday, May 31, 2023",User,2023
9990,3,106,4,"Tuesday, October 24, 2023",User,2023
84,3,174,4,"Monday, June 12, 2023",User,2023
208,3,115,4,"Monday, April 24, 2023",User,2023
534,3,187,4,"Monday, May 22, 2023",User,2023
1059,3,166,4,"Monday, November 27, 2023",User,2023
1112,3,73,4,"Monday, February 20, 2023",User,2023
1288,3,91,4,"Thursday, October 12, 2023",User,2023
1557,3,59,4,"Monday, July 31, 2023",User,2023
1688,3,113,4,"Friday, January 13, 2023",User,2023
1773,3,42,4,"Thursday, November 30, 2023",User,2023
2270,3,54,4,"Saturday, September 16, 2023",User,2023
2458,3,24,4,"Friday, May 12, 2023",User,2023
2833,3,160,4,"Saturday, June 17, 2023",User,2023
2944,3,49,4,"Monday, October 9, 2023",User,2023
2950,3,103,4,"Thursday, March 23, 2023",User,2023
3293,3,35,4,"Thursday, June 8, 2023",User,2023
3339,3,48,4,"Tuesday, July 25, 2023",User,2023
3413,3,83,4,"Thursday, March 2, 2023",User,2023
3422,3,188,4,"Monday, March 20, 2023",User,2023
3601,3,57,4,"Tuesday, February 7, 2023",User,2023
3735,3,152,4,"Monday, July 24, 2023",User,2023
3769,3,78,4,"Friday, November 24, 2023",User,2023
4058,3,68,4,"Monday, August 7, 2023",User,2023
4097,3,66,4,"Monday, January 2, 2023",User,2023
15,3,142,4,"Saturday, January 15, 2022",User,2022
1418,3,111,4,"Tuesday, November 18, 2025",User,2025
94,13,182,4,"Friday, August 25, 2023",User,2023
134,13,93,4,"Thursday, October 5, 2023",User,2023
482,13,146,4,"Wednesday, April 5, 2023",User,2023
490,13,84,4,"Friday, September 15, 2023",User,2023
511,13,6,4,"Friday, June 16, 2023",User,2023
562,13,159,4,"Wednesday, August 23, 2023",User,2023
981,13,60,4,"Friday, January 6, 2023",User,2023
1260,13,71,4,"Friday, August 4, 2023",User,2023
1380,13,134,4,"Monday, December 4, 2023",User,2023
1672,13,176,4,"Tuesday, October 10, 2023",User,2023
1767,13,166,4,"Saturday, July 29, 2023",User,2023
2118,13,12,4,"Sunday, January 22, 2023",User,2023
2466,13,120,4,"Wednesday, July 12, 2023",User,2023
2805,13,190,4,"Monday, October 2, 2023",User,2023
3241,13,53,4,"Wednesday, May 10, 2023",User,2023
3334,13,71,4,"Thursday, August 10, 2023",User,2023
3641,13,163,4,"Thursday, May 25, 2023",User,2023
4200,13,5,4,"Friday, October 27, 2023",User,2023
4229,13,101,4,"Tuesday, June 20, 2023",User,2023
4599,13,66,4,"Wednesday, June 7, 2023",User,2023
4775,13,136,4,"Thursday, May 25, 2023",User,2023
4835,13,84,4,"Monday, March 6, 2023",User,2023
5288,13,113,4,"Monday, July 17, 2023",User,2023
5357,13,87,4,"Friday, August 11, 2023",User,2023
5503,13,49,4,"Sunday, September 24, 2023",User,2023
5733,13,71,4,"Sunday, October 15, 2023",User,2023
5757,13,144,4,"Tuesday, May 16, 2023",User,2023
6052,13,30,4,"Thursday, December 7, 2023",User,2023
6143,13,14,4,"Tuesday, October 3, 2023",User,2023
6744,13,23,4,"Friday, October 13, 2023",User,2023
6746,13,3,4,"Friday, April 7, 2023",User,2023
6947,13,38,4,"Monday, October 16, 2023",User,2023
7271,13,29,4,"Wednesday, August 23, 2023",User,2023
7483,13,54,4,"Thursday, November 2, 2023",User,2023
7525,13,174,4,"Saturday, September 2, 2023",User,2023
7605,13,48,4,"Sunday, November 5, 2023",User,2023
7844,13,8,4,"Sunday, December 31, 2023",User,2023
8094,13,65,4,"Thursday, July 6, 2023",User,2023
8539,13,157,4,"Saturday, June 17, 2023",User,2023
8643,13,25,4,"Wednesday, July 26, 2023",User,2023
8858,13,128,4,"Tuesday, June 6, 2023",User,2023
9026,13,153,4,"Thursday, May 18, 2023",User,2023
9345,13,7,4,"Saturday, November 4, 2023",User,2023
9570,13,59,4,"Sunday, August 27, 2023",User,2023
9684,13,100,4,"Saturday, February 4, 2023",User,2023
9816,13,195,4,"Thursday, April 13, 2023",User,2023
9987,13,165,4,"Friday, March 31, 2023",User,2023
10000,13,42,4,"Wednesday, February 8, 2023",User,2023
94,13,182,4,"Wednesday, December 20, 2023",User,2023
134,13,93,4,"Sunday, October 1, 2023",User,2023
482,13,146,4,"Monday, August 28, 2023",User,2023
490,13,84,4,"Sunday, July 9, 2023",User,2023
511,13,18,4,"Wednesday, April 19, 2023",User,2023
562,13,159,4,"Thursday, June 29, 2023",User,2023
981,13,60,4,"Friday, May 3, 2024",User,2024
1260,13,71,4,"Friday, August 4, 2023",User,2023
1380,13,134,4,"Monday, December 4, 2023",User,2023
1672,13,176,4,"Tuesday, October 10, 2023",User,2023
1767,13,166,4,"Saturday, July 29, 2023",User,2023
2118,13,12,4,"Sunday, January 22, 2023",User,2023
2466,13,120,4,"Wednesday, July 12, 2023",User,2023
2805,13,190,4,"Monday, October 2, 2023",User,2023
3241,13,53,4,"Wednesday, May 10, 2023",User,2023
3334,13,71,4,"Thursday, August 10, 2023",User,2023
3641,13,163,4,"Thursday, May 25, 2023",User,2023
4200,13,5,4,"Friday, October 27, 2023",User,2023
4229,13,101,4,"Tuesday, June 20, 2023",User,2023
4599,13,66,4,"Wednesday, June 7, 2023",User,2023
4775,13,136,4,"Thursday, May 25, 2023",User,2023
395,13,197,4,"Monday, January 30, 2023",User,2023
19,1,57,4,"Sunday, October 1, 2023",User,2023
55,1,176,4,"Monday, April 10, 2023",User,2023
364,1,40,4,"Tuesday, December 26, 2023",User,2023
594,1,40,4,"Friday, April 7, 2023",User,2023
729,1,145,4,"Wednesday, March 22, 2023",User,2023
796,1,155,4,"Sunday, October 29, 2023",User,2023
877,1,172,4,"Saturday, November 18, 2023",User,2023
1582,1,53,4,"Friday, February 17, 2023",User,2023
1649,1,159,4,"Monday, March 27, 2023",User,2023
1716,1,160,4,"Saturday, May 27, 2023",User,2023
1775,1,186,4,"Friday, August 18, 2023",User,2023
1996,1,165,4,"Monday, December 4, 2023",User,2023
2036,1,17,4,"Tuesday, May 9, 2023",User,2023
2067,1,182,4,"Friday, December 29, 2023",User,2023
2074,1,141,4,"Thursday, May 11, 2023",User,2023
2287,1,26,4,"Saturday, September 30, 2023",User,2023
2339,1,107,4,"Sunday, July 16, 2023",User,2023
2371,1,153,4,"Saturday, July 22, 2023",User,2023
2683,1,57,4,"Monday, September 4, 2023",User,2023
2987,1,151,4,"Thursday, February 9, 2023",User,2023
3621,1,22,4,"Saturday, December 9, 2023",User,2023
4687,1,66,4,"Saturday, August 19, 2023",User,2023
4817,1,112,4,"Monday, September 25, 2023",User,2023
5089,1,195,4,"Wednesday, March 1, 2023",User,2023
5205,1,39,4,"Sunday, October 8, 2023",User,2023
5802,1,27,4,"Friday, June 30, 2023",User,2023
5995,1,77,4,"Thursday, December 14, 2023",User,2023
6221,1,43,4,"Monday, March 20, 2023",User,2023
6340,1,17,4,"Friday, February 10, 2023",User,2023
6579,1,30,4,"Saturday, August 26, 2023",User,2023
6893,1,57,4,"Wednesday, May 24, 2023",User,2023
7061,1,146,4,"Thursday, April 6, 2023",User,2023
7158,1,90,4,"Friday, April 14, 2023",User,2023
7378,1,115,4,"Saturday, March 18, 2023",User,2023
7521,1,67,4,"Sunday, April 16, 2023",User,2023
7628,1,59,4,"Sunday, January 8, 2023",User,2023
7737,1,196,4,"Friday, June 9, 2023",User,2023
7839,1,86,4,"Saturday, June 24, 2023",User,2023
8806,1,176,4,"Monday, March 27, 2023",User,2023
9361,1,39,4,"Tuesday, October 31, 2023",User,2023
9555,1,122,4,"Tuesday, August 29, 2023",User,2023
9573,1,195,4,"Sunday, March 26, 2023",User,2023
9676,1,83,4,"Monday, September 18, 2023",User,2023
9806,1,152,4,"Friday, February 17, 2023",User,2023
19,1,57,4,"Friday, June 9, 2023",User,2023
55,1,94,4,"Thursday, October 26, 2023",User,2023
364,1,40,4,"Wednesday, March 15, 2023",User,2023
594,1,40,4,"Monday, August 14, 2023",User,2023
729,1,145,4,"Friday, March 17, 2023",User,2023
796,1,155,4,"Tuesday, June 20, 2023",User,2023
877,1,172,4,"Friday, November 10, 2023",User,2023
1582,1,53,4,"Friday, February 17, 2023",User,2023
1649,1,159,4,"Monday, March 27, 2023",User,2023
1716,1,160,4,"Saturday, May 27, 2023",User,2023
1775,1,186,4,"Friday, August 18, 2023",User,2023
1996,1,165,4,"Monday, December 4, 2023",User,2023
2036,1,17,4,"Tuesday, May 9, 2023",User,2023
2067,1,182,4,"Friday, December 29, 2023",User,2023
2074,1,141,4,"Thursday, May 11, 2023",User,2023
2287,1,26,4,"Saturday, September 30, 2023",User,2023
2339,1,107,4,"Sunday, July 16, 2023",User,2023
2371,1,153,4,"Saturday, July 22, 2023",User,2023
2683,1,57,4,"Monday, September 4, 2023",User,2023
2987,1,151,4,"Thursday, February 9, 2023",User,2023
3621,1,22,4,"Saturday, December 9, 2023",User,2023
4687,1,66,4,"Saturday, August 19, 2023",User,2023
176,1,171,4,"Saturday, June 25, 2022",User,2022
207,1,9,4,"Tuesday, July 26, 2022",User,2022
361,1,112,4,"Tuesday, December 27, 2022",User,2022
32,26,36,4,"Wednesday, August 9, 2023",User,2023
400,26,161,4,"Friday, August 4, 2023",User,2023
424,26,27,4,"Thursday, June 8, 2023",User,2023
431,26,171,4,"Thursday, August 31, 2023",User,2023
446,26,150,4,"Friday, August 25, 2023",User,2023
474,26,24,4,"Saturday, September 23, 2023",User,2023
907,26,153,4,"Friday, July 7, 2023",User,2023
927,26,185,4,"Tuesday, June 27, 2023",User,2023
2025,26,147,4,"Sunday, December 31, 2023",User,2023
2193,26,101,4,"Wednesday, January 11, 2023",User,2023
2560,26,64,4,"Monday, July 10, 2023",User,2023
2715,26,94,4,"Wednesday, January 25, 2023",User,2023
2877,26,176,4,"Monday, January 9, 2023",User,2023
3247,26,23,4,"Friday, December 1, 2023",User,2023
3430,26,157,4,"Thursday, January 26, 2023",User,2023
3452,26,78,4,"Tuesday, September 5, 2023",User,2023
3948,26,5,4,"Sunday, October 29, 2023",User,2023
4055,26,42,4,"Saturday, May 27, 2023",User,2023
4286,26,15,4,"Saturday, April 1, 2023",User,2023
4415,26,17,4,"Monday, August 28, 2023",User,2023
4649,26,47,4,"Thursday, March 9, 2023",User,2023
4981,26,17,4,"Tuesday, January 24, 2023",User,2023
5100,26,194,4,"Monday, September 18, 2023",User,2023
5294,26,98,4,"Thursday, May 18, 2023",User,2023
5783,26,52,4,"Wednesday, December 6, 2023",User,2023
5959,26,187,4,"Thursday, May 18, 2023",User,2023
5980,26,82,4,"Tuesday, August 1, 2023",User,2023
5983,26,41,4,"Monday, October 30, 2023",User,2023
6107,26,50,4,"Monday, October 2, 2023",User,2023
6399,26,28,4,"Tuesday, August 15, 2023",User,2023
6719,26,160,4,"Wednesday, January 25, 2023",User,2023
7505,26,23,4,"Wednesday, August 23, 2023",User,2023
8318,26,39,4,"Sunday, November 12, 2023",User,2023
9146,26,102,4,"Tuesday, August 22, 2023",User,2023
9186,26,138,4,"Saturday, July 15, 2023",User,2023
9200,26,57,4,"Saturday, July 29, 2023",User,2023
9447,26,146,4,"Saturday, April 29, 2023",User,2023
9647,26,172,4,"Friday, December 15, 2023",User,2023
9777,26,6,4,"Thursday, March 30, 2023",User,2023
9868,26,130,4,"Friday, April 7, 2023",User,2023
32,26,130,4,"Monday, September 25, 2023",User,2023
400,26,161,4,"Wednesday, April 5, 2023",User,2023
424,26,27,4,"Thursday, July 6, 2023",User,2023
431,26,171,4,"Friday, June 16, 2023",User,2023
446,26,150,4,"Friday, July 7, 2023",User,2023
474,26,24,4,"Wednesday, August 16, 2023",User,2023
907,26,153,4,"Wednesday, November 22, 2023",User,2023
927,26,185,4,"Wednesday, December 20, 2023",User,2023
2025,26,147,4,"Sunday, December 31, 2023",User,2023
2193,26,101,4,"Wednesday, January 11, 2023",User,2023
2560,26,64,4,"Monday, July 10, 2023",User,2023
2715,26,94,4,"Wednesday, January 25, 2023",User,2023
2877,26,176,4,"Monday, January 9, 2023",User,2023
3247,26,23,4,"Friday, December 1, 2023",User,2023
3430,26,157,4,"Thursday, January 26, 2023",User,2023
3452,26,78,4,"Tuesday, September 5, 2023",User,2023
3948,26,5,4,"Sunday, October 29, 2023",User,2023
4055,26,42,4,"Saturday, May 27, 2023",User,2023
4286,26,15,4,"Saturday, April 1, 2023",User,2023
4415,26,17,4,"Monday, August 28, 2023",User,2023
4649,26,47,4,"Thursday, March 9, 2023",User,2023
279,26,106,4,"Friday, June 10, 2022",User,2022
511,26,67,4,"Friday, May 26, 2023",User,2023
605,26,13,4,"Monday, August 28, 2023",User,2023
831,26,193,4,"Friday, October 4, 2024",User,2024
1389,26,7,4,"Monday, October 20, 2025",User,2025
287,17,103,4,"Wednesday, January 25, 2023",User,2023
663,17,77,4,"Friday, December 29, 2023",User,2023
691,17,180,4,"Thursday, October 19, 2023",User,2023
713,17,198,4,"Monday, December 4, 2023",User,2023
808,17,118,4,"Tuesday, March 28, 2023",User,2023
1459,17,145,4,"Monday, July 24, 2023",User,2023
2469,17,41,4,"Friday, August 18, 2023",User,2023
2913,17,35,4,"Thursday, June 29, 2023",User,2023
3073,17,133,4,"Monday, October 2, 2023",User,2023
3291,17,193,4,"Monday, April 17, 2023",User,2023
3429,17,22,4,"Wednesday, November 8, 2023",User,2023
3953,17,29,4,"Thursday, June 8, 2023",User,2023
4088,17,133,4,"Monday, January 23, 2023",User,2023
4522,17,35,4,"Saturday, December 2, 2023",User,2023
4547,17,157,4,"Wednesday, January 25, 2023",User,2023
4651,17,95,4,"Saturday, December 9, 2023",User,2023
4719,17,184,4,"Friday, March 10, 2023",User,2023
4825,17,170,4,"Friday, December 22, 2023",User,2023
5079,17,170,4,"Thursday, June 22, 2023",User,2023
5285,17,85,4,"Monday, May 15, 2023",User,2023
5358,17,15,4,"Saturday, October 7, 2023",User,2023
5397,17,105,4,"Thursday, December 28, 2023",User,2023
5827,17,88,4,"Monday, March 13, 2023",User,2023
6103,17,195,4,"Tuesday, April 18, 2023",User,2023
6198,17,95,4,"Sunday, September 17, 2023",User,2023
6234,17,20,4,"Wednesday, January 18, 2023",User,2023
6795,17,183,4,"Tuesday, September 19, 2023",User,2023
6873,17,177,4,"Wednesday, May 17, 2023",User,2023
6948,17,83,4,"Saturday, October 28, 2023",User,2023
7182,17,141,4,"Friday, August 25, 2023",User,2023
7231,17,115,4,"Sunday, February 19, 2023",User,2023
7286,17,185,4,"Friday, February 3, 2023",User,2023
7374,17,117,4,"Friday, March 24, 2023",User,2023
7380,17,165,4,"Tuesday, November 21, 2023",User,2023
8174,17,38,4,"Friday, May 19, 2023",User,2023
8175,17,57,4,"Friday, March 3, 2023",User,2023
8285,17,155,4,"Sunday, October 29, 2023",User,2023
8719,17,132,4,"Friday, June 30, 2023",User,2023
8860,17,126,4,"Friday, June 23, 2023",User,2023
8882,17,61,4,"Friday, July 7, 2023",User,2023
9277,17,26,4,"Friday, July 21, 2023",User,2023
9577,17,22,4,"Saturday, July 15, 2023",User,2023
9600,17,110,4,"Thursday, November 30, 2023",User,2023
9759,17,50,4,"Wednesday, August 2, 2023",User,2023
287,17,103,4,"Wednesday, November 8, 2023",User,2023
663,17,77,4,"Friday, November 17, 2023",User,2023
691,17,180,4,"Tuesday, January 24, 2023",User,2023
713,17,198,4,"Thursday, February 23, 2023",User,2023
808,17,118,4,"Wednesday, June 7, 2023",User,2023
1459,17,145,4,"Monday, July 24, 2023",User,2023
2469,17,41,4,"Friday, August 18, 2023",User,2023
2913,17,35,4,"Thursday, June 29, 2023",User,2023
3073,17,133,4,"Monday, October 2, 2023",User,2023
3291,17,193,4,"Monday, April 17, 2023",User,2023
3429,17,22,4,"Wednesday, November 8, 2023",User,2023
3953,17,29,4,"Thursday, June 8, 2023",User,2023
4088,17,133,4,"Monday, January 23, 2023",User,2023
4522,17,35,4,"Saturday, December 2, 2023",User,2023
4547,17,157,4,"Wednesday, January 25, 2023",User,2023
4651,17,95,4,"Saturday, December 9, 2023",User,2023
4719,17,184,4,"Friday, March 10, 2023",User,2023
316,17,107,4,"Sunday, December 11, 2022",User,2022
793,17,161,4,"Sunday, March 3, 2024",User,2024
1055,17,98,4,"Wednesday, November 20, 2024",User,2024
3,38,142,4,"Saturday, February 18, 2023",User,2023
63,29,120,4,"Sunday, August 20, 2023",User,2023
73,25,145,4,"Sunday, December 10, 2023",User,2023
77,35,120,4,"Thursday, September 7, 2023",User,2023
79,25,197,4,"Thursday, May 18, 2023",User,2023
81,30,89,4,"Sunday, October 29, 2023",User,2023
166,36,151,4,"Monday, December 4, 2023",User,2023
181,9,20,4,"Tuesday, July 11, 2023",User,2023
188,5,117,4,"Wednesday, June 14, 2023",User,2023
215,22,34,4,"Wednesday, March 29, 2023",User,2023
304,9,147,4,"Sunday, December 10, 2023",User,2023
320,9,2,4,"Friday, September 1, 2023",User,2023
375,29,147,4,"Wednesday, March 29, 2023",User,2023
391,38,79,4,"Wednesday, October 11, 2023",User,2023
412,36,88,4,"Thursday, December 7, 2023",User,2023
504,29,149,4,"Monday, May 29, 2023",User,2023
544,29,96,4,"Wednesday, April 19, 2023",User,2023
589,35,200,4,"Thursday, March 30, 2023",User,2023
598,38,112,4,"Wednesday, April 12, 2023",User,2023
634,22,143,4,"Sunday, April 2, 2023",User,2023
647,36,20,4,"Tuesday, March 28, 2023",User,2023
649,31,136,4,"Monday, August 21, 2023",User,2023
677,9,81,4,"Saturday, July 1, 2023",User,2023
682,38,153,4,"Saturday, January 28, 2023",User,2023
750,22,81,4,"Wednesday, October 25, 2023",User,2023
777,31,98,4,"Tuesday, October 17, 2023",User,2023
813,31,65,4,"Wednesday, February 8, 2023",User,2023
1012,9,170,4,"Sunday, July 30, 2023",User,2023
1027,31,66,4,"Friday, December 15, 2023",User,2023
1101,25,117,4,"Monday, July 17, 2023",User,2023
1137,35,127,4,"Monday, October 2, 2023",User,2023
1144,9,61,4,"Saturday, October 28, 2023",User,2023
1197,31,164,4,"Monday, August 28, 2023",User,2023
1212,22,75,4,"Friday, May 5, 2023",User,2023
1214,29,56,4,"Friday, April 28, 2023",User,2023
1290,38,72,4,"Saturday, May 13, 2023",User,2023
1320,38,24,4,"Sunday, December 10, 2023",User,2023
1324,36,49,4,"Tuesday, December 19, 2023",User,2023
1401,38,148,4,"Thursday, November 30, 2023",User,2023
1417,22,76,4,"Wednesday, January 25, 2023",User,2023
1428,25,3,4,"Thursday, January 12, 2023",User,2023
1439,25,133,4,"Wednesday, March 22, 2023",User,2023
1476,22,105,4,"Monday, June 19, 2023",User,2023
1499,31,150,4,"Sunday, August 13, 2023",User,2023
1556,9,109,4,"Thursday, March 2, 2023",User,2023
1558,31,91,4,"Sunday, June 4, 2023",User,2023
1559,35,74,4,"Wednesday, March 8, 2023",User,2023
1652,38,71,4,"Wednesday, February 1, 2023",User,2023
1659,30,148,4,"Sunday, October 8, 2023",User,2023
1686,35,8,4,"Saturday, April 29, 2023",User,2023
1837,35,57,4,"Wednesday, October 25, 2023",User,2023
1841,29,7,4,"Wednesday, August 2, 2023",User,2023
1854,22,6,4,"Monday, August 7, 2023",User,2023
1863,35,39,4,"Monday, October 9, 2023",User,2023
1866,9,45,4,"Tuesday, May 30, 2023",User,2023
1899,22,150,4,"Wednesday, August 16, 2023",User,2023
1901,31,55,4,"Friday, May 19, 2023",User,2023
1952,25,66,4,"Thursday, December 14, 2023",User,2023
2000,35,160,4,"Wednesday, January 18, 2023",User,2023
2003,25,114,4,"Friday, February 3, 2023",User,2023
2014,5,86,4,"Wednesday, June 28, 2023",User,2023
2019,38,99,4,"Tuesday, September 5, 2023",User,2023
2043,31,9,4,"Saturday, August 12, 2023",User,2023
2087,35,94,4,"Monday, December 11, 2023",User,2023
2088,29,181,4,"Monday, June 19, 2023",User,2023
2104,5,55,4,"Thursday, June 29, 2023",User,2023
2141,38,126,4,"Saturday, March 11, 2023",User,2023
2198,5,38,4,"Thursday, April 6, 2023",User,2023
2222,22,187,4,"Wednesday, April 5, 2023",User,2023
2229,31,66,4,"Saturday, May 27, 2023",User,2023
2232,5,135,4,"Friday, February 24, 2023",User,2023
2294,36,97,4,"Saturday, November 4, 2023",User,2023
2302,5,88,4,"Saturday, October 21, 2023",User,2023
2328,5,9,4,"Friday, August 11, 2023",User,2023
2333,36,137,4,"Monday, March 27, 2023",User,2023
2353,31,145,4,"Thursday, October 12, 2023",User,2023
2375,36,100,4,"Thursday, November 2, 2023",User,2023
2380,25,135,4,"Saturday, July 29, 2023",User,2023
2381,25,19,4,"Wednesday, November 22, 2023",User,2023
2386,38,140,4,"Thursday, July 20, 2023",User,2023
2492,30,145,4,"Wednesday, July 19, 2023",User,2023
2493,29,91,4,"Tuesday, February 28, 2023",User,2023
2533,30,49,4,"Monday, October 2, 2023",User,2023
2545,38,93,4,"Wednesday, May 31, 2023",User,2023
2604,9,168,4,"Monday, March 27, 2023",User,2023
2607,9,75,4,"Friday, February 3, 2023",User,2023
2619,35,108,4,"Thursday, November 30, 2023",User,2023
2643,25,138,4,"Friday, January 27, 2023",User,2023
2649,30,184,4,"Wednesday, July 5, 2023",User,2023
2686,30,86,4,"Tuesday, August 29, 2023",User,2023
2807,35,62,4,"Wednesday, April 19, 2023",User,2023
2814,9,97,4,"Monday, April 24, 2023",User,2023
2881,29,58,4,"Monday, July 24, 2023",User,2023
2947,36,115,4,"Monday, January 23, 2023",User,2023
2965,9,32,4,"Sunday, June 11, 2023",User,2023
3021,36,15,4,"Friday, March 3, 2023",User,2023
3066,30,68,4,"Friday, April 21, 2023",User,2023
3072,29,128,4,"Friday, March 31, 2023",User,2023
3129,35,84,4,"Monday, May 8, 2023",User,2023
3137,5,181,4,"Wednesday, August 16, 2023",User,2023
3181,29,158,4,"Monday, January 23, 2023",User,2023
3187,35,120,4,"Friday, July 7, 2023",User,2023
3204,31,171,4,"Monday, October 23, 2023",User,2023
3230,30,45,4,"Saturday, October 21, 2023",User,2023
3261,36,39,4,"Saturday, April 8, 2023",User,2023
3273,31,113,4,"Sunday, February 26, 2023",User,2023
3301,9,134,4,"Tuesday, July 4, 2023",User,2023
3321,36,58,4,"Monday, March 20, 2023",User,2023
3323,35,41,4,"Monday, October 30, 2023",User,2023
3329,30,182,4,"Saturday, December 2, 2023",User,2023
3397,35,26,4,"Monday, November 27, 2023",User,2023
3407,31,76,4,"Saturday, May 20, 2023",User,2023
3424,31,41,4,"Thursday, December 21, 2023",User,2023
3450,5,48,4,"Friday, November 3, 2023",User,2023
3484,30,6,4,"Sunday, October 15, 2023",User,2023
3498,35,182,4,"Saturday, March 4, 2023",User,2023
3499,9,9,4,"Thursday, July 20, 2023",User,2023
3521,22,155,4,"Tuesday, May 16, 2023",User,2023
3528,22,36,4,"Monday, June 12, 2023",User,2023
3573,30,24,4,"Saturday, January 28, 2023",User,2023
3643,29,156,4,"Wednesday, May 31, 2023",User,2023
3680,22,119,4,"Wednesday, November 1, 2023",User,2023
3710,31,1,4,"Thursday, May 4, 2023",User,2023
3725,29,138,4,"Sunday, April 9, 2023",User,2023
3729,25,31,4,"Monday, May 1, 2023",User,2023
3734,22,173,4,"Sunday, September 24, 2023",User,2023
3740,29,181,4,"Wednesday, February 15, 2023",User,2023
3806,38,135,4,"Saturday, September 23, 2023",User,2023
3821,25,174,4,"Saturday, January 14, 2023",User,2023
3830,5,87,4,"Thursday, February 23, 2023",User,2023
3840,22,61,4,"Wednesday, June 21, 2023",User,2023
3854,25,180,4,"Sunday, September 24, 2023",User,2023
3885,22,121,4,"Tuesday, May 30, 2023",User,2023
3891,9,86,4,"Wednesday, September 20, 2023",User,2023
3904,29,146,4,"Thursday, February 16, 2023",User,2023
3922,25,54,4,"Wednesday, July 26, 2023",User,2023
3940,35,112,4,"Saturday, September 9, 2023",User,2023
3956,22,74,4,"Wednesday, August 23, 2023",User,2023
3980,22,98,4,"Saturday, July 29, 2023",User,2023
3982,31,136,4,"Saturday, January 14, 2023",User,2023
3985,29,99,4,"Thursday, July 6, 2023",User,2023
3989,5,173,4,"Thursday, February 16, 2023",User,2023
4018,25,95,4,"Monday, October 2, 2023",User,2023
4107,31,79,4,"Sunday, April 16, 2023",User,2023
4109,31,187,4,"Monday, June 12, 2023",User,2023
4125,36,165,4,"Thursday, June 29, 2023",User,2023
4129,38,174,4,"Wednesday, January 18, 2023",User,2023
4135,31,119,4,"Saturday, August 12, 2023",User,2023
4142,35,121,4,"Sunday, June 18, 2023",User,2023
4164,9,50,4,"Sunday, May 14, 2023",User,2023
4172,22,137,4,"Sunday, April 30, 2023",User,2023
4175,38,198,4,"Wednesday, June 14, 2023",User,2023
4210,35,150,4,"Tuesday, October 31, 2023",User,2023
4230,22,27,4,"Thursday, August 31, 2023",User,2023
4297,5,169,4,"Thursday, June 1, 2023",User,2023
4306,36,12,4,"Monday, April 17, 2023",User,2023
4363,29,109,4,"Friday, September 15, 2023",User,2023
4434,30,70,4,"Sunday, December 17, 2023",User,2023
4518,38,194,4,"Wednesday, June 14, 2023",User,2023
4521,9,170,4,"Thursday, March 9, 2023",User,2023
4555,22,75,4,"Saturday, May 20, 2023",User,2023
4584,36,116,4,"Monday, May 29, 2023",User,2023
4598,22,10,4,"Saturday, June 3, 2023",User,2023
4644,9,117,4,"Wednesday, December 27, 2023",User,2023
4654,25,86,4,"Friday, August 4, 2023",User,2023
4677,38,128,4,"Monday, May 22, 2023",User,2023
4739,38,120,4,"Saturday, July 8, 2023",User,2023
4754,5,45,4,"Tuesday, April 25, 2023",User,2023
4767,25,22,4,"Sunday, July 23, 2023",User,2023
4781,38,71,4,"Saturday, December 2, 2023",User,2023
4813,36,14,4,"Saturday, October 14, 2023",User,2023
4838,38,73,4,"Friday, October 6, 2023",User,2023
4854,31,6,4,"Sunday, August 13, 2023",User,2023
4856,29,68,4,"Friday, July 14, 2023",User,2023
4878,38,156,4,"Wednesday, November 22, 2023",User,2023
4975,38,72,4,"Saturday, June 10, 2023",User,2023
4997,29,17,4,"Saturday, November 25, 2023",User,2023
4998,35,115,4,"Thursday, February 2, 2023",User,2023
5015,31,10,4,"Saturday, January 14, 2023",User,2023
5082,36,199,4,"Monday, January 23, 2023",User,2023
5085,30,89,4,"Tuesday, January 3, 2023",User,2023
5108,9,156,4,"Sunday, February 12, 2023",User,2023
5118,38,192,4,"Wednesday, March 29, 2023",User,2023
5172,30,80,4,"Wednesday, April 12, 2023",User,2023
5177,29,173,4,"Thursday, June 8, 2023",User,2023
5185,36,125,4,"Wednesday, February 22, 2023",User,2023
5200,29,43,4,"Tuesday, January 10, 2023",User,2023
5250,36,75,4,"Tuesday, February 7, 2023",User,2023
5251,36,152,4,"Wednesday, April 5, 2023",User,2023
5254,29,65,4,"Wednesday, September 13, 2023",User,2023
5261,25,69,4,"Monday, April 17, 2023",User,2023
5265,5,115,4,"Sunday, December 31, 2023",User,2023
5273,38,40,4,"Wednesday, September 6, 2023",User,2023
5306,9,20,4,"Wednesday, February 1, 2023",User,2023
5363,25,40,4,"Thursday, February 9, 2023",User,2023
5368,25,193,4,"Tuesday, January 3, 2023",User,2023
5384,22,155,4,"Tuesday, August 15, 2023",User,2023
5399,9,102,4,"Monday, March 13, 2023",User,2023
5455,31,97,4,"Tuesday, September 19, 2023",User,2023
5474,31,108,4,"Thursday, July 27, 2023",User,2023
5475,36,184,4,"Thursday, January 19, 2023",User,2023
5483,35,10,4,"Friday, December 22, 2023",User,2023
5507,25,68,4,"Sunday, January 1, 2023",User,2023
5528,25,176,4,"Monday, October 16, 2023",User,2023
5560,38,172,4,"Saturday, January 28, 2023",User,2023
5578,36,53,4,"Thursday, November 2, 2023",User,2023
5601,38,150,4,"Sunday, May 7, 2023",User,2023
5612,5,185,4,"Sunday, July 9, 2023",User,2023
5633,30,109,4,"Sunday, October 22, 2023",User,2023
5688,35,89,4,"Tuesday, March 7, 2023",User,2023
5708,36,121,4,"Sunday, June 18, 2023",User,2023
5745,29,82,4,"Saturday, July 29, 2023",User,2023
5761,29,60,4,"Wednesday, June 21, 2023",User,2023
5781,36,66,4,"Wednesday, September 6, 2023",User,2023
5832,22,105,4,"Saturday, February 18, 2023",User,2023
5859,5,6,4,"Wednesday, May 10, 2023",User,2023
5872,5,173,4,"Monday, October 30, 2023",User,2023
5885,5,178,4,"Sunday, June 25, 2023",User,2023
5909,25,120,4,"Thursday, March 9, 2023",User,2023
5915,36,64,4,"Saturday, December 2, 2023",User,2023
5934,5,78,4,"Friday, December 15, 2023",User,2023
5943,38,105,4,"Saturday, July 22, 2023",User,2023
5954,5,165,4,"Sunday, July 16, 2023",User,2023
5965,36,61,4,"Monday, May 29, 2023",User,2023
5985,31,28,4,"Thursday, January 26, 2023",User,2023
6011,22,75,4,"Thursday, February 9, 2023",User,2023
6035,5,106,4,"Monday, July 3, 2023",User,2023
6080,31,109,4,"Monday, May 29, 2023",User,2023
6135,5,88,4,"Saturday, August 19, 2023",User,2023
6171,38,59,4,"Monday, March 27, 2023",User,2023
6210,35,50,4,"Thursday, December 21, 2023",User,2023
6237,5,75,4,"Saturday, August 5, 2023",User,2023
6249,31,99,4,"Tuesday, November 28, 2023",User,2023
6279,35,182,4,"Tuesday, July 4, 2023",User,2023
6296,36,149,4,"Tuesday, March 21, 2023",User,2023
6300,36,190,4,"Thursday, August 10, 2023",User,2023
6326,5,114,4,"Thursday, November 9, 2023",User,2023
6336,25,7,4,"Saturday, July 22, 2023",User,2023
6338,35,104,4,"Wednesday, February 22, 2023",User,2023
6368,25,96,4,"Tuesday, November 14, 2023",User,2023
6375,31,87,4,"Thursday, April 6, 2023",User,2023
6376,31,185,4,"Thursday, September 7, 2023",User,2023
6392,29,49,4,"Friday, May 5, 2023",User,2023
6414,31,22,4,"Friday, January 27, 2023",User,2023
6421,9,53,4,"Wednesday, September 6, 2023",User,2023
6430,25,78,4,"Wednesday, March 22, 2023",User,2023
6469,38,17,4,"Tuesday, August 15, 2023",User,2023
6483,35,99,4,"Tuesday, April 11, 2023",User,2023
6552,30,82,4,"Saturday, November 11, 2023",User,2023
6663,25,153,4,"Tuesday, October 17, 2023",User,2023
6702,35,101,4,"Friday, September 15, 2023",User,2023
6717,36,128,4,"Sunday, July 16, 2023",User,2023
6757,30,158,4,"Sunday, August 13, 2023",User,2023
6776,25,58,4,"Friday, March 3, 2023",User,2023
6798,5,17,4,"Friday, June 2, 2023",User,2023
6859,9,171,4,"Sunday, October 22, 2023",User,2023
6876,35,86,4,"Friday, March 24, 2023",User,2023
6886,35,199,4,"Monday, November 20, 2023",User,2023
6909,35,44,4,"Wednesday, July 19, 2023",User,2023
6910,22,18,4,"Saturday, March 18, 2023",User,2023
6919,22,30,4,"Wednesday, December 6, 2023",User,2023
6937,31,164,4,"Tuesday, May 9, 2023",User,2023
6967,36,59,4,"Tuesday, July 25, 2023",User,2023
6973,9,137,4,"Tuesday, April 25, 2023",User,2023
6994,29,74,4,"Thursday, May 11, 2023",User,2023
7040,9,78,4,"Wednesday, February 1, 2023",User,2023
7057,35,60,4,"Tuesday, November 28, 2023",User,2023
7078,5,141,4,"Wednesday, April 5, 2023",User,2023
7093,29,85,4,"Monday, April 10, 2023",User,2023
7101,29,118,4,"Wednesday, August 2, 2023",User,2023
7159,5,95,4,"Saturday, December 30, 2023",User,2023
7166,36,8,4,"Tuesday, June 13, 2023",User,2023
7203,31,198,4,"Thursday, December 14, 2023",User,2023
7226,29,62,4,"Tuesday, November 28, 2023",User,2023
7267,9,35,4,"Saturday, May 6, 2023",User,2023
7281,22,3,4,"Saturday, March 18, 2023",User,2023
7299,9,129,4,"Saturday, April 8, 2023",User,2023
7342,25,52,4,"Thursday, March 2, 2023",User,2023
7351,29,103,4,"Saturday, November 18, 2023",User,2023
7372,22,148,4,"Sunday, December 24, 2023",User,2023
7388,25,170,4,"Wednesday, August 16, 2023",User,2023
7404,35,91,4,"Wednesday, October 11, 2023",User,2023
7412,5,71,4,"Friday, August 4, 2023",User,2023
7418,29,74,4,"Sunday, March 5, 2023",User,2023
7422,5,61,4,"Friday, September 8, 2023",User,2023
7509,31,10,4,"Saturday, June 24, 2023",User,2023
7527,31,180,4,"Friday, June 9, 2023",User,2023
7543,36,54,4,"Sunday, October 29, 2023",User,2023
7557,30,83,4,"Saturday, October 21, 2023",User,2023
7564,9,60,4,"Tuesday, November 21, 2023",User,2023
7620,36,27,4,"Thursday, February 16, 2023",User,2023
7654,25,72,4,"Thursday, April 13, 2023",User,2023
7676,30,3,4,"Monday, February 13, 2023",User,2023
7765,5,93,4,"Friday, July 21, 2023",User,2023
7768,35,182,4,"Sunday, May 28, 2023",User,2023
7776,22,74,4,"Saturday, September 23, 2023",User,2023
7781,25,187,4,"Wednesday, December 6, 2023",User,2023
7795,22,38,4,"Monday, May 22, 2023",User,2023
7832,30,167,4,"Wednesday, July 5, 2023",User,2023
7833,5,76,4,"Friday, March 3, 2023",User,2023
7836,35,53,4,"Saturday, September 16, 2023",User,2023
7842,30,89,4,"Tuesday, July 18, 2023",User,2023
7852,29,181,4,"Wednesday, January 11, 2023",User,2023
7855,25,194,4,"Tuesday, June 20, 2023",User,2023
7888,36,155,4,"Saturday, May 13, 2023",User,2023
7898,36,195,4,"Sunday, November 19, 2023",User,2023
7934,9,89,4,"Tuesday, April 4, 2023",User,2023
7949,36,195,4,"Wednesday, December 27, 2023",User,2023
7954,36,66,4,"Sunday, April 30, 2023",User,2023
7961,9,76,4,"Friday, March 17, 2023",User,2023
7973,35,90,4,"Sunday, July 16, 2023",User,2023
7983,38,178,4,"Wednesday, May 3, 2023",User,2023
7995,5,200,4,"Monday, May 15, 2023",User,2023
8026,35,41,4,"Sunday, February 12, 2023",User,2023
8042,30,50,4,"Saturday, January 7, 2023",User,2023
8048,22,125,4,"Thursday, April 13, 2023",User,2023
8096,36,89,4,"Thursday, February 16, 2023",User,2023
8172,38,173,4,"Friday, July 28, 2023",User,2023
8297,29,168,4,"Monday, June 12, 2023",User,2023
8300,29,96,4,"Tuesday, September 26, 2023",User,2023
8346,31,199,4,"Wednesday, June 7, 2023",User,2023
8356,38,123,4,"Saturday, September 16, 2023",User,2023
8369,25,102,4,"Friday, October 13, 2023",User,2023
8373,9,108,4,"Friday, December 22, 2023",User,2023
8416,30,135,4,"Saturday, October 28, 2023",User,2023
8447,31,50,4,"Tuesday, November 28, 2023",User,2023
8452,9,157,4,"Monday, January 16, 2023",User,2023
8470,29,1,4,"Friday, October 20, 2023",User,2023
8486,22,174,4,"Saturday, January 7, 2023",User,2023
8487,30,200,4,"Sunday, June 4, 2023",User,2023
8507,9,148,4,"Tuesday, June 13, 2023",User,2023
8513,38,136,4,"Tuesday, July 18, 2023",User,2023
8546,25,81,4,"Monday, October 16, 2023",User,2023
8589,9,137,4,"Thursday, February 9, 2023",User,2023
8600,9,2,4,"Monday, December 25, 2023",User,2023
8664,5,186,4,"Wednesday, July 12, 2023",User,2023
8667,35,30,4,"Monday, September 11, 2023",User,2023
8697,29,93,4,"Friday, September 22, 2023",User,2023
8710,25,71,4,"Tuesday, July 11, 2023",User,2023
8725,38,97,4,"Tuesday, April 4, 2023",User,2023
8759,9,12,4,"Monday, May 8, 2023",User,2023
8763,36,93,4,"Monday, December 25, 2023",User,2023
8777,5,143,4,"Monday, March 13, 2023",User,2023
8795,5,133,4,"Monday, May 1, 2023",User,2023
8814,5,196,4,"Thursday, March 2, 2023",User,2023
8818,36,148,4,"Friday, December 29, 2023",User,2023
8845,30,35,4,"Sunday, February 26, 2023",User,2023
8856,36,1,4,"Sunday, February 19, 2023",User,2023
8915,9,117,4,"Sunday, September 3, 2023",User,2023
8939,31,34,4,"Friday, October 20, 2023",User,2023
8941,22,169,4,"Wednesday, February 22, 2023",User,2023
9016,25,167,4,"Sunday, June 4, 2023",User,2023
9075,38,33,4,"Friday, August 4, 2023",User,2023
9079,22,86,4,"Thursday, February 23, 2023",User,2023
9086,36,62,4,"Wednesday, April 12, 2023",User,2023
9087,5,27,4,"Wednesday, February 22, 2023",User,2023
9088,31,62,4,"Tuesday, June 27, 2023",User,2023
9093,29,73,4,"Thursday, August 24, 2023",User,2023
9130,22,113,4,"Tuesday, December 12, 2023",User,2023
9179,22,6,4,"Monday, September 18, 2023",User,2023
9233,22,179,4,"Friday, August 11, 2023",User,2023
9290,35,55,4,"Saturday, February 4, 2023",User,2023
9339,29,107,4,"Friday, January 27, 2023",User,2023
9355,36,190,4,"Friday, September 15, 2023",User,2023
9369,22,52,4,"Monday, July 31, 2023",User,2023
9423,29,9,4,"Tuesday, December 12, 2023",User,2023
9432,30,44,4,"Saturday, July 1, 2023",User,2023
9490,9,92,4,"Monday, June 12, 2023",User,2023
9492,36,45,4,"Sunday, November 5, 2023",User,2023
9599,22,118,4,"Friday, August 25, 2023",User,2023
9602,38,84,4,"Wednesday, January 18, 2023",User,2023
9612,9,152,4,"Tuesday, February 28, 2023",User,2023
9628,36,80,4,"Friday, June 2, 2023",User,2023
9730,35,161,4,"Monday, December 11, 2023",User,2023
9744,31,40,4,"Friday, September 8, 2023",User,2023
9844,38,162,4,"Tuesday, July 18, 2023",User,2023
9871,38,5,4,"Tuesday, November 14, 2023",User,2023
9909,5,154,4,"Saturday, April 22, 2023",User,2023
9934,35,114,4,"Monday, February 13, 2023",User,2023
9962,31,39,4,"Thursday, June 29, 2023",User,2023
9983,38,43,4,"Tuesday, November 7, 2023",User,2023
3,38,142,4,"Tuesday, August 15, 2023",User,2023
11,38,87,4,"Friday, August 25, 2023",User,2023
63,29,120,4,"Tuesday, July 11, 2023",User,2023
73,25,145,4,"Tuesday, November 21, 2023",User,2023
77,35,145,4,"Monday, November 27, 2023",User,2023
79,25,145,4,"Wednesday, November 29, 2023",User,2023
81,30,145,4,"Thursday, January 12, 2023",User,2023
166,36,151,4,"Thursday, February 23, 2023",User,2023
181,9,20,4,"Thursday, March 16, 2023",User,2023
188,5,117,4,"Monday, March 27, 2023",User,2023
215,22,34,4,"Sunday, March 5, 2023",User,2023
304,9,147,4,"Tuesday, May 9, 2023",User,2023
320,9,2,4,"Friday, December 1, 2023",User,2023
375,29,147,4,"Thursday, March 30, 2023",User,2023
391,38,79,4,"Friday, April 21, 2023",User,2023
412,36,88,4,"Monday, May 22, 2023",User,2023
504,29,149,4,"Wednesday, October 4, 2023",User,2023
544,29,96,4,"Saturday, May 6, 2023",User,2023
589,35,200,4,"Saturday, July 8, 2023",User,2023
598,38,112,4,"Friday, August 18, 2023",User,2023
634,22,143,4,"Sunday, September 10, 2023",User,2023
647,36,20,4,"Thursday, October 26, 2023",User,2023
649,31,136,4,"Monday, October 30, 2023",User,2023
677,9,81,4,"Wednesday, July 12, 2023",User,2023
682,38,153,4,"Thursday, December 14, 2023",User,2023
750,22,81,4,"Monday, April 17, 2023",User,2023
777,31,98,4,"Wednesday, May 24, 2023",User,2023
813,31,65,4,"Thursday, July 13, 2023",User,2023
1012,9,170,4,"Sunday, July 30, 2023",User,2023
1027,31,66,4,"Friday, December 15, 2023",User,2023
1101,25,117,4,"Monday, July 17, 2023",User,2023
1137,35,127,4,"Monday, October 2, 2023",User,2023
1144,9,61,4,"Saturday, October 28, 2023",User,2023
1197,31,164,4,"Monday, August 28, 2023",User,2023
1212,22,75,4,"Friday, May 5, 2023",User,2023
1214,29,56,4,"Friday, April 28, 2023",User,2023
1290,38,72,4,"Saturday, May 13, 2023",User,2023
1320,38,24,4,"Sunday, December 10, 2023",User,2023
1324,36,49,4,"Tuesday, December 19, 2023",User,2023
1401,38,148,4,"Thursday, November 30, 2023",User,2023
1417,22,76,4,"Wednesday, January 25, 2023",User,2023
1428,25,3,4,"Thursday, January 12, 2023",User,2023
1439,25,133,4,"Wednesday, March 22, 2023",User,2023
1476,22,105,4,"Monday, June 19, 2023",User,2023
1499,31,150,4,"Sunday, August 13, 2023",User,2023
1556,9,109,4,"Thursday, March 2, 2023",User,2023
1558,31,91,4,"Sunday, June 4, 2023",User,2023
1559,35,74,4,"Wednesday, March 8, 2023",User,2023
1652,38,71,4,"Wednesday, February 1, 2023",User,2023
1659,30,148,4,"Sunday, October 8, 2023",User,2023
1686,35,8,4,"Saturday, April 29, 2023",User,2023
1837,35,57,4,"Wednesday, October 25, 2023",User,2023
1841,29,7,4,"Wednesday, August 2, 2023",User,2023
1854,22,6,4,"Monday, August 7, 2023",User,2023
1863,35,39,4,"Monday, October 9, 2023",User,2023
1866,9,45,4,"Tuesday, May 30, 2023",User,2023
1899,22,150,4,"Wednesday, August 16, 2023",User,2023
1901,31,55,4,"Friday, May 19, 2023",User,2023
1952,25,66,4,"Thursday, December 14, 2023",User,2023
2000,35,160,4,"Wednesday, January 18, 2023",User,2023
2003,25,114,4,"Friday, February 3, 2023",User,2023
2014,5,86,4,"Wednesday, June 28, 2023",User,2023
2019,38,99,4,"Tuesday, September 5, 2023",User,2023
2043,31,9,4,"Saturday, August 12, 2023",User,2023
2087,35,94,4,"Monday, December 11, 2023",User,2023
2088,29,181,4,"Monday, June 19, 2023",User,2023
2104,5,55,4,"Thursday, June 29, 2023",User,2023
2141,38,126,4,"Saturday, March 11, 2023",User,2023
2198,5,38,4,"Thursday, April 6, 2023",User,2023
2222,22,187,4,"Wednesday, April 5, 2023",User,2023
2229,31,66,4,"Saturday, May 27, 2023",User,2023
2232,5,135,4,"Friday, February 24, 2023",User,2023
2294,36,97,4,"Saturday, November 4, 2023",User,2023
2302,5,88,4,"Saturday, October 21, 2023",User,2023
2328,5,9,4,"Friday, August 11, 2023",User,2023
2333,36,137,4,"Monday, March 27, 2023",User,2023
2353,31,145,4,"Thursday, October 12, 2023",User,2023
2375,36,100,4,"Thursday, November 2, 2023",User,2023
2380,25,135,4,"Saturday, July 29, 2023",User,2023
2381,25,19,4,"Wednesday, November 22, 2023",User,2023
2386,38,140,4,"Thursday, July 20, 2023",User,2023
2492,30,145,4,"Wednesday, July 19, 2023",User,2023
2493,29,91,4,"Tuesday, February 28, 2023",User,2023
2533,30,49,4,"Monday, October 2, 2023",User,2023
2545,38,93,4,"Wednesday, May 31, 2023",User,2023
2604,9,168,4,"Monday, March 27, 2023",User,2023
2607,9,75,4,"Friday, February 3, 2023",User,2023
2619,35,108,4,"Thursday, November 30, 2023",User,2023
2643,25,138,4,"Friday, January 27, 2023",User,2023
2649,30,184,4,"Wednesday, July 5, 2023",User,2023
2686,30,86,4,"Tuesday, August 29, 2023",User,2023
2807,35,62,4,"Wednesday, April 19, 2023",User,2023
2814,9,97,4,"Monday, April 24, 2023",User,2023
2881,29,58,4,"Monday, July 24, 2023",User,2023
2947,36,115,4,"Monday, January 23, 2023",User,2023
2965,9,32,4,"Sunday, June 11, 2023",User,2023
3021,36,15,4,"Friday, March 3, 2023",User,2023
3066,30,68,4,"Friday, April 21, 2023",User,2023
3072,29,128,4,"Friday, March 31, 2023",User,2023
3129,35,84,4,"Monday, May 8, 2023",User,2023
3137,5,181,4,"Wednesday, August 16, 2023",User,2023
3181,29,158,4,"Monday, January 23, 2023",User,2023
3187,35,120,4,"Friday, July 7, 2023",User,2023
3204,31,171,4,"Monday, October 23, 2023",User,2023
3230,30,45,4,"Saturday, October 21, 2023",User,2023
3261,36,39,4,"Saturday, April 8, 2023",User,2023
3273,31,113,4,"Sunday, February 26, 2023",User,2023
3301,9,134,4,"Tuesday, July 4, 2023",User,2023
3321,36,58,4,"Monday, March 20, 2023",User,2023
3323,35,41,4,"Monday, October 30, 2023",User,2023
3329,30,182,4,"Saturday, December 2, 2023",User,2023
3397,35,26,4,"Monday, November 27, 2023",User,2023
3407,31,76,4,"Saturday, May 20, 2023",User,2023
3424,31,41,4,"Thursday, December 21, 2023",User,2023
3450,5,48,4,"Friday, November 3, 2023",User,2023
3484,30,6,4,"Sunday, October 15, 2023",User,2023
3498,35,182,4,"Saturday, March 4, 2023",User,2023
3499,9,9,4,"Thursday, July 20, 2023",User,2023
3521,22,155,4,"Tuesday, May 16, 2023",User,2023
3528,22,36,4,"Monday, June 12, 2023",User,2023
3573,30,24,4,"Saturday, January 28, 2023",User,2023
3643,29,156,4,"Wednesday, May 31, 2023",User,2023
3680,22,119,4,"Wednesday, November 1, 2023",User,2023
3710,31,1,4,"Thursday, May 4, 2023",User,2023
3725,29,138,4,"Sunday, April 9, 2023",User,2023
3729,25,31,4,"Monday, May 1, 2023",User,2023
3734,22,173,4,"Sunday, September 24, 2023",User,2023
3740,29,181,4,"Wednesday, February 15, 2023",User,2023
3806,38,135,4,"Saturday, September 23, 2023",User,2023
3821,25,174,4,"Saturday, January 14, 2023",User,2023
3830,5,87,4,"Thursday, February 23, 2023",User,2023
3840,22,61,4,"Wednesday, June 21, 2023",User,2023
3854,25,180,4,"Sunday, September 24, 2023",User,2023
3885,22,121,4,"Tuesday, May 30, 2023",User,2023
3891,9,86,4,"Wednesday, September 20, 2023",User,2023
3904,29,146,4,"Thursday, February 16, 2023",User,2023
3922,25,54,4,"Wednesday, July 26, 2023",User,2023
3940,35,112,4,"Saturday, September 9, 2023",User,2023
3956,22,74,4,"Wednesday, August 23, 2023",User,2023
3980,22,98,4,"Saturday, July 29, 2023",User,2023
3982,31,136,4,"Saturday, January 14, 2023",User,2023
3985,29,99,4,"Thursday, July 6, 2023",User,2023
3989,5,173,4,"Thursday, February 16, 2023",User,2023
4018,25,95,4,"Monday, October 2, 2023",User,2023
4107,31,79,4,"Sunday, April 16, 2023",User,2023
4109,31,187,4,"Monday, June 12, 2023",User,2023
4125,36,165,4,"Thursday, June 29, 2023",User,2023
4129,38,174,4,"Wednesday, January 18, 2023",User,2023
4135,31,119,4,"Saturday, August 12, 2023",User,2023
4142,35,121,4,"Sunday, June 18, 2023",User,2023
4164,9,50,4,"Sunday, May 14, 2023",User,2023
4172,22,137,4,"Sunday, April 30, 2023",User,2023
4175,38,198,4,"Wednesday, June 14, 2023",User,2023
4210,35,150,4,"Tuesday, October 31, 2023",User,2023
4230,22,27,4,"Thursday, August 31, 2023",User,2023
4297,5,169,4,"Thursday, June 1, 2023",User,2023
4306,36,12,4,"Monday, April 17, 2023",User,2023
4363,29,109,4,"Friday, September 15, 2023",User,2023
4434,30,70,4,"Sunday, December 17, 2023",User,2023
4518,38,194,4,"Wednesday, June 14, 2023",User,2023
4521,9,170,4,"Thursday, March 9, 2023",User,2023
4555,22,75,4,"Saturday, May 20, 2023",User,2023
4584,36,116,4,"Monday, May 29, 2023",User,2023
4598,22,10,4,"Saturday, June 3, 2023",User,2023
4644,9,117,4,"Wednesday, December 27, 2023",User,2023
4654,25,86,4,"Friday, August 4, 2023",User,2023
4677,38,128,4,"Monday, May 22, 2023",User,2023
4739,38,120,4,"Saturday, July 8, 2023",User,2023
4754,5,45,4,"Tuesday, April 25, 2023",User,2023
4767,25,22,4,"Sunday, July 23, 2023",User,2023
4781,38,71,4,"Saturday, December 2, 2023",User,2023
4813,36,14,4,"Saturday, October 14, 2023",User,2023
170,22,184,4,"Sunday, June 19, 2022",User,2022
189,38,139,4,"Sunday, August 7, 2022",User,2022
567,31,9,4,"Friday, July 21, 2023",User,2023
582,5,145,4,"Monday, May 8, 2023",User,2023
590,35,140,4,"Sunday, August 13, 2023",User,2023
649,38,176,4,"Friday, November 10, 2023",User,2023
706,5,94,4,"Wednesday, July 12, 2023",User,2023
746,35,155,4,"Tuesday, January 16, 2024",User,2024
790,30,157,4,"Thursday, February 29, 2024",User,2024
801,25,108,4,"Sunday, November 3, 2024",User,2024
843,25,111,4,"Monday, April 22, 2024",User,2024
859,9,90,4,"Monday, August 5, 2024",User,2024
933,22,37,4,"Sunday, July 21, 2024",User,2024
1153,36,33,4,"Wednesday, February 26, 2025",User,2025
1187,25,148,4,"Saturday, January 4, 2025",User,2025
1195,29,154,4,"Thursday, September 4, 2025",User,2025
1279,38,155,4,"Friday, February 7, 2025",User,2025
1461,22,158,4,"Wednesday, December 31, 2025",User,2025
41,40,40,4,"Saturday, June 10, 2023",Seller,2023
46,15,40,4,"Friday, October 13, 2023",Seller,2023
18,12,196,3,"Tuesday, May 9, 2023",Seller,2023
42,7,40,3,"Sunday, September 10, 2023",Seller,2023
45,25,40,3,"Sunday, December 10, 2023",Seller,2023
9,34,96,3,"Friday, September 22, 2023",User,2023
20,14,81,3,"Tuesday, May 2, 2023",User,2023
45,25,113,3,"Thursday, October 19, 2023",User,2023
83,28,39,3,"Wednesday, January 25, 2023",User,2023
127,21,187,3,"Tuesday, October 3, 2023",User,2023
150,32,140,3,"Thursday, June 29, 2023",User,2023
198,34,18,3,"Friday, August 4, 2023",User,2023
222,34,83,3,"Thursday, March 2, 2023",User,2023
241,13,159,3,"Friday, February 17, 2023",User,2023
350,6,128,3,"Saturday, March 4, 2023",User,2023
367,14,77,3,"Monday, March 27, 2023",User,2023
377,30,43,3,"Friday, October 13, 2023",User,2023
393,28,101,3,"Monday, May 15, 2023",User,2023
411,29,98,3,"Wednesday, February 22, 2023",User,2023
413,6,153,3,"Monday, March 27, 2023",User,2023
414,30,188,3,"Saturday, July 22, 2023",User,2023
417,14,23,3,"Monday, October 2, 2023",User,2023
435,28,103,3,"Sunday, December 10, 2023",User,2023
500,15,161,3,"Saturday, March 18, 2023",User,2023
507,34,35,3,"Thursday, January 26, 2023",User,2023
609,15,192,3,"Sunday, May 21, 2023",User,2023
650,30,104,3,"Wednesday, November 15, 2023",User,2023
715,21,9,3,"Friday, September 22, 2023",User,2023
731,15,51,3,"Saturday, January 14, 2023",User,2023
771,29,135,3,"Friday, September 8, 2023",User,2023
845,32,12,3,"Tuesday, January 31, 2023",User,2023
906,15,200,3,"Sunday, January 22, 2023",User,2023
908,25,123,3,"Wednesday, June 14, 2023",User,2023
914,29,80,3,"Monday, April 24, 2023",User,2023
955,29,160,3,"Saturday, February 11, 2023",User,2023
1024,32,19,3,"Sunday, September 10, 2023",User,2023
1029,14,123,3,"Monday, February 27, 2023",User,2023
1045,34,158,3,"Monday, March 27, 2023",User,2023
1056,28,69,3,"Friday, December 15, 2023",User,2023
1062,34,143,3,"Sunday, November 12, 2023",User,2023
1066,34,200,3,"Friday, August 4, 2023",User,2023
1067,29,35,3,"Saturday, June 24, 2023",User,2023
1079,15,135,3,"Tuesday, September 5, 2023",User,2023
1087,28,114,3,"Friday, October 27, 2023",User,2023
1098,32,66,3,"Wednesday, March 29, 2023",User,2023
1102,30,113,3,"Thursday, November 23, 2023",User,2023
1134,6,20,3,"Tuesday, July 4, 2023",User,2023
1159,28,66,3,"Friday, August 11, 2023",User,2023
1208,25,79,3,"Friday, February 10, 2023",User,2023
1229,32,140,3,"Wednesday, August 30, 2023",User,2023
1250,13,40,3,"Thursday, November 30, 2023",User,2023
1314,6,74,3,"Saturday, April 8, 2023",User,2023
1316,30,117,3,"Wednesday, May 31, 2023",User,2023
1330,13,64,3,"Friday, July 14, 2023",User,2023
1335,34,200,3,"Wednesday, March 8, 2023",User,2023
1336,34,122,3,"Friday, July 7, 2023",User,2023
1360,6,135,3,"Monday, June 12, 2023",User,2023
1361,29,87,3,"Sunday, April 16, 2023",User,2023
1364,15,91,3,"Sunday, October 1, 2023",User,2023
1372,6,114,3,"Wednesday, September 20, 2023",User,2023
1390,25,42,3,"Wednesday, July 19, 2023",User,2023
1398,6,143,3,"Saturday, October 7, 2023",User,2023
1402,6,49,3,"Friday, April 21, 2023",User,2023
1412,28,147,3,"Friday, March 17, 2023",User,2023
1420,14,131,3,"Monday, March 6, 2023",User,2023
1440,32,108,3,"Saturday, May 20, 2023",User,2023
1511,29,196,3,"Saturday, December 30, 2023",User,2023
1642,6,77,3,"Monday, November 13, 2023",User,2023
1669,13,136,3,"Tuesday, March 7, 2023",User,2023
1687,30,189,3,"Thursday, December 21, 2023",User,2023
1689,15,104,3,"Friday, May 19, 2023",User,2023
1702,15,101,3,"Wednesday, May 10, 2023",User,2023
1715,21,199,3,"Sunday, August 13, 2023",User,2023
1724,6,25,3,"Saturday, May 13, 2023",User,2023
1733,29,26,3,"Friday, April 14, 2023",User,2023
1759,6,91,3,"Saturday, February 25, 2023",User,2023
1780,13,142,3,"Sunday, April 16, 2023",User,2023
1792,29,60,3,"Wednesday, May 17, 2023",User,2023
1824,21,63,3,"Tuesday, August 1, 2023",User,2023
1873,14,65,3,"Thursday, August 17, 2023",User,2023
1882,25,36,3,"Thursday, June 8, 2023",User,2023
1904,34,78,3,"Friday, December 1, 2023",User,2023
1905,34,43,3,"Sunday, February 26, 2023",User,2023
1922,28,102,3,"Saturday, July 1, 2023",User,2023
1928,21,5,3,"Thursday, July 13, 2023",User,2023
1979,25,110,3,"Thursday, January 12, 2023",User,2023
2005,6,188,3,"Saturday, October 7, 2023",User,2023
2021,21,177,3,"Friday, May 5, 2023",User,2023
2030,13,142,3,"Saturday, July 1, 2023",User,2023
2055,32,124,3,"Monday, April 3, 2023",User,2023
2066,25,187,3,"Saturday, April 8, 2023",User,2023
2073,21,145,3,"Monday, June 19, 2023",User,2023
2096,25,67,3,"Friday, March 17, 2023",User,2023
2137,25,55,3,"Saturday, June 24, 2023",User,2023
2169,15,199,3,"Wednesday, September 27, 2023",User,2023
2174,30,36,3,"Friday, September 8, 2023",User,2023
2175,34,131,3,"Wednesday, December 20, 2023",User,2023
2180,34,186,3,"Friday, June 9, 2023",User,2023
2218,15,178,3,"Sunday, November 12, 2023",User,2023
2269,30,197,3,"Thursday, February 2, 2023",User,2023
2289,32,33,3,"Thursday, April 20, 2023",User,2023
2316,13,41,3,"Sunday, September 3, 2023",User,2023
2322,29,38,3,"Tuesday, October 10, 2023",User,2023
2337,28,169,3,"Wednesday, July 19, 2023",User,2023
2338,30,74,3,"Wednesday, November 1, 2023",User,2023
2368,29,166,3,"Sunday, February 5, 2023",User,2023
2378,34,41,3,"Friday, August 25, 2023",User,2023
2409,15,104,3,"Wednesday, June 28, 2023",User,2023
2417,30,109,3,"Monday, July 24, 2023",User,2023
2423,29,135,3,"Thursday, July 27, 2023",User,2023
2427,14,198,3,"Tuesday, May 30, 2023",User,2023
2451,15,166,3,"Monday, February 20, 2023",User,2023
2456,21,191,3,"Thursday, November 9, 2023",User,2023
2457,25,107,3,"Tuesday, August 1, 2023",User,2023
2477,32,106,3,"Friday, February 10, 2023",User,2023
2483,21,127,3,"Wednesday, February 15, 2023",User,2023
2511,6,138,3,"Wednesday, March 29, 2023",User,2023
2514,15,147,3,"Tuesday, August 15, 2023",User,2023
2530,25,15,3,"Wednesday, January 11, 2023",User,2023
2563,25,79,3,"Monday, June 19, 2023",User,2023
2613,34,186,3,"Sunday, July 9, 2023",User,2023
2614,32,186,3,"Friday, December 8, 2023",User,2023
2622,29,79,3,"Tuesday, August 1, 2023",User,2023
2647,32,52,3,"Wednesday, July 26, 2023",User,2023
2674,14,126,3,"Saturday, June 10, 2023",User,2023
2680,30,55,3,"Sunday, March 5, 2023",User,2023
2745,30,194,3,"Monday, January 23, 2023",User,2023
2836,25,14,3,"Thursday, May 4, 2023",User,2023
2843,6,8,3,"Wednesday, September 6, 2023",User,2023
2866,6,146,3,"Monday, June 19, 2023",User,2023
2879,15,55,3,"Thursday, November 9, 2023",User,2023
2966,30,190,3,"Saturday, April 29, 2023",User,2023
2998,15,64,3,"Sunday, April 2, 2023",User,2023
3040,28,153,3,"Tuesday, June 27, 2023",User,2023
3057,25,32,3,"Sunday, February 26, 2023",User,2023
3116,29,167,3,"Friday, September 1, 2023",User,2023
3121,15,138,3,"Monday, October 16, 2023",User,2023
3126,6,68,3,"Sunday, October 1, 2023",User,2023
3150,25,84,3,"Friday, May 5, 2023",User,2023
3167,32,121,3,"Wednesday, May 3, 2023",User,2023
3190,6,36,3,"Saturday, September 23, 2023",User,2023
3196,6,107,3,"Tuesday, March 14, 2023",User,2023
3224,30,197,3,"Sunday, July 16, 2023",User,2023
3240,29,163,3,"Friday, August 11, 2023",User,2023
3312,34,141,3,"Saturday, January 7, 2023",User,2023
3317,14,161,3,"Wednesday, August 2, 2023",User,2023
3325,14,36,3,"Friday, July 14, 2023",User,2023
3328,21,182,3,"Tuesday, January 31, 2023",User,2023
3348,30,117,3,"Tuesday, March 14, 2023",User,2023
3353,13,76,3,"Friday, September 15, 2023",User,2023
3388,6,178,3,"Monday, August 7, 2023",User,2023
3402,21,20,3,"Wednesday, November 15, 2023",User,2023
3405,25,58,3,"Friday, June 9, 2023",User,2023
3423,21,68,3,"Sunday, March 19, 2023",User,2023
3445,30,44,3,"Saturday, October 21, 2023",User,2023
3497,13,172,3,"Tuesday, May 9, 2023",User,2023
3500,29,2,3,"Thursday, January 5, 2023",User,2023
3516,34,92,3,"Tuesday, July 4, 2023",User,2023
3633,21,45,3,"Tuesday, December 5, 2023",User,2023
3634,25,77,3,"Wednesday, June 7, 2023",User,2023
3646,29,73,3,"Sunday, May 28, 2023",User,2023
3688,28,123,3,"Thursday, February 23, 2023",User,2023
3709,15,27,3,"Tuesday, May 9, 2023",User,2023
3753,25,122,3,"Thursday, May 11, 2023",User,2023
3756,21,45,3,"Wednesday, June 7, 2023",User,2023
3851,30,63,3,"Thursday, January 19, 2023",User,2023
3888,34,70,3,"Thursday, June 15, 2023",User,2023
3890,15,58,3,"Wednesday, September 6, 2023",User,2023
3896,34,153,3,"Sunday, November 19, 2023",User,2023
3907,30,124,3,"Saturday, June 10, 2023",User,2023
3920,15,12,3,"Sunday, March 19, 2023",User,2023
3941,13,17,3,"Wednesday, February 1, 2023",User,2023
3960,25,144,3,"Wednesday, December 20, 2023",User,2023
3964,15,70,3,"Monday, December 18, 2023",User,2023
4002,29,12,3,"Sunday, June 25, 2023",User,2023
4012,25,2,3,"Wednesday, March 22, 2023",User,2023
4077,30,191,3,"Monday, December 11, 2023",User,2023
4092,28,3,3,"Wednesday, April 26, 2023",User,2023
4113,25,41,3,"Friday, August 4, 2023",User,2023
4149,32,14,3,"Thursday, January 12, 2023",User,2023
4194,29,110,3,"Tuesday, October 17, 2023",User,2023
4212,13,160,3,"Wednesday, November 1, 2023",User,2023
4222,32,117,3,"Thursday, June 8, 2023",User,2023
4308,30,125,3,"Friday, August 25, 2023",User,2023
4405,25,92,3,"Saturday, April 15, 2023",User,2023
4481,25,49,3,"Sunday, August 13, 2023",User,2023
4489,28,103,3,"Saturday, October 28, 2023",User,2023
4504,30,174,3,"Thursday, July 13, 2023",User,2023
4514,13,49,3,"Thursday, December 14, 2023",User,2023
4552,32,50,3,"Sunday, May 14, 2023",User,2023
4567,29,66,3,"Monday, February 6, 2023",User,2023
4581,28,164,3,"Tuesday, December 12, 2023",User,2023
4653,28,192,3,"Tuesday, May 16, 2023",User,2023
4664,6,25,3,"Sunday, December 31, 2023",User,2023
4672,21,147,3,"Thursday, April 6, 2023",User,2023
4675,15,84,3,"Tuesday, February 21, 2023",User,2023
4676,34,82,3,"Saturday, February 4, 2023",User,2023
4679,30,192,3,"Monday, April 17, 2023",User,2023
4711,25,61,3,"Wednesday, September 13, 2023",User,2023
4713,32,48,3,"Sunday, October 1, 2023",User,2023
4724,32,125,3,"Wednesday, March 22, 2023",User,2023
4742,30,108,3,"Sunday, December 3, 2023",User,2023
4816,30,52,3,"Friday, November 17, 2023",User,2023
4895,13,149,3,"Wednesday, December 13, 2023",User,2023
4930,15,107,3,"Saturday, September 2, 2023",User,2023
4951,15,30,3,"Friday, June 23, 2023",User,2023
4953,32,37,3,"Monday, July 24, 2023",User,2023
4988,29,1,3,"Thursday, July 27, 2023",User,2023
5027,29,142,3,"Saturday, February 25, 2023",User,2023
5063,14,178,3,"Thursday, January 12, 2023",User,2023
5080,21,116,3,"Saturday, February 4, 2023",User,2023
5087,32,88,3,"Tuesday, January 24, 2023",User,2023
5139,14,169,3,"Tuesday, March 14, 2023",User,2023
5211,6,200,3,"Thursday, October 5, 2023",User,2023
5218,28,135,3,"Sunday, July 30, 2023",User,2023
5299,34,54,3,"Monday, August 21, 2023",User,2023
5343,29,88,3,"Tuesday, January 17, 2023",User,2023
5401,21,39,3,"Wednesday, May 3, 2023",User,2023
5449,21,42,3,"Sunday, November 26, 2023",User,2023
5457,32,106,3,"Saturday, May 27, 2023",User,2023
5491,15,167,3,"Monday, June 12, 2023",User,2023
5566,13,134,3,"Monday, January 2, 2023",User,2023
5594,34,88,3,"Thursday, August 31, 2023",User,2023
5609,13,131,3,"Wednesday, June 28, 2023",User,2023
5616,32,17,3,"Saturday, March 11, 2023",User,2023
5627,29,52,3,"Friday, August 18, 2023",User,2023
5628,14,78,3,"Wednesday, June 21, 2023",User,2023
5642,25,2,3,"Wednesday, April 5, 2023",User,2023
5671,32,68,3,"Friday, July 14, 2023",User,2023
5680,28,170,3,"Wednesday, April 19, 2023",User,2023
5713,29,198,3,"Friday, March 3, 2023",User,2023
5790,25,124,3,"Thursday, May 11, 2023",User,2023
5797,30,44,3,"Tuesday, August 1, 2023",User,2023
5803,30,146,3,"Sunday, March 5, 2023",User,2023
5804,34,141,3,"Friday, December 22, 2023",User,2023
5865,14,175,3,"Tuesday, June 13, 2023",User,2023
5901,29,66,3,"Wednesday, September 20, 2023",User,2023
5930,21,108,3,"Sunday, February 12, 2023",User,2023
5940,25,49,3,"Friday, February 24, 2023",User,2023
5948,14,105,3,"Tuesday, July 25, 2023",User,2023
5968,32,133,3,"Friday, December 22, 2023",User,2023
5970,25,169,3,"Saturday, September 23, 2023",User,2023
6002,29,115,3,"Saturday, June 24, 2023",User,2023
6020,13,200,3,"Sunday, November 12, 2023",User,2023
6059,28,2,3,"Saturday, December 16, 2023",User,2023
6077,32,125,3,"Monday, February 13, 2023",User,2023
6079,14,92,3,"Saturday, June 10, 2023",User,2023
6097,13,148,3,"Tuesday, December 5, 2023",User,2023
6110,30,152,3,"Monday, March 20, 2023",User,2023
6113,15,168,3,"Tuesday, April 11, 2023",User,2023
6136,14,13,3,"Saturday, March 18, 2023",User,2023
6165,30,61,3,"Sunday, February 26, 2023",User,2023
6192,21,168,3,"Friday, November 17, 2023",User,2023
6225,34,200,3,"Monday, December 4, 2023",User,2023
6240,25,24,3,"Monday, October 23, 2023",User,2023
6246,13,48,3,"Friday, October 20, 2023",User,2023
6265,28,92,3,"Friday, October 20, 2023",User,2023
6303,25,6,3,"Monday, July 3, 2023",User,2023
6306,13,71,3,"Friday, February 24, 2023",User,2023
6308,29,171,3,"Saturday, April 22, 2023",User,2023
6343,34,168,3,"Friday, July 14, 2023",User,2023
6345,6,162,3,"Saturday, May 27, 2023",User,2023
6372,14,104,3,"Wednesday, November 29, 2023",User,2023
6379,14,38,3,"Thursday, February 16, 2023",User,2023
6381,6,137,3,"Wednesday, November 22, 2023",User,2023
6429,14,158,3,"Wednesday, July 5, 2023",User,2023
6437,28,23,3,"Wednesday, February 8, 2023",User,2023
6446,25,2,3,"Monday, October 9, 2023",User,2023
6486,25,92,3,"Sunday, September 17, 2023",User,2023
6500,30,169,3,"Sunday, December 31, 2023",User,2023
6538,25,130,3,"Friday, September 1, 2023",User,2023
6547,6,88,3,"Saturday, August 5, 2023",User,2023
6586,28,61,3,"Tuesday, October 17, 2023",User,2023
6592,28,134,3,"Thursday, October 19, 2023",User,2023
6613,29,184,3,"Friday, February 17, 2023",User,2023
6714,13,75,3,"Friday, June 2, 2023",User,2023
6745,34,155,3,"Friday, June 30, 2023",User,2023
6747,28,137,3,"Saturday, April 22, 2023",User,2023
6801,32,90,3,"Thursday, June 29, 2023",User,2023
6830,30,165,3,"Wednesday, June 21, 2023",User,2023
6839,34,114,3,"Sunday, October 15, 2023",User,2023
6906,13,94,3,"Thursday, February 16, 2023",User,2023
6911,13,189,3,"Friday, May 5, 2023",User,2023
6930,30,123,3,"Tuesday, July 11, 2023",User,2023
6995,29,78,3,"Tuesday, November 28, 2023",User,2023
7031,25,4,3,"Tuesday, November 28, 2023",User,2023
7041,34,19,3,"Monday, March 13, 2023",User,2023
7049,34,11,3,"Thursday, March 16, 2023",User,2023
7080,32,1,3,"Saturday, July 1, 2023",User,2023
7089,21,23,3,"Sunday, July 9, 2023",User,2023
7126,15,176,3,"Thursday, December 7, 2023",User,2023
7127,13,176,3,"Tuesday, November 7, 2023",User,2023
7135,28,60,3,"Monday, October 2, 2023",User,2023
7193,14,72,3,"Monday, January 30, 2023",User,2023
7212,29,18,3,"Wednesday, August 9, 2023",User,2023
7269,30,48,3,"Thursday, April 6, 2023",User,2023
7290,32,100,3,"Sunday, March 26, 2023",User,2023
7294,34,154,3,"Friday, April 14, 2023",User,2023
7337,28,116,3,"Friday, February 10, 2023",User,2023
7346,13,135,3,"Friday, November 17, 2023",User,2023
7349,13,148,3,"Sunday, February 12, 2023",User,2023
7382,13,128,3,"Monday, February 27, 2023",User,2023
7392,6,181,3,"Monday, February 20, 2023",User,2023
7399,32,179,3,"Tuesday, February 14, 2023",User,2023
7469,32,93,3,"Saturday, December 9, 2023",User,2023
7490,28,13,3,"Wednesday, June 21, 2023",User,2023
7494,29,45,3,"Friday, May 26, 2023",User,2023
7497,29,55,3,"Tuesday, March 14, 2023",User,2023
7526,28,198,3,"Tuesday, April 18, 2023",User,2023
7553,13,66,3,"Saturday, March 18, 2023",User,2023
7574,13,15,3,"Sunday, January 15, 2023",User,2023
7653,32,106,3,"Friday, April 14, 2023",User,2023
7691,28,123,3,"Friday, September 22, 2023",User,2023
7695,14,95,3,"Thursday, July 20, 2023",User,2023
7712,25,104,3,"Saturday, June 17, 2023",User,2023
7741,32,184,3,"Friday, February 24, 2023",User,2023
7744,15,14,3,"Friday, February 3, 2023",User,2023
7772,6,107,3,"Sunday, September 3, 2023",User,2023
7784,30,194,3,"Wednesday, January 18, 2023",User,2023
7792,13,94,3,"Tuesday, December 26, 2023",User,2023
7826,34,161,3,"Monday, May 15, 2023",User,2023
7863,13,89,3,"Monday, December 11, 2023",User,2023
7881,21,173,3,"Friday, December 8, 2023",User,2023
7882,29,198,3,"Monday, December 11, 2023",User,2023
7885,13,188,3,"Saturday, July 15, 2023",User,2023
7910,29,110,3,"Monday, August 28, 2023",User,2023
7972,6,180,3,"Wednesday, December 13, 2023",User,2023
7975,25,65,3,"Sunday, January 29, 2023",User,2023
7997,13,159,3,"Sunday, August 20, 2023",User,2023
8021,15,20,3,"Wednesday, November 15, 2023",User,2023
8056,13,158,3,"Monday, August 21, 2023",User,2023
8057,32,71,3,"Saturday, July 29, 2023",User,2023
8060,32,75,3,"Tuesday, October 3, 2023",User,2023
8152,13,60,3,"Tuesday, May 23, 2023",User,2023
8157,34,141,3,"Friday, August 18, 2023",User,2023
8196,15,107,3,"Saturday, August 19, 2023",User,2023
8204,21,173,3,"Thursday, June 15, 2023",User,2023
8210,34,160,3,"Monday, August 21, 2023",User,2023
8242,28,112,3,"Wednesday, December 13, 2023",User,2023
8291,14,130,3,"Saturday, April 8, 2023",User,2023
8296,6,171,3,"Sunday, July 16, 2023",User,2023
8320,14,194,3,"Friday, October 27, 2023",User,2023
8321,13,156,3,"Thursday, September 14, 2023",User,2023
8333,32,88,3,"Tuesday, June 13, 2023",User,2023
8344,34,169,3,"Sunday, August 27, 2023",User,2023
8370,15,42,3,"Friday, June 16, 2023",User,2023
8383,25,22,3,"Thursday, November 30, 2023",User,2023
8409,21,118,3,"Tuesday, November 7, 2023",User,2023
8413,15,92,3,"Saturday, May 27, 2023",User,2023
8427,34,135,3,"Friday, December 1, 2023",User,2023
8456,14,26,3,"Friday, November 10, 2023",User,2023
8492,6,125,3,"Wednesday, July 5, 2023",User,2023
8518,14,71,3,"Thursday, November 23, 2023",User,2023
8534,14,37,3,"Wednesday, November 29, 2023",User,2023
8582,30,67,3,"Tuesday, January 24, 2023",User,2023
8622,34,140,3,"Thursday, July 20, 2023",User,2023
8676,30,180,3,"Sunday, October 29, 2023",User,2023
8714,13,16,3,"Wednesday, March 15, 2023",User,2023
8727,15,55,3,"Tuesday, March 14, 2023",User,2023
8756,34,155,3,"Sunday, May 21, 2023",User,2023
8761,28,47,3,"Thursday, November 2, 2023",User,2023
8772,14,57,3,"Friday, July 28, 2023",User,2023
8786,6,30,3,"Monday, January 9, 2023",User,2023
8788,15,113,3,"Tuesday, July 18, 2023",User,2023
8791,13,135,3,"Thursday, October 26, 2023",User,2023
8801,32,22,3,"Sunday, April 23, 2023",User,2023
8808,13,63,3,"Friday, May 5, 2023",User,2023
8819,32,171,3,"Monday, October 16, 2023",User,2023
8891,6,113,3,"Friday, March 10, 2023",User,2023
8987,28,32,3,"Tuesday, April 25, 2023",User,2023
9021,14,75,3,"Friday, April 7, 2023",User,2023
9078,13,173,3,"Thursday, November 30, 2023",User,2023
9109,28,192,3,"Saturday, February 18, 2023",User,2023
9125,28,81,3,"Monday, February 20, 2023",User,2023
9135,28,90,3,"Friday, October 13, 2023",User,2023
9176,28,79,3,"Sunday, June 4, 2023",User,2023
9229,25,20,3,"Thursday, December 7, 2023",User,2023
9253,13,17,3,"Sunday, November 5, 2023",User,2023
9255,14,55,3,"Saturday, October 7, 2023",User,2023
9264,29,45,3,"Sunday, November 5, 2023",User,2023
9319,15,155,3,"Tuesday, December 12, 2023",User,2023
9330,21,42,3,"Wednesday, September 20, 2023",User,2023
9356,6,140,3,"Monday, December 4, 2023",User,2023
9362,29,106,3,"Sunday, April 30, 2023",User,2023
9374,29,178,3,"Wednesday, December 20, 2023",User,2023
9380,32,179,3,"Monday, August 21, 2023",User,2023
9403,29,24,3,"Wednesday, March 8, 2023",User,2023
9406,13,98,3,"Sunday, December 24, 2023",User,2023
9424,6,118,3,"Monday, March 20, 2023",User,2023
9498,32,65,3,"Saturday, April 8, 2023",User,2023
9507,21,168,3,"Friday, June 2, 2023",User,2023
9610,34,84,3,"Tuesday, January 24, 2023",User,2023
9623,32,195,3,"Sunday, December 3, 2023",User,2023
9635,32,86,3,"Tuesday, July 11, 2023",User,2023
9680,34,106,3,"Monday, September 11, 2023",User,2023
9695,34,83,3,"Wednesday, May 10, 2023",User,2023
9704,13,186,3,"Thursday, March 23, 2023",User,2023
9714,25,159,3,"Friday, July 7, 2023",User,2023
9752,25,186,3,"Tuesday, June 13, 2023",User,2023
9764,32,82,3,"Tuesday, January 17, 2023",User,2023
9791,21,32,3,"Saturday, December 9, 2023",User,2023
9793,29,87,3,"Tuesday, December 26, 2023",User,2023
9835,21,18,3,"Sunday, March 5, 2023",User,2023
9877,13,49,3,"Saturday, April 1, 2023",User,2023
9900,15,181,3,"Sunday, July 16, 2023",User,2023
9908,13,130,3,"Wednesday, September 27, 2023",User,2023
9913,30,161,3,"Wednesday, June 21, 2023",User,2023
9926,15,108,3,"Wednesday, November 8, 2023",User,2023
9988,14,148,3,"Monday, January 23, 2023",User,2023
9,34,86,3,"Wednesday, August 23, 2023",User,2023
20,14,57,3,"Sunday, July 9, 2023",User,2023
83,28,145,3,"Friday, May 12, 2023",User,2023
127,21,187,3,"Thursday, May 2, 2024",User,2024
150,32,140,3,"Monday, January 2, 2023",User,2023
198,34,18,3,"Wednesday, October 4, 2023",User,2023
222,34,83,3,"Tuesday, December 5, 2023",User,2023
241,13,159,3,"Sunday, August 6, 2023",User,2023
350,6,128,3,"Thursday, February 23, 2023",User,2023
367,14,77,3,"Monday, March 20, 2023",User,2023
377,30,43,3,"Saturday, March 4, 2023",User,2023
393,28,101,3,"Tuesday, April 25, 2023",User,2023
411,29,98,3,"Friday, May 19, 2023",User,2023
413,6,153,3,"Tuesday, May 23, 2023",User,2023
414,30,188,3,"Wednesday, May 24, 2023",User,2023
417,14,23,3,"Monday, May 29, 2023",User,2023
435,28,103,3,"Thursday, June 22, 2023",User,2023
500,15,161,3,"Thursday, September 21, 2023",User,2023
507,34,35,3,"Thursday, April 13, 2023",User,2023
609,15,192,3,"Sunday, April 9, 2023",User,2023
650,30,104,3,"Tuesday, October 31, 2023",User,2023
715,21,9,3,"Monday, February 27, 2023",User,2023
731,15,51,3,"Tuesday, March 21, 2023",User,2023
771,29,135,3,"Tuesday, May 16, 2023",User,2023
845,32,12,3,"Monday, August 28, 2023",User,2023
906,15,200,3,"Tuesday, November 21, 2023",User,2023
908,25,123,3,"Thursday, November 23, 2023",User,2023
914,29,80,3,"Thursday, January 12, 2023",User,2023
955,29,160,3,"Monday, January 29, 2024",User,2024
1024,32,19,3,"Sunday, September 10, 2023",User,2023
1029,14,123,3,"Monday, February 27, 2023",User,2023
1045,34,158,3,"Monday, March 27, 2023",User,2023
1056,28,69,3,"Friday, December 15, 2023",User,2023
1062,34,143,3,"Sunday, November 12, 2023",User,2023
1066,34,200,3,"Friday, August 4, 2023",User,2023
1067,29,35,3,"Saturday, June 24, 2023",User,2023
1079,15,135,3,"Tuesday, September 5, 2023",User,2023
1087,28,114,3,"Friday, October 27, 2023",User,2023
1098,32,66,3,"Wednesday, March 29, 2023",User,2023
1102,30,113,3,"Thursday, November 23, 2023",User,2023
1134,6,20,3,"Tuesday, July 4, 2023",User,2023
1159,28,66,3,"Friday, August 11, 2023",User,2023
1208,25,79,3,"Friday, February 10, 2023",User,2023
1229,32,140,3,"Wednesday, August 30, 2023",User,2023
1250,13,40,3,"Thursday, November 30, 2023",User,2023
1314,6,74,3,"Saturday, April 8, 2023",User,2023
1316,30,117,3,"Wednesday, May 31, 2023",User,2023
1330,13,64,3,"Friday, July 14, 2023",User,2023
1335,34,200,3,"Wednesday, March 8, 2023",User,2023
1336,34,122,3,"Friday, July 7, 2023",User,2023
1360,6,135,3,"Monday, June 12, 2023",User,2023
1361,29,87,3,"Sunday, April 16, 2023",User,2023
1364,15,91,3,"Sunday, October 1, 2023",User,2023
1372,6,114,3,"Wednesday, September 20, 2023",User,2023
1390,25,42,3,"Wednesday, July 19, 2023",User,2023
1398,6,143,3,"Saturday, October 7, 2023",User,2023
1402,6,49,3,"Friday, April 21, 2023",User,2023
1412,28,147,3,"Friday, March 17, 2023",User,2023
1420,14,131,3,"Monday, March 6, 2023",User,2023
1440,32,108,3,"Saturday, May 20, 2023",User,2023
1511,29,196,3,"Saturday, December 30, 2023",User,2023
1642,6,77,3,"Monday, November 13, 2023",User,2023
1669,13,136,3,"Tuesday, March 7, 2023",User,2023
1687,30,189,3,"Thursday, December 21, 2023",User,2023
1689,15,104,3,"Friday, May 19, 2023",User,2023
1702,15,101,3,"Wednesday, May 10, 2023",User,2023
1715,21,199,3,"Sunday, August 13, 2023",User,2023
1724,6,25,3,"Saturday, May 13, 2023",User,2023
1733,29,26,3,"Friday, April 14, 2023",User,2023
1759,6,91,3,"Saturday, February 25, 2023",User,2023
1780,13,142,3,"Sunday, April 16, 2023",User,2023
1792,29,60,3,"Wednesday, May 17, 2023",User,2023
1824,21,63,3,"Tuesday, August 1, 2023",User,2023
1873,14,65,3,"Thursday, August 17, 2023",User,2023
1882,25,36,3,"Thursday, June 8, 2023",User,2023
1904,34,78,3,"Friday, December 1, 2023",User,2023
1905,34,43,3,"Sunday, February 26, 2023",User,2023
1922,28,102,3,"Saturday, July 1, 2023",User,2023
1928,21,5,3,"Thursday, July 13, 2023",User,2023
1979,25,110,3,"Thursday, January 12, 2023",User,2023
2005,6,188,3,"Saturday, October 7, 2023",User,2023
2021,21,177,3,"Friday, May 5, 2023",User,2023
2030,13,142,3,"Saturday, July 1, 2023",User,2023
2055,32,124,3,"Monday, April 3, 2023",User,2023
2066,25,187,3,"Saturday, April 8, 2023",User,2023
2073,21,145,3,"Monday, June 19, 2023",User,2023
2096,25,67,3,"Friday, March 17, 2023",User,2023
2137,25,55,3,"Saturday, June 24, 2023",User,2023
2169,15,199,3,"Wednesday, September 27, 2023",User,2023
2174,30,36,3,"Friday, September 8, 2023",User,2023
2175,34,131,3,"Wednesday, December 20, 2023",User,2023
2180,34,186,3,"Friday, June 9, 2023",User,2023
2218,15,178,3,"Sunday, November 12, 2023",User,2023
2269,30,197,3,"Thursday, February 2, 2023",User,2023
2289,32,33,3,"Thursday, April 20, 2023",User,2023
2316,13,41,3,"Sunday, September 3, 2023",User,2023
2322,29,38,3,"Tuesday, October 10, 2023",User,2023
2337,28,169,3,"Wednesday, July 19, 2023",User,2023
2338,30,74,3,"Wednesday, November 1, 2023",User,2023
2368,29,166,3,"Sunday, February 5, 2023",User,2023
2378,34,41,3,"Friday, August 25, 2023",User,2023
2409,15,104,3,"Wednesday, June 28, 2023",User,2023
2417,30,109,3,"Monday, July 24, 2023",User,2023
2423,29,135,3,"Thursday, July 27, 2023",User,2023
2427,14,198,3,"Tuesday, May 30, 2023",User,2023
2451,15,166,3,"Monday, February 20, 2023",User,2023
2456,21,191,3,"Thursday, November 9, 2023",User,2023
2457,25,107,3,"Tuesday, August 1, 2023",User,2023
2477,32,106,3,"Friday, February 10, 2023",User,2023
2483,21,127,3,"Wednesday, February 15, 2023",User,2023
2511,6,138,3,"Wednesday, March 29, 2023",User,2023
2514,15,147,3,"Tuesday, August 15, 2023",User,2023
2530,25,15,3,"Wednesday, January 11, 2023",User,2023
2563,25,79,3,"Monday, June 19, 2023",User,2023
2613,34,186,3,"Sunday, July 9, 2023",User,2023
2614,32,186,3,"Friday, December 8, 2023",User,2023
2622,29,79,3,"Tuesday, August 1, 2023",User,2023
2647,32,52,3,"Wednesday, July 26, 2023",User,2023
2674,14,126,3,"Saturday, June 10, 2023",User,2023
2680,30,55,3,"Sunday, March 5, 2023",User,2023
2745,30,194,3,"Monday, January 23, 2023",User,2023
2836,25,14,3,"Thursday, May 4, 2023",User,2023
2843,6,8,3,"Wednesday, September 6, 2023",User,2023
2866,6,146,3,"Monday, June 19, 2023",User,2023
2879,15,55,3,"Thursday, November 9, 2023",User,2023
2966,30,190,3,"Saturday, April 29, 2023",User,2023
2998,15,64,3,"Sunday, April 2, 2023",User,2023
3040,28,153,3,"Tuesday, June 27, 2023",User,2023
3057,25,32,3,"Sunday, February 26, 2023",User,2023
3116,29,167,3,"Friday, September 1, 2023",User,2023
3121,15,138,3,"Monday, October 16, 2023",User,2023
3126,6,68,3,"Sunday, October 1, 2023",User,2023
3150,25,84,3,"Friday, May 5, 2023",User,2023
3167,32,121,3,"Wednesday, May 3, 2023",User,2023
3190,6,36,3,"Saturday, September 23, 2023",User,2023
3196,6,107,3,"Tuesday, March 14, 2023",User,2023
3224,30,197,3,"Sunday, July 16, 2023",User,2023
3240,29,163,3,"Friday, August 11, 2023",User,2023
3312,34,141,3,"Saturday, January 7, 2023",User,2023
3317,14,161,3,"Wednesday, August 2, 2023",User,2023
3325,14,36,3,"Friday, July 14, 2023",User,2023
3328,21,182,3,"Tuesday, January 31, 2023",User,2023
3348,30,117,3,"Tuesday, March 14, 2023",User,2023
3353,13,76,3,"Friday, September 15, 2023",User,2023
3388,6,178,3,"Monday, August 7, 2023",User,2023
3402,21,20,3,"Wednesday, November 15, 2023",User,2023
3405,25,58,3,"Friday, June 9, 2023",User,2023
3423,21,68,3,"Sunday, March 19, 2023",User,2023
3445,30,44,3,"Saturday, October 21, 2023",User,2023
3497,13,172,3,"Tuesday, May 9, 2023",User,2023
3500,29,2,3,"Thursday, January 5, 2023",User,2023
3516,34,92,3,"Tuesday, July 4, 2023",User,2023
3633,21,45,3,"Tuesday, December 5, 2023",User,2023
3634,25,77,3,"Wednesday, June 7, 2023",User,2023
3646,29,73,3,"Sunday, May 28, 2023",User,2023
3688,28,123,3,"Thursday, February 23, 2023",User,2023
3709,15,27,3,"Tuesday, May 9, 2023",User,2023
3753,25,122,3,"Thursday, May 11, 2023",User,2023
3756,21,45,3,"Wednesday, June 7, 2023",User,2023
3851,30,63,3,"Thursday, January 19, 2023",User,2023
3888,34,70,3,"Thursday, June 15, 2023",User,2023
3890,15,58,3,"Wednesday, September 6, 2023",User,2023
3896,34,153,3,"Sunday, November 19, 2023",User,2023
3907,30,124,3,"Saturday, June 10, 2023",User,2023
3920,15,12,3,"Sunday, March 19, 2023",User,2023
3941,13,17,3,"Wednesday, February 1, 2023",User,2023
3960,25,144,3,"Wednesday, December 20, 2023",User,2023
3964,15,70,3,"Monday, December 18, 2023",User,2023
4002,29,12,3,"Sunday, June 25, 2023",User,2023
4012,25,2,3,"Wednesday, March 22, 2023",User,2023
4077,30,191,3,"Monday, December 11, 2023",User,2023
4092,28,3,3,"Wednesday, April 26, 2023",User,2023
4113,25,41,3,"Friday, August 4, 2023",User,2023
4149,32,14,3,"Thursday, January 12, 2023",User,2023
4194,29,110,3,"Tuesday, October 17, 2023",User,2023
4212,13,160,3,"Wednesday, November 1, 2023",User,2023
4222,32,117,3,"Thursday, June 8, 2023",User,2023
4308,30,125,3,"Friday, August 25, 2023",User,2023
4405,25,92,3,"Saturday, April 15, 2023",User,2023
4481,25,49,3,"Sunday, August 13, 2023",User,2023
4489,28,103,3,"Saturday, October 28, 2023",User,2023
4504,30,174,3,"Thursday, July 13, 2023",User,2023
4514,13,49,3,"Thursday, December 14, 2023",User,2023
4552,32,50,3,"Sunday, May 14, 2023",User,2023
4567,29,66,3,"Monday, February 6, 2023",User,2023
4581,28,164,3,"Tuesday, December 12, 2023",User,2023
4653,28,192,3,"Tuesday, May 16, 2023",User,2023
4664,6,25,3,"Sunday, December 31, 2023",User,2023
4672,21,147,3,"Thursday, April 6, 2023",User,2023
4675,15,84,3,"Tuesday, February 21, 2023",User,2023
4676,34,82,3,"Saturday, February 4, 2023",User,2023
4679,30,192,3,"Monday, April 17, 2023",User,2023
4711,25,61,3,"Wednesday, September 13, 2023",User,2023
4713,32,48,3,"Sunday, October 1, 2023",User,2023
4724,32,125,3,"Wednesday, March 22, 2023",User,2023
4742,30,108,3,"Sunday, December 3, 2023",User,2023
42,15,48,3,"Wednesday, November 2, 2022",User,2022
58,30,160,3,"Sunday, February 27, 2022",User,2022
241,13,79,3,"Monday, August 29, 2022",User,2022
257,6,142,3,"Wednesday, September 14, 2022",User,2022
260,28,31,3,"Saturday, September 17, 2022",User,2022
297,32,49,3,"Monday, October 24, 2022",User,2022
355,21,150,3,"Wednesday, December 21, 2022",User,2022
418,32,25,3,"Wednesday, February 22, 2023",User,2023
526,32,173,3,"Friday, October 6, 2023",User,2023
588,28,183,3,"Wednesday, November 8, 2023",User,2023
698,28,92,3,"Wednesday, November 29, 2023",User,2023
721,30,38,3,"Friday, December 22, 2023",User,2023
821,32,179,3,"Sunday, March 31, 2024",User,2024
830,15,160,3,"Wednesday, September 4, 2024",User,2024
837,6,189,3,"Tuesday, April 16, 2024",User,2024
1087,6,199,3,"Sunday, December 22, 2024",User,2024
1092,14,32,3,"Friday, December 27, 2024",User,2024
1130,32,99,3,"Sunday, March 2, 2025",User,2025
1184,28,71,3,"Saturday, March 29, 2025",User,2025
1331,34,8,3,"Saturday, August 23, 2025",User,2025
1399,34,3,3,"Thursday, October 30, 2025",User,2025
1407,15,126,3,"Friday, July 11, 2025",User,2025
1427,15,137,3,"Thursday, November 27, 2025",User,2025
1451,28,12,3,"Sunday, December 21, 2025",User,2025
205,24,115,3,"Monday, March 27, 2023",User,2023
327,24,81,3,"Monday, May 29, 2023",User,2023
512,24,19,3,"Tuesday, June 27, 2023",User,2023
592,24,119,3,"Thursday, January 12, 2023",User,2023
820,24,95,3,"Wednesday, April 12, 2023",User,2023
1124,24,184,3,"Monday, March 20, 2023",User,2023
1508,24,108,3,"Wednesday, October 11, 2023",User,2023
1793,24,98,3,"Tuesday, August 29, 2023",User,2023
1969,24,39,3,"Thursday, March 23, 2023",User,2023
2473,24,26,3,"Tuesday, October 10, 2023",User,2023
2630,24,3,3,"Friday, December 15, 2023",User,2023
3675,24,148,3,"Thursday, March 23, 2023",User,2023
3752,24,152,3,"Monday, February 27, 2023",User,2023
3815,24,129,3,"Thursday, December 14, 2023",User,2023
4114,24,75,3,"Wednesday, June 21, 2023",User,2023
4502,24,187,3,"Monday, July 3, 2023",User,2023
4545,24,122,3,"Thursday, November 9, 2023",User,2023
5161,24,88,3,"Thursday, August 24, 2023",User,2023
5234,24,55,3,"Tuesday, February 7, 2023",User,2023
5301,24,26,3,"Tuesday, January 24, 2023",User,2023
5307,24,85,3,"Tuesday, August 15, 2023",User,2023
5332,24,8,3,"Saturday, September 2, 2023",User,2023
5587,24,122,3,"Wednesday, November 1, 2023",User,2023
5644,24,89,3,"Tuesday, August 1, 2023",User,2023
5645,24,133,3,"Friday, July 28, 2023",User,2023
5661,24,55,3,"Saturday, November 18, 2023",User,2023
6090,24,59,3,"Tuesday, December 19, 2023",User,2023
6203,24,48,3,"Wednesday, May 31, 2023",User,2023
6213,24,168,3,"Tuesday, December 19, 2023",User,2023
6350,24,155,3,"Sunday, January 29, 2023",User,2023
6799,24,53,3,"Tuesday, June 6, 2023",User,2023
7010,24,25,3,"Friday, January 20, 2023",User,2023
7604,24,172,3,"Monday, October 9, 2023",User,2023
7830,24,55,3,"Monday, July 10, 2023",User,2023
7959,24,133,3,"Wednesday, September 13, 2023",User,2023
8040,24,74,3,"Wednesday, December 27, 2023",User,2023
8376,24,137,3,"Sunday, October 15, 2023",User,2023
8743,24,136,3,"Sunday, June 18, 2023",User,2023
9030,24,127,3,"Monday, March 13, 2023",User,2023
9061,24,4,3,"Sunday, March 12, 2023",User,2023
9209,24,58,3,"Tuesday, December 12, 2023",User,2023
9270,24,8,3,"Friday, October 20, 2023",User,2023
9673,24,23,3,"Sunday, January 22, 2023",User,2023
9768,24,7,3,"Friday, July 28, 2023",User,2023
9999,24,141,3,"Friday, February 24, 2023",User,2023
205,24,115,3,"Wednesday, April 19, 2023",User,2023
327,24,81,3,"Monday, January 23, 2023",User,2023
512,24,18,3,"Thursday, April 20, 2023",User,2023
592,24,119,3,"Sunday, October 8, 2023",User,2023
820,24,95,3,"Monday, July 24, 2023",User,2023
1124,24,184,3,"Monday, March 20, 2023",User,2023
1508,24,108,3,"Wednesday, October 11, 2023",User,2023
1793,24,98,3,"Tuesday, August 29, 2023",User,2023
1969,24,39,3,"Thursday, March 23, 2023",User,2023
2473,24,26,3,"Tuesday, October 10, 2023",User,2023
2630,24,3,3,"Friday, December 15, 2023",User,2023
3675,24,148,3,"Thursday, March 23, 2023",User,2023
3752,24,152,3,"Monday, February 27, 2023",User,2023
3815,24,129,3,"Thursday, December 14, 2023",User,2023
4114,24,75,3,"Wednesday, June 21, 2023",User,2023
4502,24,187,3,"Monday, July 3, 2023",User,2023
4545,24,122,3,"Thursday, November 9, 2023",User,2023
284,24,92,3,"Thursday, November 10, 2022",User,2022
1434,24,140,3,"Saturday, April 12, 2025",User,2025
356,40,141,3,"Thursday, May 25, 2023",User,2023
389,40,79,3,"Monday, January 2, 2023",User,2023
476,40,10,3,"Wednesday, September 6, 2023",User,2023
554,40,18,3,"Friday, December 8, 2023",User,2023
862,40,156,3,"Tuesday, July 4, 2023",User,2023
1048,40,21,3,"Thursday, February 23, 2023",User,2023
1363,40,151,3,"Tuesday, February 7, 2023",User,2023
1451,40,79,3,"Sunday, July 30, 2023",User,2023
1693,40,8,3,"Tuesday, October 31, 2023",User,2023
1772,40,125,3,"Friday, April 21, 2023",User,2023
1847,40,72,3,"Thursday, August 10, 2023",User,2023
2487,40,73,3,"Saturday, January 28, 2023",User,2023
2638,40,162,3,"Friday, August 11, 2023",User,2023
2657,40,169,3,"Sunday, April 9, 2023",User,2023
3517,40,47,3,"Sunday, October 22, 2023",User,2023
3780,40,34,3,"Tuesday, October 17, 2023",User,2023
3925,40,86,3,"Thursday, January 12, 2023",User,2023
4246,40,121,3,"Sunday, July 9, 2023",User,2023
4332,40,126,3,"Monday, May 8, 2023",User,2023
4512,40,169,3,"Thursday, September 21, 2023",User,2023
4570,40,170,3,"Thursday, November 2, 2023",User,2023
4725,40,183,3,"Wednesday, July 5, 2023",User,2023
5116,40,167,3,"Wednesday, April 19, 2023",User,2023
5281,40,63,3,"Saturday, April 22, 2023",User,2023
5575,40,19,3,"Tuesday, November 7, 2023",User,2023
5811,40,2,3,"Tuesday, October 31, 2023",User,2023
6420,40,52,3,"Friday, October 27, 2023",User,2023
6499,40,58,3,"Sunday, April 30, 2023",User,2023
6681,40,137,3,"Monday, March 13, 2023",User,2023
6777,40,78,3,"Tuesday, February 28, 2023",User,2023
6894,40,15,3,"Wednesday, October 18, 2023",User,2023
7013,40,60,3,"Saturday, July 15, 2023",User,2023
7569,40,162,3,"Monday, September 18, 2023",User,2023
7648,40,16,3,"Tuesday, May 16, 2023",User,2023
7886,40,40,3,"Thursday, May 11, 2023",User,2023
7929,40,164,3,"Sunday, December 17, 2023",User,2023
8127,40,122,3,"Sunday, October 29, 2023",User,2023
8923,40,37,3,"Tuesday, September 5, 2023",User,2023
9072,40,156,3,"Wednesday, April 12, 2023",User,2023
9212,40,6,3,"Tuesday, May 9, 2023",User,2023
9316,40,85,3,"Tuesday, June 6, 2023",User,2023
9731,40,166,3,"Tuesday, January 31, 2023",User,2023
356,40,141,3,"Friday, March 3, 2023",User,2023
389,40,79,3,"Wednesday, April 19, 2023",User,2023
476,40,10,3,"Friday, August 18, 2023",User,2023
554,40,18,3,"Monday, June 19, 2023",User,2023
862,40,156,3,"Wednesday, September 20, 2023",User,2023
1048,40,21,3,"Thursday, February 23, 2023",User,2023
1363,40,151,3,"Tuesday, February 7, 2023",User,2023
1451,40,79,3,"Sunday, July 30, 2023",User,2023
1693,40,8,3,"Tuesday, October 31, 2023",User,2023
1772,40,125,3,"Friday, April 21, 2023",User,2023
1847,40,72,3,"Thursday, August 10, 2023",User,2023
2487,40,73,3,"Saturday, January 28, 2023",User,2023
2638,40,162,3,"Friday, August 11, 2023",User,2023
2657,40,169,3,"Sunday, April 9, 2023",User,2023
3517,40,47,3,"Sunday, October 22, 2023",User,2023
3780,40,34,3,"Tuesday, October 17, 2023",User,2023
3925,40,86,3,"Thursday, January 12, 2023",User,2023
4246,40,121,3,"Sunday, July 9, 2023",User,2023
4332,40,126,3,"Monday, May 8, 2023",User,2023
4512,40,169,3,"Thursday, September 21, 2023",User,2023
4570,40,170,3,"Thursday, November 2, 2023",User,2023
4725,40,183,3,"Wednesday, July 5, 2023",User,2023
141,10,192,3,"Monday, September 4, 2023",User,2023
884,10,2,3,"Monday, January 16, 2023",User,2023
1182,10,153,3,"Saturday, August 12, 2023",User,2023
1426,10,11,3,"Saturday, April 22, 2023",User,2023
1486,10,193,3,"Thursday, February 9, 2023",User,2023
1555,10,151,3,"Wednesday, February 8, 2023",User,2023
1692,10,84,3,"Saturday, June 3, 2023",User,2023
1719,10,108,3,"Wednesday, December 6, 2023",User,2023
1800,10,148,3,"Monday, July 24, 2023",User,2023
1813,10,12,3,"Sunday, December 10, 2023",User,2023
1879,10,164,3,"Sunday, March 12, 2023",User,2023
1998,10,186,3,"Thursday, July 6, 2023",User,2023
2696,10,90,3,"Saturday, February 25, 2023",User,2023
2889,10,132,3,"Sunday, January 8, 2023",User,2023
3087,10,177,3,"Saturday, June 17, 2023",User,2023
3737,10,113,3,"Monday, May 1, 2023",User,2023
3870,10,61,3,"Tuesday, July 11, 2023",User,2023
4419,10,112,3,"Saturday, September 30, 2023",User,2023
4423,10,120,3,"Sunday, August 6, 2023",User,2023
4673,10,176,3,"Saturday, November 11, 2023",User,2023
4847,10,58,3,"Sunday, January 8, 2023",User,2023
5119,10,191,3,"Wednesday, August 23, 2023",User,2023
5369,10,35,3,"Thursday, October 5, 2023",User,2023
5488,10,89,3,"Friday, September 29, 2023",User,2023
5543,10,200,3,"Monday, April 3, 2023",User,2023
5549,10,57,3,"Saturday, December 16, 2023",User,2023
5721,10,132,3,"Sunday, November 5, 2023",User,2023
5974,10,102,3,"Wednesday, April 26, 2023",User,2023
6565,10,180,3,"Monday, May 15, 2023",User,2023
6599,10,116,3,"Saturday, August 26, 2023",User,2023
6643,10,196,3,"Wednesday, June 28, 2023",User,2023
6710,10,124,3,"Sunday, May 21, 2023",User,2023
7191,10,119,3,"Wednesday, March 1, 2023",User,2023
7313,10,177,3,"Friday, February 17, 2023",User,2023
7393,10,82,3,"Tuesday, April 4, 2023",User,2023
7658,10,115,3,"Sunday, March 12, 2023",User,2023
7770,10,51,3,"Tuesday, February 28, 2023",User,2023
8031,10,172,3,"Sunday, May 21, 2023",User,2023
8205,10,153,3,"Wednesday, May 17, 2023",User,2023
9067,10,33,3,"Saturday, April 8, 2023",User,2023
9206,10,86,3,"Friday, July 21, 2023",User,2023
9238,10,92,3,"Wednesday, November 29, 2023",User,2023
9558,10,122,3,"Friday, August 4, 2023",User,2023
9641,10,137,3,"Friday, December 29, 2023",User,2023
141,10,192,3,"Thursday, January 19, 2023",User,2023
884,10,2,3,"Friday, October 20, 2023",User,2023
1182,10,153,3,"Saturday, August 12, 2023",User,2023
1426,10,11,3,"Saturday, April 22, 2023",User,2023
1486,10,193,3,"Thursday, February 9, 2023",User,2023
1555,10,151,3,"Wednesday, February 8, 2023",User,2023
1692,10,84,3,"Saturday, June 3, 2023",User,2023
1719,10,108,3,"Wednesday, December 6, 2023",User,2023
1800,10,148,3,"Monday, July 24, 2023",User,2023
1813,10,12,3,"Sunday, December 10, 2023",User,2023
1879,10,164,3,"Sunday, March 12, 2023",User,2023
1998,10,186,3,"Thursday, July 6, 2023",User,2023
2696,10,90,3,"Saturday, February 25, 2023",User,2023
2889,10,132,3,"Sunday, January 8, 2023",User,2023
3087,10,177,3,"Saturday, June 17, 2023",User,2023
3737,10,113,3,"Monday, May 1, 2023",User,2023
3870,10,61,3,"Tuesday, July 11, 2023",User,2023
4419,10,112,3,"Saturday, September 30, 2023",User,2023
4423,10,120,3,"Sunday, August 6, 2023",User,2023
4673,10,176,3,"Saturday, November 11, 2023",User,2023
1002,10,48,3,"Saturday, September 28, 2024",User,2024
10,8,76,3,"Wednesday, December 6, 2023",User,2023
128,8,26,3,"Sunday, August 20, 2023",User,2023
395,8,150,3,"Monday, February 27, 2023",User,2023
403,8,114,3,"Tuesday, August 29, 2023",User,2023
964,8,148,3,"Wednesday, June 14, 2023",User,2023
1023,8,145,3,"Thursday, February 16, 2023",User,2023
1825,8,174,3,"Saturday, November 11, 2023",User,2023
1829,8,167,3,"Wednesday, March 29, 2023",User,2023
2399,8,1,3,"Wednesday, September 20, 2023",User,2023
2770,8,102,3,"Thursday, April 20, 2023",User,2023
2782,8,156,3,"Monday, August 7, 2023",User,2023
3586,8,94,3,"Monday, May 22, 2023",User,2023
3637,8,154,3,"Thursday, October 19, 2023",User,2023
3722,8,164,3,"Saturday, November 11, 2023",User,2023
4262,8,14,3,"Tuesday, May 2, 2023",User,2023
4392,8,75,3,"Tuesday, January 3, 2023",User,2023
4602,8,184,3,"Sunday, August 27, 2023",User,2023
4702,8,158,3,"Tuesday, October 24, 2023",User,2023
4760,8,64,3,"Sunday, September 10, 2023",User,2023
4820,8,194,3,"Thursday, January 19, 2023",User,2023
4961,8,69,3,"Wednesday, March 22, 2023",User,2023
5304,8,165,3,"Thursday, March 9, 2023",User,2023
5586,8,97,3,"Sunday, July 16, 2023",User,2023
5789,8,137,3,"Wednesday, November 15, 2023",User,2023
6024,8,101,3,"Thursday, February 23, 2023",User,2023
6114,8,146,3,"Tuesday, January 3, 2023",User,2023
6356,8,174,3,"Wednesday, August 9, 2023",User,2023
6457,8,28,3,"Saturday, March 4, 2023",User,2023
6516,8,197,3,"Friday, May 19, 2023",User,2023
7165,8,54,3,"Wednesday, July 19, 2023",User,2023
7355,8,139,3,"Monday, September 18, 2023",User,2023
7409,8,23,3,"Sunday, December 31, 2023",User,2023
7606,8,129,3,"Tuesday, June 6, 2023",User,2023
7945,8,8,3,"Thursday, June 29, 2023",User,2023
8086,8,146,3,"Thursday, August 10, 2023",User,2023
8176,8,55,3,"Saturday, December 23, 2023",User,2023
8260,8,160,3,"Friday, March 31, 2023",User,2023
8454,8,60,3,"Monday, December 18, 2023",User,2023
8572,8,29,3,"Thursday, January 19, 2023",User,2023
8809,8,106,3,"Monday, June 19, 2023",User,2023
9175,8,71,3,"Wednesday, May 17, 2023",User,2023
9334,8,160,3,"Saturday, March 4, 2023",User,2023
9487,8,42,3,"Sunday, July 9, 2023",User,2023
9563,8,15,3,"Friday, June 9, 2023",User,2023
9587,8,8,3,"Wednesday, May 10, 2023",User,2023
9737,8,119,3,"Sunday, November 26, 2023",User,2023
9924,8,22,3,"Monday, September 4, 2023",User,2023
9996,8,162,3,"Thursday, August 31, 2023",User,2023
128,8,26,3,"Sunday, June 2, 2024",User,2024
395,8,150,3,"Thursday, April 27, 2023",User,2023
403,8,114,3,"Tuesday, September 5, 2023",User,2023
964,8,148,3,"Monday, September 2, 2024",User,2024
1023,8,145,3,"Thursday, February 16, 2023",User,2023
1825,8,174,3,"Saturday, November 11, 2023",User,2023
1829,8,167,3,"Wednesday, March 29, 2023",User,2023
2399,8,1,3,"Wednesday, September 20, 2023",User,2023
2770,8,102,3,"Thursday, April 20, 2023",User,2023
2782,8,156,3,"Monday, August 7, 2023",User,2023
3586,8,94,3,"Monday, May 22, 2023",User,2023
3637,8,154,3,"Thursday, October 19, 2023",User,2023
3722,8,164,3,"Saturday, November 11, 2023",User,2023
4262,8,14,3,"Tuesday, May 2, 2023",User,2023
4392,8,75,3,"Tuesday, January 3, 2023",User,2023
4602,8,184,3,"Sunday, August 27, 2023",User,2023
4702,8,158,3,"Tuesday, October 24, 2023",User,2023
4760,8,64,3,"Sunday, September 10, 2023",User,2023
1041,8,147,3,"Tuesday, June 11, 2024",User,2024
722,39,21,3,"Saturday, April 15, 2023",User,2023
900,39,22,3,"Sunday, April 30, 2023",User,2023
923,39,52,3,"Sunday, November 5, 2023",User,2023
1039,39,85,3,"Saturday, July 29, 2023",User,2023
1701,39,118,3,"Sunday, April 23, 2023",User,2023
1744,39,89,3,"Monday, April 10, 2023",User,2023
1871,39,131,3,"Thursday, June 1, 2023",User,2023
1875,39,16,3,"Thursday, August 17, 2023",User,2023
1954,39,138,3,"Monday, April 24, 2023",User,2023
2040,39,189,3,"Saturday, July 29, 2023",User,2023
2288,39,119,3,"Monday, November 6, 2023",User,2023
2503,39,69,3,"Sunday, August 6, 2023",User,2023
2654,39,115,3,"Thursday, August 31, 2023",User,2023
2756,39,6,3,"Saturday, January 28, 2023",User,2023
2991,39,113,3,"Tuesday, February 7, 2023",User,2023
3014,39,85,3,"Thursday, March 16, 2023",User,2023
3540,39,153,3,"Wednesday, September 13, 2023",User,2023
3849,39,38,3,"Monday, June 19, 2023",User,2023
3864,39,1,3,"Wednesday, July 5, 2023",User,2023
3901,39,100,3,"Thursday, April 6, 2023",User,2023
4047,39,47,3,"Tuesday, May 2, 2023",User,2023
4523,39,173,3,"Wednesday, April 12, 2023",User,2023
4707,39,159,3,"Tuesday, September 19, 2023",User,2023
4779,39,43,3,"Tuesday, February 7, 2023",User,2023
5209,39,59,3,"Monday, November 20, 2023",User,2023
5392,39,157,3,"Wednesday, February 8, 2023",User,2023
5463,39,42,3,"Wednesday, October 11, 2023",User,2023
5518,39,4,3,"Saturday, March 11, 2023",User,2023
6056,39,199,3,"Friday, February 3, 2023",User,2023
6489,39,197,3,"Saturday, July 8, 2023",User,2023
6932,39,95,3,"Tuesday, November 7, 2023",User,2023
6979,39,127,3,"Tuesday, June 27, 2023",User,2023
7698,39,126,3,"Wednesday, June 14, 2023",User,2023
8017,39,1,3,"Friday, November 24, 2023",User,2023
8426,39,199,3,"Monday, October 30, 2023",User,2023
8683,39,77,3,"Monday, February 20, 2023",User,2023
8812,39,133,3,"Thursday, November 16, 2023",User,2023
9004,39,87,3,"Sunday, September 24, 2023",User,2023
9134,39,115,3,"Saturday, June 24, 2023",User,2023
9792,39,44,3,"Thursday, March 23, 2023",User,2023
9855,39,160,3,"Tuesday, April 25, 2023",User,2023
9984,39,41,3,"Thursday, January 26, 2023",User,2023
722,39,21,3,"Thursday, August 3, 2023",User,2023
900,39,22,3,"Monday, November 13, 2023",User,2023
923,39,52,3,"Thursday, December 14, 2023",User,2023
1039,39,85,3,"Saturday, July 29, 2023",User,2023
1701,39,118,3,"Sunday, April 23, 2023",User,2023
1744,39,89,3,"Monday, April 10, 2023",User,2023
1871,39,131,3,"Thursday, June 1, 2023",User,2023
1875,39,16,3,"Thursday, August 17, 2023",User,2023
1954,39,138,3,"Monday, April 24, 2023",User,2023
2040,39,189,3,"Saturday, July 29, 2023",User,2023
2288,39,119,3,"Monday, November 6, 2023",User,2023
2503,39,69,3,"Sunday, August 6, 2023",User,2023
2654,39,115,3,"Thursday, August 31, 2023",User,2023
2756,39,6,3,"Saturday, January 28, 2023",User,2023
2991,39,113,3,"Tuesday, February 7, 2023",User,2023
3014,39,85,3,"Thursday, March 16, 2023",User,2023
3540,39,153,3,"Wednesday, September 13, 2023",User,2023
3849,39,38,3,"Monday, June 19, 2023",User,2023
3864,39,1,3,"Wednesday, July 5, 2023",User,2023
3901,39,100,3,"Thursday, April 6, 2023",User,2023
4047,39,47,3,"Tuesday, May 2, 2023",User,2023
4523,39,173,3,"Wednesday, April 12, 2023",User,2023
4707,39,159,3,"Tuesday, September 19, 2023",User,2023
4779,39,43,3,"Tuesday, February 7, 2023",User,2023
919,39,150,3,"Sunday, July 7, 2024",User,2024
213,9,182,3,"Monday, June 5, 2023",User,2023
266,9,4,3,"Tuesday, October 24, 2023",User,2023
619,9,165,3,"Saturday, December 30, 2023",User,2023
781,9,15,3,"Monday, May 1, 2023",User,2023
1000,9,153,3,"Sunday, October 8, 2023",User,2023
1315,9,66,3,"Saturday, February 18, 2023",User,2023
1617,9,123,3,"Sunday, August 13, 2023",User,2023
1629,9,179,3,"Sunday, March 26, 2023",User,2023
2577,9,101,3,"Saturday, February 25, 2023",User,2023
2624,9,159,3,"Tuesday, May 9, 2023",User,2023
2737,9,70,3,"Thursday, May 25, 2023",User,2023
2917,9,114,3,"Wednesday, January 18, 2023",User,2023
3285,9,198,3,"Tuesday, February 21, 2023",User,2023
3310,9,123,3,"Thursday, October 19, 2023",User,2023
3777,9,96,3,"Sunday, July 9, 2023",User,2023
3947,9,37,3,"Sunday, July 9, 2023",User,2023
4015,9,24,3,"Thursday, February 23, 2023",User,2023
4064,9,140,3,"Saturday, January 21, 2023",User,2023
4126,9,175,3,"Sunday, June 11, 2023",User,2023
4507,9,164,3,"Monday, March 27, 2023",User,2023
4703,9,173,3,"Wednesday, November 15, 2023",User,2023
4706,9,70,3,"Sunday, August 6, 2023",User,2023
4876,9,32,3,"Sunday, June 18, 2023",User,2023
5091,9,198,3,"Thursday, February 23, 2023",User,2023
5344,9,140,3,"Saturday, December 23, 2023",User,2023
5349,9,72,3,"Thursday, March 23, 2023",User,2023
5366,9,5,3,"Monday, April 3, 2023",User,2023
5375,9,95,3,"Sunday, June 18, 2023",User,2023
5439,9,62,3,"Sunday, August 13, 2023",User,2023
5487,9,67,3,"Sunday, September 24, 2023",User,2023
5861,9,124,3,"Saturday, September 9, 2023",User,2023
7020,9,164,3,"Wednesday, December 13, 2023",User,2023
7068,9,73,3,"Sunday, July 2, 2023",User,2023
7164,9,22,3,"Friday, November 24, 2023",User,2023
7185,9,149,3,"Sunday, August 13, 2023",User,2023
7207,9,199,3,"Sunday, November 5, 2023",User,2023
7709,9,51,3,"Saturday, June 10, 2023",User,2023
7874,9,177,3,"Tuesday, June 6, 2023",User,2023
8068,9,111,3,"Thursday, April 6, 2023",User,2023
8394,9,114,3,"Saturday, May 6, 2023",User,2023
9057,9,78,3,"Wednesday, January 25, 2023",User,2023
9289,9,143,3,"Wednesday, July 5, 2023",User,2023
9291,9,159,3,"Tuesday, May 23, 2023",User,2023
9636,9,43,3,"Thursday, June 15, 2023",User,2023
9929,9,187,3,"Thursday, January 5, 2023",User,2023
213,9,182,3,"Thursday, January 5, 2023",User,2023
266,9,4,3,"Thursday, July 13, 2023",User,2023
619,9,165,3,"Monday, September 18, 2023",User,2023
781,9,15,3,"Tuesday, May 30, 2023",User,2023
1000,9,153,3,"Thursday, January 4, 2024",User,2024
1315,9,66,3,"Saturday, February 18, 2023",User,2023
1617,9,123,3,"Sunday, August 13, 2023",User,2023
1629,9,179,3,"Sunday, March 26, 2023",User,2023
2577,9,101,3,"Saturday, February 25, 2023",User,2023
2624,9,159,3,"Tuesday, May 9, 2023",User,2023
2737,9,70,3,"Thursday, May 25, 2023",User,2023
2917,9,114,3,"Wednesday, January 18, 2023",User,2023
3285,9,198,3,"Tuesday, February 21, 2023",User,2023
3310,9,123,3,"Thursday, October 19, 2023",User,2023
3777,9,96,3,"Sunday, July 9, 2023",User,2023
3947,9,37,3,"Sunday, July 9, 2023",User,2023
4015,9,24,3,"Thursday, February 23, 2023",User,2023
4064,9,140,3,"Saturday, January 21, 2023",User,2023
4126,9,175,3,"Sunday, June 11, 2023",User,2023
4507,9,164,3,"Monday, March 27, 2023",User,2023
4703,9,173,3,"Wednesday, November 15, 2023",User,2023
4706,9,70,3,"Sunday, August 6, 2023",User,2023
1174,9,167,3,"Wednesday, March 19, 2025",User,2025
34,23,90,3,"Sunday, May 14, 2023",User,2023
160,23,170,3,"Saturday, November 11, 2023",User,2023
815,23,84,3,"Sunday, August 27, 2023",User,2023
954,23,172,3,"Sunday, August 13, 2023",User,2023
1060,23,120,3,"Thursday, March 16, 2023",User,2023
1203,23,184,3,"Wednesday, November 8, 2023",User,2023
1400,23,61,3,"Wednesday, July 26, 2023",User,2023
1942,23,194,3,"Tuesday, May 23, 2023",User,2023
2579,23,152,3,"Monday, November 6, 2023",User,2023
2851,23,185,3,"Sunday, July 30, 2023",User,2023
3194,23,54,3,"Monday, September 4, 2023",User,2023
3210,23,121,3,"Saturday, June 17, 2023",User,2023
3380,23,76,3,"Friday, April 7, 2023",User,2023
3755,23,3,3,"Thursday, May 11, 2023",User,2023
4007,23,56,3,"Saturday, January 21, 2023",User,2023
4040,23,155,3,"Saturday, December 30, 2023",User,2023
4368,23,99,3,"Tuesday, May 2, 2023",User,2023
4515,23,183,3,"Thursday, March 2, 2023",User,2023
4532,23,92,3,"Thursday, August 3, 2023",User,2023
4562,23,105,3,"Sunday, June 18, 2023",User,2023
4877,23,13,3,"Thursday, November 2, 2023",User,2023
4879,23,115,3,"Thursday, April 20, 2023",User,2023
4896,23,115,3,"Friday, August 4, 2023",User,2023
4929,23,187,3,"Friday, March 3, 2023",User,2023
5081,23,154,3,"Sunday, December 31, 2023",User,2023
5104,23,167,3,"Wednesday, September 20, 2023",User,2023
5593,23,156,3,"Wednesday, November 8, 2023",User,2023
5729,23,167,3,"Saturday, June 10, 2023",User,2023
6045,23,153,3,"Monday, April 3, 2023",User,2023
6569,23,197,3,"Wednesday, March 1, 2023",User,2023
6725,23,17,3,"Thursday, December 7, 2023",User,2023
6732,23,82,3,"Monday, April 3, 2023",User,2023
7359,23,107,3,"Tuesday, September 5, 2023",User,2023
7406,23,129,3,"Saturday, April 1, 2023",User,2023
7421,23,68,3,"Tuesday, August 1, 2023",User,2023
7481,23,195,3,"Wednesday, September 13, 2023",User,2023
7582,23,94,3,"Friday, March 3, 2023",User,2023
7671,23,49,3,"Wednesday, July 26, 2023",User,2023
7960,23,81,3,"Wednesday, August 23, 2023",User,2023
8246,23,42,3,"Sunday, September 17, 2023",User,2023
8337,23,150,3,"Wednesday, June 7, 2023",User,2023
8463,23,178,3,"Thursday, January 12, 2023",User,2023
8907,23,56,3,"Friday, March 3, 2023",User,2023
9101,23,16,3,"Monday, February 27, 2023",User,2023
9595,23,170,3,"Saturday, August 19, 2023",User,2023
9690,23,17,3,"Tuesday, April 18, 2023",User,2023
9751,23,72,3,"Saturday, July 8, 2023",User,2023
9935,23,22,3,"Wednesday, December 20, 2023",User,2023
34,23,130,3,"Wednesday, September 27, 2023",User,2023
160,23,170,3,"Wednesday, February 15, 2023",User,2023
815,23,84,3,"Monday, July 17, 2023",User,2023
954,23,172,3,"Friday, January 26, 2024",User,2024
1060,23,120,3,"Thursday, March 16, 2023",User,2023
1203,23,184,3,"Wednesday, November 8, 2023",User,2023
1400,23,61,3,"Wednesday, July 26, 2023",User,2023
1942,23,194,3,"Tuesday, May 23, 2023",User,2023
2579,23,152,3,"Monday, November 6, 2023",User,2023
2851,23,185,3,"Sunday, July 30, 2023",User,2023
3194,23,54,3,"Monday, September 4, 2023",User,2023
3210,23,121,3,"Saturday, June 17, 2023",User,2023
3380,23,76,3,"Friday, April 7, 2023",User,2023
3755,23,3,3,"Thursday, May 11, 2023",User,2023
4007,23,56,3,"Saturday, January 21, 2023",User,2023
4040,23,155,3,"Saturday, December 30, 2023",User,2023
4368,23,99,3,"Tuesday, May 2, 2023",User,2023
4515,23,183,3,"Thursday, March 2, 2023",User,2023
4532,23,92,3,"Thursday, August 3, 2023",User,2023
4562,23,105,3,"Sunday, June 18, 2023",User,2023
1062,23,40,3,"Wednesday, November 27, 2024",User,2024
88,19,134,3,"Sunday, November 5, 2023",User,2023
204,19,67,3,"Tuesday, August 15, 2023",User,2023
229,19,61,3,"Tuesday, July 18, 2023",User,2023
256,19,185,3,"Tuesday, March 28, 2023",User,2023
324,19,190,3,"Saturday, February 4, 2023",User,2023
739,19,184,3,"Thursday, April 6, 2023",User,2023
774,19,156,3,"Sunday, April 9, 2023",User,2023
1131,19,101,3,"Saturday, September 30, 2023",User,2023
1188,19,130,3,"Sunday, July 2, 2023",User,2023
1195,19,48,3,"Friday, June 16, 2023",User,2023
1344,19,17,3,"Friday, April 7, 2023",User,2023
1431,19,134,3,"Friday, February 3, 2023",User,2023
1435,19,28,3,"Tuesday, May 23, 2023",User,2023
2081,19,124,3,"Tuesday, June 13, 2023",User,2023
2486,19,55,3,"Tuesday, August 1, 2023",User,2023
2517,19,81,3,"Wednesday, February 1, 2023",User,2023
2660,19,73,3,"Friday, May 19, 2023",User,2023
2790,19,25,3,"Thursday, February 9, 2023",User,2023
3165,19,82,3,"Tuesday, July 4, 2023",User,2023
3218,19,1,3,"Tuesday, September 26, 2023",User,2023
3263,19,51,3,"Tuesday, April 4, 2023",User,2023
3274,19,37,3,"Saturday, December 23, 2023",User,2023
4328,19,120,3,"Thursday, January 12, 2023",User,2023
4692,19,134,3,"Monday, July 31, 2023",User,2023
5008,19,166,3,"Tuesday, July 18, 2023",User,2023
5050,19,110,3,"Thursday, May 4, 2023",User,2023
5264,19,113,3,"Friday, April 14, 2023",User,2023
5416,19,65,3,"Thursday, April 20, 2023",User,2023
5490,19,54,3,"Sunday, October 22, 2023",User,2023
5501,19,91,3,"Thursday, October 26, 2023",User,2023
5697,19,74,3,"Saturday, May 27, 2023",User,2023
5957,19,28,3,"Wednesday, July 19, 2023",User,2023
6049,19,4,3,"Friday, April 21, 2023",User,2023
6072,19,163,3,"Sunday, November 19, 2023",User,2023
6560,19,198,3,"Thursday, March 23, 2023",User,2023
6589,19,32,3,"Wednesday, January 11, 2023",User,2023
7044,19,149,3,"Wednesday, October 11, 2023",User,2023
7728,19,3,3,"Thursday, October 5, 2023",User,2023
8180,19,34,3,"Friday, June 30, 2023",User,2023
9017,19,121,3,"Tuesday, November 14, 2023",User,2023
9420,19,122,3,"Sunday, November 5, 2023",User,2023
9527,19,190,3,"Saturday, August 12, 2023",User,2023
9894,19,200,3,"Saturday, May 20, 2023",User,2023
88,19,134,3,"Tuesday, December 12, 2023",User,2023
204,19,67,3,"Tuesday, April 18, 2023",User,2023
229,19,61,3,"Tuesday, May 23, 2023",User,2023
256,19,185,3,"Thursday, June 29, 2023",User,2023
324,19,190,3,"Wednesday, January 18, 2023",User,2023
739,19,184,3,"Friday, March 31, 2023",User,2023
774,19,156,3,"Friday, May 19, 2023",User,2023
1131,19,101,3,"Saturday, September 30, 2023",User,2023
1188,19,130,3,"Sunday, July 2, 2023",User,2023
1195,19,48,3,"Friday, June 16, 2023",User,2023
1344,19,17,3,"Friday, April 7, 2023",User,2023
1431,19,134,3,"Friday, February 3, 2023",User,2023
1435,19,28,3,"Tuesday, May 23, 2023",User,2023
2081,19,124,3,"Tuesday, June 13, 2023",User,2023
2486,19,55,3,"Tuesday, August 1, 2023",User,2023
2517,19,81,3,"Wednesday, February 1, 2023",User,2023
2660,19,73,3,"Friday, May 19, 2023",User,2023
2790,19,25,3,"Thursday, February 9, 2023",User,2023
3165,19,82,3,"Tuesday, July 4, 2023",User,2023
3218,19,1,3,"Tuesday, September 26, 2023",User,2023
3263,19,51,3,"Tuesday, April 4, 2023",User,2023
3274,19,37,3,"Saturday, December 23, 2023",User,2023
4328,19,120,3,"Thursday, January 12, 2023",User,2023
4692,19,134,3,"Monday, July 31, 2023",User,2023
211,19,78,3,"Saturday, July 30, 2022",User,2022
699,19,86,3,"Thursday, November 30, 2023",User,2023
152,33,42,3,"Saturday, July 8, 2023",User,2023
323,33,173,3,"Thursday, March 16, 2023",User,2023
565,33,83,3,"Wednesday, October 18, 2023",User,2023
687,33,192,3,"Sunday, April 16, 2023",User,2023
1246,33,127,3,"Wednesday, October 11, 2023",User,2023
1325,33,194,3,"Monday, March 13, 2023",User,2023
1502,33,64,3,"Monday, October 2, 2023",User,2023
1949,33,153,3,"Sunday, October 8, 2023",User,2023
2133,33,60,3,"Saturday, January 21, 2023",User,2023
2178,33,16,3,"Sunday, March 19, 2023",User,2023
2217,33,109,3,"Friday, October 6, 2023",User,2023
2301,33,44,3,"Monday, March 13, 2023",User,2023
2347,33,132,3,"Sunday, December 17, 2023",User,2023
2742,33,76,3,"Monday, July 31, 2023",User,2023
3044,33,183,3,"Tuesday, December 19, 2023",User,2023
3125,33,63,3,"Monday, February 6, 2023",User,2023
3235,33,182,3,"Wednesday, September 20, 2023",User,2023
3491,33,117,3,"Wednesday, June 14, 2023",User,2023
3526,33,176,3,"Thursday, June 15, 2023",User,2023
3598,33,108,3,"Sunday, January 15, 2023",User,2023
3744,33,58,3,"Tuesday, June 6, 2023",User,2023
4053,33,90,3,"Saturday, May 6, 2023",User,2023
4079,33,34,3,"Tuesday, December 12, 2023",User,2023
4263,33,33,3,"Friday, July 28, 2023",User,2023
4996,33,62,3,"Monday, December 25, 2023",User,2023
5206,33,68,3,"Saturday, January 21, 2023",User,2023
5391,33,141,3,"Sunday, July 2, 2023",User,2023
5533,33,108,3,"Sunday, January 1, 2023",User,2023
6337,33,48,3,"Thursday, December 14, 2023",User,2023
6439,33,97,3,"Thursday, October 12, 2023",User,2023
6539,33,95,3,"Wednesday, May 24, 2023",User,2023
6768,33,42,3,"Tuesday, September 19, 2023",User,2023
6907,33,135,3,"Thursday, April 13, 2023",User,2023
7073,33,66,3,"Tuesday, February 28, 2023",User,2023
8012,33,160,3,"Sunday, November 5, 2023",User,2023
8270,33,168,3,"Wednesday, May 31, 2023",User,2023
8301,33,30,3,"Monday, October 23, 2023",User,2023
8357,33,177,3,"Sunday, March 19, 2023",User,2023
8717,33,155,3,"Saturday, January 14, 2023",User,2023
8900,33,184,3,"Thursday, July 27, 2023",User,2023
9100,33,124,3,"Sunday, January 29, 2023",User,2023
9317,33,133,3,"Friday, May 26, 2023",User,2023
9532,33,137,3,"Thursday, September 14, 2023",User,2023
9750,33,125,3,"Sunday, October 8, 2023",User,2023
152,33,42,3,"Thursday, March 2, 2023",User,2023
323,33,173,3,"Tuesday, January 17, 2023",User,2023
565,33,83,3,"Friday, April 7, 2023",User,2023
687,33,192,3,"Wednesday, January 18, 2023",User,2023
1246,33,127,3,"Wednesday, October 11, 2023",User,2023
1325,33,194,3,"Monday, March 13, 2023",User,2023
1502,33,64,3,"Monday, October 2, 2023",User,2023
1949,33,153,3,"Sunday, October 8, 2023",User,2023
2133,33,60,3,"Saturday, January 21, 2023",User,2023
2178,33,16,3,"Sunday, March 19, 2023",User,2023
2217,33,109,3,"Friday, October 6, 2023",User,2023
2301,33,44,3,"Monday, March 13, 2023",User,2023
2347,33,132,3,"Sunday, December 17, 2023",User,2023
2742,33,76,3,"Monday, July 31, 2023",User,2023
3044,33,183,3,"Tuesday, December 19, 2023",User,2023
3125,33,63,3,"Monday, February 6, 2023",User,2023
3235,33,182,3,"Wednesday, September 20, 2023",User,2023
3491,33,117,3,"Wednesday, June 14, 2023",User,2023
3526,33,176,3,"Thursday, June 15, 2023",User,2023
3598,33,108,3,"Sunday, January 15, 2023",User,2023
3744,33,58,3,"Tuesday, June 6, 2023",User,2023
4053,33,90,3,"Saturday, May 6, 2023",User,2023
4079,33,34,3,"Tuesday, December 12, 2023",User,2023
4263,33,33,3,"Friday, July 28, 2023",User,2023
758,33,164,3,"Sunday, January 28, 2024",User,2024
1042,33,160,3,"Thursday, July 11, 2024",User,2024
207,22,58,3,"Monday, October 16, 2023",User,2023
386,22,104,3,"Tuesday, April 11, 2023",User,2023
387,22,168,3,"Sunday, October 8, 2023",User,2023
769,22,12,3,"Friday, February 3, 2023",User,2023
948,22,91,3,"Wednesday, November 29, 2023",User,2023
1155,22,112,3,"Saturday, August 26, 2023",User,2023
1399,22,45,3,"Monday, December 4, 2023",User,2023
1449,22,17,3,"Saturday, January 21, 2023",User,2023
1709,22,119,3,"Friday, August 11, 2023",User,2023
1965,22,27,3,"Sunday, August 27, 2023",User,2023
2138,22,178,3,"Wednesday, October 18, 2023",User,2023
2255,22,119,3,"Thursday, July 6, 2023",User,2023
2357,22,192,3,"Friday, January 20, 2023",User,2023
2776,22,132,3,"Monday, May 1, 2023",User,2023
2857,22,108,3,"Sunday, April 2, 2023",User,2023
3055,22,83,3,"Friday, January 6, 2023",User,2023
3351,22,9,3,"Sunday, July 9, 2023",User,2023
3404,22,46,3,"Friday, August 18, 2023",User,2023
3433,22,66,3,"Thursday, August 17, 2023",User,2023
3471,22,139,3,"Monday, September 25, 2023",User,2023
3687,22,19,3,"Tuesday, July 11, 2023",User,2023
4307,22,111,3,"Sunday, December 10, 2023",User,2023
4524,22,32,3,"Wednesday, July 19, 2023",User,2023
4795,22,165,3,"Friday, November 10, 2023",User,2023
5017,22,94,3,"Monday, January 16, 2023",User,2023
5019,22,162,3,"Thursday, June 22, 2023",User,2023
5510,22,127,3,"Sunday, July 9, 2023",User,2023
5629,22,67,3,"Wednesday, May 10, 2023",User,2023
5853,22,101,3,"Thursday, June 1, 2023",User,2023
6184,22,1,3,"Monday, November 6, 2023",User,2023
6468,22,116,3,"Tuesday, October 10, 2023",User,2023
6652,22,84,3,"Friday, March 3, 2023",User,2023
6850,22,193,3,"Saturday, June 10, 2023",User,2023
6966,22,10,3,"Saturday, September 16, 2023",User,2023
7329,22,105,3,"Tuesday, September 5, 2023",User,2023
7647,22,189,3,"Monday, September 11, 2023",User,2023
8235,22,70,3,"Wednesday, December 13, 2023",User,2023
8306,22,37,3,"Monday, February 20, 2023",User,2023
8445,22,138,3,"Saturday, June 10, 2023",User,2023
9090,22,190,3,"Tuesday, June 20, 2023",User,2023
9517,22,14,3,"Sunday, March 5, 2023",User,2023
9649,22,57,3,"Wednesday, January 25, 2023",User,2023
9738,22,79,3,"Monday, December 4, 2023",User,2023
9893,22,97,3,"Saturday, April 15, 2023",User,2023
9906,22,15,3,"Sunday, February 19, 2023",User,2023
9973,22,151,3,"Wednesday, March 29, 2023",User,2023
207,22,58,3,"Friday, April 21, 2023",User,2023
386,22,104,3,"Friday, April 14, 2023",User,2023
387,22,168,3,"Monday, April 17, 2023",User,2023
769,22,12,3,"Tuesday, December 5, 2023",User,2023
948,22,91,3,"Thursday, January 18, 2024",User,2024
1155,22,112,3,"Saturday, August 26, 2023",User,2023
1399,22,45,3,"Monday, December 4, 2023",User,2023
1449,22,17,3,"Saturday, January 21, 2023",User,2023
1709,22,119,3,"Friday, August 11, 2023",User,2023
1965,22,27,3,"Sunday, August 27, 2023",User,2023
2138,22,178,3,"Wednesday, October 18, 2023",User,2023
2255,22,119,3,"Thursday, July 6, 2023",User,2023
2357,22,192,3,"Friday, January 20, 2023",User,2023
2776,22,132,3,"Monday, May 1, 2023",User,2023
2857,22,108,3,"Sunday, April 2, 2023",User,2023
3055,22,83,3,"Friday, January 6, 2023",User,2023
3351,22,9,3,"Sunday, July 9, 2023",User,2023
3404,22,46,3,"Friday, August 18, 2023",User,2023
3433,22,66,3,"Thursday, August 17, 2023",User,2023
3471,22,139,3,"Monday, September 25, 2023",User,2023
3687,22,19,3,"Tuesday, July 11, 2023",User,2023
4307,22,111,3,"Sunday, December 10, 2023",User,2023
4524,22,32,3,"Wednesday, July 19, 2023",User,2023
4795,22,165,3,"Friday, November 10, 2023",User,2023
1409,22,176,3,"Thursday, September 11, 2025",User,2025
29,36,49,3,"Monday, November 27, 2023",User,2023
111,36,146,3,"Wednesday, July 5, 2023",User,2023
440,36,17,3,"Sunday, August 27, 2023",User,2023
641,36,119,3,"Saturday, April 8, 2023",User,2023
978,36,6,3,"Thursday, July 27, 2023",User,2023
1268,36,18,3,"Wednesday, August 16, 2023",User,2023
1427,36,129,3,"Friday, July 14, 2023",User,2023
2332,36,166,3,"Tuesday, February 21, 2023",User,2023
2426,36,165,3,"Tuesday, August 29, 2023",User,2023
2908,36,193,3,"Thursday, May 4, 2023",User,2023
3018,36,81,3,"Tuesday, October 10, 2023",User,2023
3119,36,74,3,"Sunday, November 26, 2023",User,2023
3124,36,162,3,"Thursday, March 16, 2023",User,2023
3406,36,16,3,"Monday, October 16, 2023",User,2023
3489,36,25,3,"Saturday, September 16, 2023",User,2023
3561,36,164,3,"Thursday, July 6, 2023",User,2023
3677,36,187,3,"Monday, June 5, 2023",User,2023
3847,36,92,3,"Thursday, April 13, 2023",User,2023
4102,36,129,3,"Monday, January 16, 2023",User,2023
4338,36,80,3,"Monday, January 30, 2023",User,2023
4632,36,10,3,"Wednesday, January 4, 2023",User,2023
4694,36,39,3,"Thursday, November 30, 2023",User,2023
4722,36,12,3,"Tuesday, July 18, 2023",User,2023
4802,36,131,3,"Monday, June 5, 2023",User,2023
5058,36,59,3,"Tuesday, May 30, 2023",User,2023
5140,36,33,3,"Monday, May 1, 2023",User,2023
5522,36,17,3,"Sunday, October 15, 2023",User,2023
6047,36,73,3,"Thursday, January 12, 2023",User,2023
6386,36,137,3,"Tuesday, November 21, 2023",User,2023
6389,36,85,3,"Thursday, July 6, 2023",User,2023
6553,36,91,3,"Sunday, June 18, 2023",User,2023
6831,36,76,3,"Wednesday, September 20, 2023",User,2023
7100,36,81,3,"Monday, August 21, 2023",User,2023
7241,36,117,3,"Friday, June 2, 2023",User,2023
7338,36,69,3,"Sunday, August 13, 2023",User,2023
7681,36,94,3,"Sunday, January 8, 2023",User,2023
7807,36,165,3,"Monday, November 20, 2023",User,2023
8116,36,135,3,"Wednesday, April 26, 2023",User,2023
8201,36,59,3,"Thursday, February 16, 2023",User,2023
8440,36,194,3,"Sunday, September 17, 2023",User,2023
8560,36,94,3,"Monday, December 11, 2023",User,2023
8671,36,97,3,"Sunday, September 3, 2023",User,2023
9271,36,117,3,"Saturday, May 20, 2023",User,2023
29,36,130,3,"Wednesday, September 20, 2023",User,2023
111,36,146,3,"Sunday, December 1, 2024",User,2024
440,36,17,3,"Thursday, June 29, 2023",User,2023
641,36,119,3,"Wednesday, October 18, 2023",User,2023
978,36,6,3,"Thursday, February 29, 2024",User,2024
1268,36,18,3,"Wednesday, August 16, 2023",User,2023
1427,36,129,3,"Friday, July 14, 2023",User,2023
2332,36,166,3,"Tuesday, February 21, 2023",User,2023
2426,36,165,3,"Tuesday, August 29, 2023",User,2023
2908,36,193,3,"Thursday, May 4, 2023",User,2023
3018,36,81,3,"Tuesday, October 10, 2023",User,2023
3119,36,74,3,"Sunday, November 26, 2023",User,2023
3124,36,162,3,"Thursday, March 16, 2023",User,2023
3406,36,16,3,"Monday, October 16, 2023",User,2023
3489,36,25,3,"Saturday, September 16, 2023",User,2023
3561,36,164,3,"Thursday, July 6, 2023",User,2023
3677,36,187,3,"Monday, June 5, 2023",User,2023
3847,36,92,3,"Thursday, April 13, 2023",User,2023
4102,36,129,3,"Monday, January 16, 2023",User,2023
4338,36,80,3,"Monday, January 30, 2023",User,2023
4632,36,10,3,"Wednesday, January 4, 2023",User,2023
4694,36,39,3,"Thursday, November 30, 2023",User,2023
4722,36,12,3,"Tuesday, July 18, 2023",User,2023
4802,36,131,3,"Monday, June 5, 2023",User,2023
214,36,33,3,"Tuesday, February 8, 2022",User,2022
550,36,22,3,"Friday, April 7, 2023",User,2023
854,36,37,3,"Tuesday, March 5, 2024",User,2024
1093,36,66,3,"Saturday, December 28, 2024",User,2024
36,4,141,3,"Friday, February 17, 2023",User,2023
167,4,45,3,"Thursday, January 19, 2023",User,2023
288,4,181,3,"Sunday, May 7, 2023",User,2023
353,4,42,3,"Sunday, December 3, 2023",User,2023
727,4,11,3,"Monday, July 24, 2023",User,2023
974,4,87,3,"Sunday, September 10, 2023",User,2023
1295,4,199,3,"Thursday, October 5, 2023",User,2023
1346,4,60,3,"Monday, January 9, 2023",User,2023
1408,4,51,3,"Wednesday, March 29, 2023",User,2023
1536,4,35,3,"Thursday, January 12, 2023",User,2023
1549,4,155,3,"Friday, October 6, 2023",User,2023
2291,4,200,3,"Friday, March 10, 2023",User,2023
2319,4,154,3,"Saturday, April 22, 2023",User,2023
2397,4,198,3,"Monday, November 20, 2023",User,2023
2899,4,150,3,"Tuesday, August 15, 2023",User,2023
3075,4,143,3,"Thursday, March 9, 2023",User,2023
3172,4,37,3,"Saturday, July 15, 2023",User,2023
3237,4,197,3,"Tuesday, March 14, 2023",User,2023
3474,4,54,3,"Monday, May 15, 2023",User,2023
3716,4,198,3,"Friday, October 6, 2023",User,2023
3906,4,34,3,"Friday, February 17, 2023",User,2023
4014,4,180,3,"Sunday, July 30, 2023",User,2023
4225,4,196,3,"Tuesday, November 28, 2023",User,2023
4283,4,71,3,"Saturday, June 3, 2023",User,2023
5037,4,44,3,"Saturday, January 7, 2023",User,2023
5068,4,2,3,"Thursday, August 3, 2023",User,2023
5129,4,195,3,"Friday, August 18, 2023",User,2023
5468,4,127,3,"Tuesday, August 15, 2023",User,2023
5621,4,36,3,"Thursday, September 21, 2023",User,2023
5744,4,163,3,"Tuesday, January 31, 2023",User,2023
5944,4,4,3,"Wednesday, August 2, 2023",User,2023
6153,4,46,3,"Monday, May 15, 2023",User,2023
6185,4,6,3,"Monday, March 6, 2023",User,2023
6729,4,40,3,"Wednesday, June 21, 2023",User,2023
7201,4,104,3,"Monday, October 30, 2023",User,2023
7441,4,14,3,"Tuesday, April 25, 2023",User,2023
7825,4,64,3,"Tuesday, January 31, 2023",User,2023
7892,4,120,3,"Thursday, June 1, 2023",User,2023
7928,4,25,3,"Wednesday, June 28, 2023",User,2023
8100,4,7,3,"Tuesday, September 19, 2023",User,2023
8183,4,106,3,"Monday, August 14, 2023",User,2023
8271,4,170,3,"Tuesday, September 12, 2023",User,2023
8995,4,125,3,"Thursday, May 18, 2023",User,2023
9311,4,64,3,"Sunday, November 26, 2023",User,2023
9417,4,42,3,"Friday, November 24, 2023",User,2023
9426,4,127,3,"Wednesday, October 4, 2023",User,2023
36,4,141,3,"Friday, September 29, 2023",User,2023
167,4,45,3,"Friday, February 24, 2023",User,2023
288,4,181,3,"Monday, August 14, 2023",User,2023
353,4,42,3,"Tuesday, February 28, 2023",User,2023
727,4,11,3,"Wednesday, March 15, 2023",User,2023
974,4,87,3,"Friday, February 23, 2024",User,2024
1295,4,199,3,"Thursday, October 5, 2023",User,2023
1346,4,60,3,"Monday, January 9, 2023",User,2023
1408,4,51,3,"Wednesday, March 29, 2023",User,2023
1536,4,35,3,"Thursday, January 12, 2023",User,2023
1549,4,155,3,"Friday, October 6, 2023",User,2023
2291,4,200,3,"Friday, March 10, 2023",User,2023
2319,4,154,3,"Saturday, April 22, 2023",User,2023
2397,4,198,3,"Monday, November 20, 2023",User,2023
2899,4,150,3,"Tuesday, August 15, 2023",User,2023
3075,4,143,3,"Thursday, March 9, 2023",User,2023
3172,4,37,3,"Saturday, July 15, 2023",User,2023
3237,4,197,3,"Tuesday, March 14, 2023",User,2023
3474,4,54,3,"Monday, May 15, 2023",User,2023
3716,4,198,3,"Friday, October 6, 2023",User,2023
3906,4,34,3,"Friday, February 17, 2023",User,2023
4014,4,180,3,"Sunday, July 30, 2023",User,2023
4225,4,196,3,"Tuesday, November 28, 2023",User,2023
4283,4,71,3,"Saturday, June 3, 2023",User,2023
603,4,192,3,"Saturday, August 26, 2023",User,2023
224,17,83,3,"Wednesday, October 11, 2023",User,2023
371,17,146,3,"Friday, November 3, 2023",User,2023
394,17,22,3,"Sunday, December 3, 2023",User,2023
548,17,77,3,"Sunday, April 23, 2023",User,2023
856,17,50,3,"Sunday, April 16, 2023",User,2023
887,17,132,3,"Saturday, April 29, 2023",User,2023
922,17,6,3,"Friday, March 24, 2023",User,2023
1201,17,125,3,"Tuesday, July 4, 2023",User,2023
1397,17,154,3,"Saturday, October 21, 2023",User,2023
1456,17,105,3,"Friday, December 1, 2023",User,2023
1491,17,191,3,"Saturday, June 17, 2023",User,2023
1697,17,56,3,"Sunday, June 11, 2023",User,2023
1758,17,98,3,"Friday, June 16, 2023",User,2023
2049,17,138,3,"Saturday, December 9, 2023",User,2023
2154,17,110,3,"Monday, April 3, 2023",User,2023
2612,17,15,3,"Sunday, November 12, 2023",User,2023
2628,17,177,3,"Saturday, July 15, 2023",User,2023
2693,17,97,3,"Wednesday, June 7, 2023",User,2023
2860,17,187,3,"Saturday, December 2, 2023",User,2023
2927,17,184,3,"Thursday, January 5, 2023",User,2023
3049,17,173,3,"Sunday, January 8, 2023",User,2023
3147,17,13,3,"Thursday, November 2, 2023",User,2023
3203,17,55,3,"Tuesday, January 24, 2023",User,2023
3859,17,198,3,"Friday, December 15, 2023",User,2023
4313,17,27,3,"Sunday, April 30, 2023",User,2023
4940,17,90,3,"Wednesday, October 4, 2023",User,2023
5073,17,58,3,"Tuesday, January 3, 2023",User,2023
5090,17,64,3,"Thursday, November 9, 2023",User,2023
5146,17,70,3,"Monday, May 29, 2023",User,2023
5290,17,184,3,"Thursday, March 2, 2023",User,2023
6570,17,128,3,"Wednesday, April 12, 2023",User,2023
6600,17,33,3,"Wednesday, April 12, 2023",User,2023
6662,17,148,3,"Sunday, November 26, 2023",User,2023
7270,17,26,3,"Wednesday, February 8, 2023",User,2023
7298,17,170,3,"Saturday, June 10, 2023",User,2023
7362,17,153,3,"Sunday, July 9, 2023",User,2023
7530,17,178,3,"Tuesday, November 21, 2023",User,2023
7558,17,200,3,"Saturday, August 5, 2023",User,2023
7561,17,186,3,"Monday, April 17, 2023",User,2023
7649,17,115,3,"Tuesday, October 17, 2023",User,2023
7787,17,41,3,"Monday, October 16, 2023",User,2023
8340,17,82,3,"Saturday, December 9, 2023",User,2023
8679,17,23,3,"Sunday, March 12, 2023",User,2023
8843,17,83,3,"Wednesday, January 25, 2023",User,2023
9910,17,108,3,"Saturday, December 16, 2023",User,2023
224,17,83,3,"Tuesday, May 16, 2023",User,2023
371,17,146,3,"Friday, March 24, 2023",User,2023
394,17,22,3,"Wednesday, April 26, 2023",User,2023
548,17,77,3,"Wednesday, September 6, 2023",User,2023
856,17,50,3,"Saturday, December 9, 2023",User,2023
887,17,132,3,"Wednesday, October 25, 2023",User,2023
922,17,6,3,"Wednesday, December 13, 2023",User,2023
1201,17,125,3,"Tuesday, July 4, 2023",User,2023
1397,17,154,3,"Saturday, October 21, 2023",User,2023
1456,17,105,3,"Friday, December 1, 2023",User,2023
1491,17,191,3,"Saturday, June 17, 2023",User,2023
1697,17,56,3,"Sunday, June 11, 2023",User,2023
1758,17,98,3,"Friday, June 16, 2023",User,2023
2049,17,138,3,"Saturday, December 9, 2023",User,2023
2154,17,110,3,"Monday, April 3, 2023",User,2023
2612,17,15,3,"Sunday, November 12, 2023",User,2023
2628,17,177,3,"Saturday, July 15, 2023",User,2023
2693,17,97,3,"Wednesday, June 7, 2023",User,2023
2860,17,187,3,"Saturday, December 2, 2023",User,2023
2927,17,184,3,"Thursday, January 5, 2023",User,2023
3049,17,173,3,"Sunday, January 8, 2023",User,2023
3147,17,13,3,"Thursday, November 2, 2023",User,2023
3203,17,55,3,"Tuesday, January 24, 2023",User,2023
3859,17,198,3,"Friday, December 15, 2023",User,2023
4313,17,27,3,"Sunday, April 30, 2023",User,2023
276,17,59,3,"Thursday, March 10, 2022",User,2022
65,5,148,3,"Saturday, November 4, 2023",User,2023
139,5,82,3,"Saturday, September 16, 2023",User,2023
410,5,145,3,"Saturday, September 16, 2023",User,2023
470,5,24,3,"Monday, August 14, 2023",User,2023
484,5,74,3,"Monday, December 18, 2023",User,2023
540,5,135,3,"Friday, March 31, 2023",User,2023
977,5,115,3,"Friday, December 22, 2023",User,2023
1215,5,155,3,"Monday, August 28, 2023",User,2023
1342,5,77,3,"Monday, February 13, 2023",User,2023
1365,5,149,3,"Monday, September 11, 2023",User,2023
1391,5,171,3,"Saturday, March 4, 2023",User,2023
1524,5,33,3,"Wednesday, April 5, 2023",User,2023
1554,5,131,3,"Wednesday, September 6, 2023",User,2023
1779,5,139,3,"Monday, May 15, 2023",User,2023
1845,5,22,3,"Tuesday, December 19, 2023",User,2023
2053,5,3,3,"Saturday, December 2, 2023",User,2023
2268,5,77,3,"Saturday, June 10, 2023",User,2023
2373,5,124,3,"Thursday, October 5, 2023",User,2023
2819,5,69,3,"Tuesday, October 31, 2023",User,2023
3041,5,195,3,"Tuesday, February 14, 2023",User,2023
3079,5,121,3,"Tuesday, March 28, 2023",User,2023
4160,5,24,3,"Sunday, December 31, 2023",User,2023
4457,5,143,3,"Saturday, June 24, 2023",User,2023
4578,5,14,3,"Monday, March 6, 2023",User,2023
4709,5,71,3,"Friday, December 8, 2023",User,2023
4840,5,170,3,"Wednesday, October 18, 2023",User,2023
5115,5,11,3,"Thursday, September 21, 2023",User,2023
5259,5,85,3,"Friday, June 9, 2023",User,2023
5262,5,152,3,"Monday, September 4, 2023",User,2023
5538,5,82,3,"Thursday, August 24, 2023",User,2023
5741,5,104,3,"Sunday, January 22, 2023",User,2023
6235,5,128,3,"Tuesday, January 17, 2023",User,2023
6912,5,48,3,"Thursday, March 2, 2023",User,2023
6988,5,100,3,"Monday, February 6, 2023",User,2023
7474,5,28,3,"Tuesday, October 3, 2023",User,2023
7498,5,60,3,"Sunday, July 16, 2023",User,2023
7592,5,171,3,"Friday, February 10, 2023",User,2023
7752,5,78,3,"Friday, February 24, 2023",User,2023
8154,5,99,3,"Sunday, August 20, 2023",User,2023
8243,5,30,3,"Saturday, July 22, 2023",User,2023
8265,5,45,3,"Friday, January 20, 2023",User,2023
8720,5,170,3,"Wednesday, May 24, 2023",User,2023
8758,5,147,3,"Saturday, April 22, 2023",User,2023
8998,5,154,3,"Saturday, May 6, 2023",User,2023
9324,5,7,3,"Sunday, May 14, 2023",User,2023
9347,5,144,3,"Monday, April 17, 2023",User,2023
9358,5,39,3,"Wednesday, March 29, 2023",User,2023
65,5,148,3,"Monday, September 11, 2023",User,2023
139,5,82,3,"Tuesday, January 17, 2023",User,2023
410,5,145,3,"Thursday, May 18, 2023",User,2023
470,5,24,3,"Sunday, October 8, 2023",User,2023
484,5,74,3,"Wednesday, August 30, 2023",User,2023
540,5,135,3,"Tuesday, May 30, 2023",User,2023
977,5,115,3,"Wednesday, February 28, 2024",User,2024
1215,5,155,3,"Monday, August 28, 2023",User,2023
1342,5,77,3,"Monday, February 13, 2023",User,2023
1365,5,149,3,"Monday, September 11, 2023",User,2023
1391,5,171,3,"Saturday, March 4, 2023",User,2023
1524,5,33,3,"Wednesday, April 5, 2023",User,2023
1554,5,131,3,"Wednesday, September 6, 2023",User,2023
1779,5,139,3,"Monday, May 15, 2023",User,2023
1845,5,22,3,"Tuesday, December 19, 2023",User,2023
2053,5,3,3,"Saturday, December 2, 2023",User,2023
2268,5,77,3,"Saturday, June 10, 2023",User,2023
2373,5,124,3,"Thursday, October 5, 2023",User,2023
2819,5,69,3,"Tuesday, October 31, 2023",User,2023
3041,5,195,3,"Tuesday, February 14, 2023",User,2023
3079,5,121,3,"Tuesday, March 28, 2023",User,2023
4160,5,24,3,"Sunday, December 31, 2023",User,2023
4457,5,143,3,"Saturday, June 24, 2023",User,2023
4578,5,14,3,"Monday, March 6, 2023",User,2023
4709,5,71,3,"Friday, December 8, 2023",User,2023
559,5,57,3,"Thursday, July 13, 2023",User,2023
915,5,199,3,"Thursday, March 7, 2024",User,2024
1476,5,61,3,"Thursday, January 15, 2026",User,2026
285,20,89,3,"Wednesday, February 22, 2023",User,2023
757,20,109,3,"Friday, September 1, 2023",User,2023
790,20,21,3,"Monday, October 23, 2023",User,2023
1311,20,102,3,"Wednesday, February 15, 2023",User,2023
1403,20,27,3,"Saturday, January 14, 2023",User,2023
1464,20,30,3,"Saturday, January 7, 2023",User,2023
1503,20,168,3,"Sunday, December 17, 2023",User,2023
1525,20,76,3,"Friday, September 22, 2023",User,2023
1745,20,114,3,"Monday, October 9, 2023",User,2023
2001,20,122,3,"Saturday, April 8, 2023",User,2023
2097,20,62,3,"Saturday, September 30, 2023",User,2023
2156,20,124,3,"Sunday, February 26, 2023",User,2023
2484,20,102,3,"Tuesday, November 28, 2023",User,2023
2593,20,32,3,"Sunday, February 19, 2023",User,2023
2708,20,163,3,"Friday, April 14, 2023",User,2023
2895,20,22,3,"Saturday, June 10, 2023",User,2023
2925,20,161,3,"Wednesday, December 6, 2023",User,2023
3518,20,51,3,"Friday, August 11, 2023",User,2023
3560,20,128,3,"Friday, March 17, 2023",User,2023
3576,20,23,3,"Thursday, September 7, 2023",User,2023
3786,20,92,3,"Thursday, February 2, 2023",User,2023
4236,20,200,3,"Sunday, September 3, 2023",User,2023
4708,20,26,3,"Saturday, July 15, 2023",User,2023
4995,20,4,3,"Tuesday, May 9, 2023",User,2023
5202,20,142,3,"Friday, January 6, 2023",User,2023
5524,20,53,3,"Thursday, August 31, 2023",User,2023
5589,20,169,3,"Tuesday, March 7, 2023",User,2023
5632,20,23,3,"Tuesday, May 2, 2023",User,2023
5692,20,85,3,"Friday, June 16, 2023",User,2023
6070,20,181,3,"Sunday, September 3, 2023",User,2023
6362,20,192,3,"Wednesday, August 16, 2023",User,2023
6520,20,15,3,"Friday, May 19, 2023",User,2023
6591,20,132,3,"Friday, September 22, 2023",User,2023
6689,20,156,3,"Sunday, June 25, 2023",User,2023
7331,20,81,3,"Monday, March 13, 2023",User,2023
7353,20,85,3,"Friday, December 1, 2023",User,2023
7402,20,84,3,"Sunday, January 29, 2023",User,2023
7420,20,46,3,"Saturday, May 6, 2023",User,2023
7589,20,19,3,"Monday, April 3, 2023",User,2023
7699,20,170,3,"Friday, August 4, 2023",User,2023
8032,20,100,3,"Thursday, February 16, 2023",User,2023
8036,20,9,3,"Tuesday, July 25, 2023",User,2023
8439,20,147,3,"Sunday, July 30, 2023",User,2023
8583,20,177,3,"Monday, December 4, 2023",User,2023
8749,20,50,3,"Monday, August 7, 2023",User,2023
8793,20,124,3,"Monday, October 23, 2023",User,2023
9031,20,91,3,"Sunday, May 7, 2023",User,2023
9108,20,96,3,"Wednesday, July 26, 2023",User,2023
9399,20,164,3,"Monday, August 7, 2023",User,2023
9872,20,113,3,"Sunday, July 9, 2023",User,2023
285,20,89,3,"Friday, September 8, 2023",User,2023
757,20,109,3,"Wednesday, April 26, 2023",User,2023
790,20,21,3,"Wednesday, December 6, 2023",User,2023
1311,20,102,3,"Wednesday, February 15, 2023",User,2023
1403,20,27,3,"Saturday, January 14, 2023",User,2023
1464,20,30,3,"Saturday, January 7, 2023",User,2023
1503,20,168,3,"Sunday, December 17, 2023",User,2023
1525,20,76,3,"Friday, September 22, 2023",User,2023
1745,20,114,3,"Monday, October 9, 2023",User,2023
2001,20,122,3,"Saturday, April 8, 2023",User,2023
2097,20,62,3,"Saturday, September 30, 2023",User,2023
2156,20,124,3,"Sunday, February 26, 2023",User,2023
2484,20,102,3,"Tuesday, November 28, 2023",User,2023
2593,20,32,3,"Sunday, February 19, 2023",User,2023
2708,20,163,3,"Friday, April 14, 2023",User,2023
2895,20,22,3,"Saturday, June 10, 2023",User,2023
2925,20,161,3,"Wednesday, December 6, 2023",User,2023
3518,20,51,3,"Friday, August 11, 2023",User,2023
3560,20,128,3,"Friday, March 17, 2023",User,2023
3576,20,23,3,"Thursday, September 7, 2023",User,2023
3786,20,92,3,"Thursday, February 2, 2023",User,2023
4236,20,200,3,"Sunday, September 3, 2023",User,2023
4708,20,26,3,"Saturday, July 15, 2023",User,2023
510,20,179,3,"Thursday, May 25, 2023",User,2023
564,37,100,3,"Sunday, November 12, 2023",User,2023
632,37,167,3,"Tuesday, September 26, 2023",User,2023
645,37,177,3,"Saturday, June 10, 2023",User,2023
709,37,11,3,"Friday, December 1, 2023",User,2023
1074,37,158,3,"Saturday, May 13, 2023",User,2023
1265,37,58,3,"Thursday, August 17, 2023",User,2023
1367,37,178,3,"Friday, July 28, 2023",User,2023
1523,37,88,3,"Tuesday, September 5, 2023",User,2023
1703,37,44,3,"Sunday, September 3, 2023",User,2023
1725,37,175,3,"Monday, November 6, 2023",User,2023
1774,37,2,3,"Thursday, March 2, 2023",User,2023
2079,37,128,3,"Sunday, October 1, 2023",User,2023
2266,37,86,3,"Wednesday, February 15, 2023",User,2023
2278,37,137,3,"Monday, September 18, 2023",User,2023
2398,37,100,3,"Monday, January 2, 2023",User,2023
2538,37,182,3,"Monday, March 13, 2023",User,2023
2767,37,126,3,"Monday, September 25, 2023",User,2023
2886,37,56,3,"Thursday, February 23, 2023",User,2023
2986,37,62,3,"Sunday, February 5, 2023",User,2023
3020,37,81,3,"Wednesday, August 23, 2023",User,2023
3442,37,69,3,"Thursday, September 7, 2023",User,2023
3502,37,133,3,"Thursday, June 22, 2023",User,2023
3511,37,25,3,"Wednesday, December 6, 2023",User,2023
3527,37,142,3,"Friday, August 18, 2023",User,2023
3759,37,137,3,"Friday, December 22, 2023",User,2023
4049,37,39,3,"Thursday, November 30, 2023",User,2023
4411,37,65,3,"Saturday, September 9, 2023",User,2023
4858,37,130,3,"Friday, June 30, 2023",User,2023
5331,37,27,3,"Wednesday, April 26, 2023",User,2023
5605,37,23,3,"Monday, June 19, 2023",User,2023
5608,37,196,3,"Sunday, September 3, 2023",User,2023
5705,37,108,3,"Friday, November 10, 2023",User,2023
5857,37,184,3,"Saturday, December 30, 2023",User,2023
6172,37,39,3,"Thursday, April 6, 2023",User,2023
6322,37,73,3,"Tuesday, May 23, 2023",User,2023
6419,37,77,3,"Saturday, September 2, 2023",User,2023
6946,37,70,3,"Monday, September 4, 2023",User,2023
7668,37,149,3,"Tuesday, April 11, 2023",User,2023
7889,37,168,3,"Sunday, January 29, 2023",User,2023
8214,37,53,3,"Thursday, June 22, 2023",User,2023
8258,37,34,3,"Friday, April 28, 2023",User,2023
8663,37,129,3,"Sunday, May 28, 2023",User,2023
8917,37,48,3,"Thursday, February 16, 2023",User,2023
9247,37,169,3,"Tuesday, October 10, 2023",User,2023
9412,37,96,3,"Tuesday, May 30, 2023",User,2023
9550,37,73,3,"Monday, May 1, 2023",User,2023
9578,37,141,3,"Sunday, December 31, 2023",User,2023
9953,37,77,3,"Friday, March 17, 2023",User,2023
9958,37,181,3,"Sunday, April 23, 2023",User,2023
564,37,100,3,"Tuesday, March 7, 2023",User,2023
632,37,167,3,"Wednesday, May 10, 2023",User,2023
645,37,177,3,"Tuesday, October 24, 2023",User,2023
709,37,11,3,"Friday, February 17, 2023",User,2023
1074,37,158,3,"Saturday, May 13, 2023",User,2023
1265,37,58,3,"Thursday, August 17, 2023",User,2023
1367,37,178,3,"Friday, July 28, 2023",User,2023
1523,37,88,3,"Tuesday, September 5, 2023",User,2023
1703,37,44,3,"Sunday, September 3, 2023",User,2023
1725,37,175,3,"Monday, November 6, 2023",User,2023
1774,37,2,3,"Thursday, March 2, 2023",User,2023
2079,37,128,3,"Sunday, October 1, 2023",User,2023
2266,37,86,3,"Wednesday, February 15, 2023",User,2023
2278,37,137,3,"Monday, September 18, 2023",User,2023
2398,37,100,3,"Monday, January 2, 2023",User,2023
2538,37,182,3,"Monday, March 13, 2023",User,2023
2767,37,126,3,"Monday, September 25, 2023",User,2023
2886,37,56,3,"Thursday, February 23, 2023",User,2023
2986,37,62,3,"Sunday, February 5, 2023",User,2023
3020,37,81,3,"Wednesday, August 23, 2023",User,2023
3442,37,69,3,"Thursday, September 7, 2023",User,2023
3502,37,133,3,"Thursday, June 22, 2023",User,2023
3511,37,25,3,"Wednesday, December 6, 2023",User,2023
3527,37,142,3,"Friday, August 18, 2023",User,2023
3759,37,137,3,"Friday, December 22, 2023",User,2023
4049,37,39,3,"Thursday, November 30, 2023",User,2023
4411,37,65,3,"Saturday, September 9, 2023",User,2023
80,37,27,3,"Monday, March 21, 2022",User,2022
229,37,145,3,"Wednesday, August 17, 2022",User,2022
30,2,90,3,"Saturday, February 4, 2023",User,2023
710,2,72,3,"Wednesday, August 9, 2023",User,2023
725,2,149,3,"Tuesday, June 20, 2023",User,2023
737,2,107,3,"Monday, July 10, 2023",User,2023
802,2,119,3,"Friday, August 25, 2023",User,2023
1249,2,188,3,"Sunday, January 15, 2023",User,2023
1281,2,24,3,"Sunday, August 20, 2023",User,2023
1345,2,185,3,"Monday, July 24, 2023",User,2023
1587,2,68,3,"Thursday, December 28, 2023",User,2023
1806,2,176,3,"Friday, August 11, 2023",User,2023
1858,2,17,3,"Tuesday, August 8, 2023",User,2023
1931,2,25,3,"Friday, February 24, 2023",User,2023
1936,2,71,3,"Tuesday, January 24, 2023",User,2023
1944,2,197,3,"Monday, July 3, 2023",User,2023
2541,2,159,3,"Friday, October 13, 2023",User,2023
2616,2,99,3,"Monday, October 30, 2023",User,2023
2717,2,172,3,"Tuesday, June 13, 2023",User,2023
2820,2,142,3,"Thursday, March 30, 2023",User,2023
2859,2,197,3,"Thursday, October 12, 2023",User,2023
3451,2,116,3,"Wednesday, September 20, 2023",User,2023
3525,2,35,3,"Wednesday, April 26, 2023",User,2023
3572,2,152,3,"Tuesday, May 30, 2023",User,2023
3588,2,136,3,"Friday, April 21, 2023",User,2023
3934,2,196,3,"Friday, August 25, 2023",User,2023
4187,2,165,3,"Monday, July 31, 2023",User,2023
4665,2,15,3,"Tuesday, October 31, 2023",User,2023
4957,2,9,3,"Sunday, March 5, 2023",User,2023
5277,2,87,3,"Tuesday, March 7, 2023",User,2023
5404,2,71,3,"Friday, December 15, 2023",User,2023
5626,2,16,3,"Saturday, May 6, 2023",User,2023
6025,2,104,3,"Tuesday, March 7, 2023",User,2023
6438,2,142,3,"Monday, May 8, 2023",User,2023
6562,2,106,3,"Saturday, July 1, 2023",User,2023
6606,2,180,3,"Saturday, June 3, 2023",User,2023
6698,2,123,3,"Sunday, May 14, 2023",User,2023
6843,2,98,3,"Sunday, October 22, 2023",User,2023
7062,2,52,3,"Monday, September 18, 2023",User,2023
7088,2,142,3,"Sunday, October 29, 2023",User,2023
7625,2,169,3,"Thursday, August 24, 2023",User,2023
7767,2,148,3,"Thursday, March 30, 2023",User,2023
8615,2,33,3,"Thursday, February 23, 2023",User,2023
8670,2,74,3,"Tuesday, June 20, 2023",User,2023
8680,2,128,3,"Thursday, February 2, 2023",User,2023
8820,2,32,3,"Tuesday, May 9, 2023",User,2023
8944,2,193,3,"Tuesday, August 15, 2023",User,2023
9232,2,6,3,"Friday, August 18, 2023",User,2023
9283,2,60,3,"Sunday, March 26, 2023",User,2023
9504,2,140,3,"Saturday, May 27, 2023",User,2023
9713,2,119,3,"Thursday, July 6, 2023",User,2023
9761,2,40,3,"Sunday, February 5, 2023",User,2023
9889,2,196,3,"Monday, January 9, 2023",User,2023
9969,2,188,3,"Thursday, October 12, 2023",User,2023
30,2,130,3,"Thursday, September 21, 2023",User,2023
710,2,72,3,"Monday, February 20, 2023",User,2023
725,2,149,3,"Monday, March 13, 2023",User,2023
737,2,107,3,"Wednesday, March 29, 2023",User,2023
802,2,119,3,"Wednesday, June 28, 2023",User,2023
1249,2,188,3,"Sunday, January 15, 2023",User,2023
1281,2,24,3,"Sunday, August 20, 2023",User,2023
1345,2,185,3,"Monday, July 24, 2023",User,2023
1587,2,68,3,"Thursday, December 28, 2023",User,2023
1806,2,176,3,"Friday, August 11, 2023",User,2023
1858,2,17,3,"Tuesday, August 8, 2023",User,2023
1931,2,25,3,"Friday, February 24, 2023",User,2023
1936,2,71,3,"Tuesday, January 24, 2023",User,2023
1944,2,197,3,"Monday, July 3, 2023",User,2023
2541,2,159,3,"Friday, October 13, 2023",User,2023
2616,2,99,3,"Monday, October 30, 2023",User,2023
2717,2,172,3,"Tuesday, June 13, 2023",User,2023
2820,2,142,3,"Thursday, March 30, 2023",User,2023
2859,2,197,3,"Thursday, October 12, 2023",User,2023
3451,2,116,3,"Wednesday, September 20, 2023",User,2023
3525,2,35,3,"Wednesday, April 26, 2023",User,2023
3572,2,152,3,"Tuesday, May 30, 2023",User,2023
3588,2,136,3,"Friday, April 21, 2023",User,2023
3934,2,196,3,"Friday, August 25, 2023",User,2023
4187,2,165,3,"Monday, July 31, 2023",User,2023
4665,2,15,3,"Tuesday, October 31, 2023",User,2023
644,2,86,3,"Saturday, June 10, 2023",User,2023
42,7,105,3,"Tuesday, May 9, 2023",User,2023
275,7,5,3,"Friday, December 8, 2023",User,2023
467,7,176,3,"Saturday, October 7, 2023",User,2023
584,7,176,3,"Friday, July 21, 2023",User,2023
606,7,99,3,"Monday, May 8, 2023",User,2023
648,7,28,3,"Thursday, November 2, 2023",User,2023
738,7,182,3,"Monday, August 21, 2023",User,2023
780,7,76,3,"Saturday, July 8, 2023",User,2023
913,7,25,3,"Thursday, April 6, 2023",User,2023
1386,7,167,3,"Sunday, December 24, 2023",User,2023
1480,7,172,3,"Saturday, February 11, 2023",User,2023
1583,7,77,3,"Wednesday, April 5, 2023",User,2023
1626,7,97,3,"Saturday, July 1, 2023",User,2023
2103,7,35,3,"Sunday, January 15, 2023",User,2023
3117,7,16,3,"Tuesday, January 10, 2023",User,2023
3123,7,90,3,"Friday, June 30, 2023",User,2023
3294,7,180,3,"Friday, January 6, 2023",User,2023
3473,7,150,3,"Thursday, February 16, 2023",User,2023
3679,7,182,3,"Tuesday, October 10, 2023",User,2023
3970,7,128,3,"Thursday, June 22, 2023",User,2023
4152,7,155,3,"Saturday, March 18, 2023",User,2023
4280,7,157,3,"Tuesday, July 25, 2023",User,2023
4409,7,195,3,"Monday, April 10, 2023",User,2023
4447,7,37,3,"Wednesday, August 30, 2023",User,2023
4610,7,14,3,"Wednesday, September 20, 2023",User,2023
4689,7,154,3,"Friday, November 10, 2023",User,2023
4805,7,35,3,"Sunday, January 22, 2023",User,2023
4892,7,107,3,"Monday, October 16, 2023",User,2023
4967,7,94,3,"Wednesday, October 25, 2023",User,2023
5123,7,117,3,"Monday, February 20, 2023",User,2023
5173,7,11,3,"Friday, March 10, 2023",User,2023
5184,7,152,3,"Sunday, March 19, 2023",User,2023
5410,7,167,3,"Tuesday, October 17, 2023",User,2023
5429,7,52,3,"Saturday, September 16, 2023",User,2023
5672,7,43,3,"Tuesday, February 21, 2023",User,2023
6555,7,143,3,"Sunday, August 6, 2023",User,2023
6659,7,90,3,"Sunday, August 13, 2023",User,2023
7147,7,190,3,"Saturday, May 20, 2023",User,2023
7386,7,182,3,"Wednesday, May 10, 2023",User,2023
7879,7,41,3,"Thursday, January 5, 2023",User,2023
8102,7,200,3,"Saturday, May 27, 2023",User,2023
8109,7,151,3,"Thursday, November 30, 2023",User,2023
8480,7,192,3,"Sunday, October 8, 2023",User,2023
8702,7,130,3,"Thursday, September 21, 2023",User,2023
8744,7,21,3,"Saturday, May 20, 2023",User,2023
8993,7,65,3,"Monday, June 26, 2023",User,2023
9562,7,13,3,"Tuesday, August 15, 2023",User,2023
9607,7,45,3,"Thursday, April 6, 2023",User,2023
9757,7,8,3,"Thursday, April 13, 2023",User,2023
9915,7,39,3,"Sunday, December 31, 2023",User,2023
9917,7,125,3,"Monday, July 24, 2023",User,2023
275,7,5,3,"Wednesday, July 26, 2023",User,2023
467,7,176,3,"Saturday, July 8, 2023",User,2023
584,7,176,3,"Monday, July 31, 2023",User,2023
606,7,99,3,"Wednesday, August 30, 2023",User,2023
648,7,28,3,"Friday, October 27, 2023",User,2023
738,7,182,3,"Thursday, March 30, 2023",User,2023
780,7,76,3,"Monday, May 29, 2023",User,2023
913,7,25,3,"Thursday, November 30, 2023",User,2023
1386,7,167,3,"Sunday, December 24, 2023",User,2023
1480,7,172,3,"Saturday, February 11, 2023",User,2023
1583,7,77,3,"Wednesday, April 5, 2023",User,2023
1626,7,97,3,"Saturday, July 1, 2023",User,2023
2103,7,35,3,"Sunday, January 15, 2023",User,2023
3117,7,16,3,"Tuesday, January 10, 2023",User,2023
3123,7,90,3,"Friday, June 30, 2023",User,2023
3294,7,180,3,"Friday, January 6, 2023",User,2023
3473,7,150,3,"Thursday, February 16, 2023",User,2023
3679,7,182,3,"Tuesday, October 10, 2023",User,2023
3970,7,128,3,"Thursday, June 22, 2023",User,2023
4152,7,155,3,"Saturday, March 18, 2023",User,2023
4280,7,157,3,"Tuesday, July 25, 2023",User,2023
4409,7,195,3,"Monday, April 10, 2023",User,2023
4447,7,37,3,"Wednesday, August 30, 2023",User,2023
4610,7,14,3,"Wednesday, September 20, 2023",User,2023
4689,7,154,3,"Friday, November 10, 2023",User,2023
4805,7,35,3,"Sunday, January 22, 2023",User,2023
789,7,62,3,"Wednesday, February 28, 2024",User,2024
1034,7,13,3,"Wednesday, October 30, 2024",User,2024
1151,7,23,3,"Monday, February 24, 2025",User,2025
434,1,22,3,"Friday, December 15, 2023",User,2023
452,1,133,3,"Saturday, May 13, 2023",User,2023
784,1,19,3,"Monday, November 13, 2023",User,2023
904,1,176,3,"Monday, August 28, 2023",User,2023
925,1,192,3,"Thursday, December 21, 2023",User,2023
953,1,187,3,"Thursday, December 14, 2023",User,2023
1089,1,54,3,"Tuesday, March 14, 2023",User,2023
1258,1,10,3,"Thursday, July 27, 2023",User,2023
1300,1,41,3,"Sunday, December 24, 2023",User,2023
1332,1,60,3,"Wednesday, December 13, 2023",User,2023
1422,1,62,3,"Tuesday, January 3, 2023",User,2023
1544,1,86,3,"Saturday, January 28, 2023",User,2023
1630,1,32,3,"Tuesday, February 7, 2023",User,2023
1991,1,166,3,"Friday, June 16, 2023",User,2023
2145,1,134,3,"Tuesday, May 23, 2023",User,2023
2184,1,61,3,"Saturday, January 28, 2023",User,2023
2227,1,187,3,"Sunday, March 5, 2023",User,2023
2305,1,193,3,"Monday, January 2, 2023",User,2023
2602,1,114,3,"Monday, March 6, 2023",User,2023
2963,1,167,3,"Tuesday, November 21, 2023",User,2023
3127,1,93,3,"Sunday, April 9, 2023",User,2023
3412,1,142,3,"Thursday, February 16, 2023",User,2023
3492,1,16,3,"Monday, March 13, 2023",User,2023
3622,1,110,3,"Friday, September 8, 2023",User,2023
4137,1,29,3,"Thursday, January 12, 2023",User,2023
4184,1,103,3,"Tuesday, January 31, 2023",User,2023
4265,1,59,3,"Thursday, December 21, 2023",User,2023
4444,1,38,3,"Friday, June 2, 2023",User,2023
4753,1,85,3,"Saturday, December 16, 2023",User,2023
4766,1,63,3,"Thursday, September 21, 2023",User,2023
5009,1,64,3,"Thursday, January 19, 2023",User,2023
5590,1,68,3,"Tuesday, August 15, 2023",User,2023
5771,1,70,3,"Wednesday, November 15, 2023",User,2023
5806,1,52,3,"Tuesday, March 21, 2023",User,2023
6188,1,17,3,"Friday, April 7, 2023",User,2023
6209,1,80,3,"Wednesday, June 21, 2023",User,2023
6223,1,29,3,"Thursday, January 26, 2023",User,2023
6294,1,33,3,"Friday, January 20, 2023",User,2023
6353,1,105,3,"Friday, March 17, 2023",User,2023
6704,1,151,3,"Thursday, October 12, 2023",User,2023
6844,1,184,3,"Saturday, October 7, 2023",User,2023
7133,1,138,3,"Wednesday, May 3, 2023",User,2023
7791,1,108,3,"Saturday, September 23, 2023",User,2023
8062,1,69,3,"Saturday, November 11, 2023",User,2023
8967,1,196,3,"Saturday, August 26, 2023",User,2023
9089,1,120,3,"Monday, June 19, 2023",User,2023
9305,1,156,3,"Friday, November 17, 2023",User,2023
9456,1,78,3,"Thursday, March 9, 2023",User,2023
9964,1,134,3,"Wednesday, May 10, 2023",User,2023
434,1,22,3,"Wednesday, June 21, 2023",User,2023
452,1,133,3,"Monday, July 17, 2023",User,2023
784,1,19,3,"Monday, February 6, 2023",User,2023
904,1,176,3,"Friday, November 17, 2023",User,2023
925,1,192,3,"Monday, December 18, 2023",User,2023
953,1,187,3,"Thursday, January 25, 2024",User,2024
1089,1,54,3,"Tuesday, March 14, 2023",User,2023
1258,1,10,3,"Thursday, July 27, 2023",User,2023
1300,1,41,3,"Sunday, December 24, 2023",User,2023
1332,1,60,3,"Wednesday, December 13, 2023",User,2023
1422,1,62,3,"Tuesday, January 3, 2023",User,2023
1544,1,86,3,"Saturday, January 28, 2023",User,2023
1630,1,32,3,"Tuesday, February 7, 2023",User,2023
1991,1,166,3,"Friday, June 16, 2023",User,2023
2145,1,134,3,"Tuesday, May 23, 2023",User,2023
2184,1,61,3,"Saturday, January 28, 2023",User,2023
2227,1,187,3,"Sunday, March 5, 2023",User,2023
2305,1,193,3,"Monday, January 2, 2023",User,2023
2602,1,114,3,"Monday, March 6, 2023",User,2023
2963,1,167,3,"Tuesday, November 21, 2023",User,2023
3127,1,93,3,"Sunday, April 9, 2023",User,2023
3412,1,142,3,"Thursday, February 16, 2023",User,2023
3492,1,16,3,"Monday, March 13, 2023",User,2023
3622,1,110,3,"Friday, September 8, 2023",User,2023
4137,1,29,3,"Thursday, January 12, 2023",User,2023
4184,1,103,3,"Tuesday, January 31, 2023",User,2023
4265,1,59,3,"Thursday, December 21, 2023",User,2023
4444,1,38,3,"Friday, June 2, 2023",User,2023
4753,1,85,3,"Saturday, December 16, 2023",User,2023
4766,1,63,3,"Thursday, September 21, 2023",User,2023
607,1,131,3,"Wednesday, August 30, 2023",User,2023
18,12,93,3,"Saturday, June 3, 2023",User,2023
260,12,17,3,"Friday, January 20, 2023",User,2023
655,12,69,3,"Sunday, August 20, 2023",User,2023
985,12,118,3,"Friday, January 6, 2023",User,2023
1032,12,200,3,"Monday, January 23, 2023",User,2023
1133,12,91,3,"Saturday, August 19, 2023",User,2023
1376,12,61,3,"Friday, April 28, 2023",User,2023
1876,12,46,3,"Saturday, June 24, 2023",User,2023
2705,12,169,3,"Sunday, March 5, 2023",User,2023
2818,12,147,3,"Monday, December 25, 2023",User,2023
2832,12,31,3,"Monday, April 10, 2023",User,2023
2848,12,99,3,"Friday, November 10, 2023",User,2023
3319,12,37,3,"Thursday, September 7, 2023",User,2023
3553,12,95,3,"Friday, December 22, 2023",User,2023
3766,12,27,3,"Monday, August 14, 2023",User,2023
3889,12,164,3,"Saturday, March 18, 2023",User,2023
4154,12,101,3,"Tuesday, August 8, 2023",User,2023
4261,12,48,3,"Monday, November 13, 2023",User,2023
4302,12,109,3,"Sunday, October 22, 2023",User,2023
4348,12,31,3,"Monday, January 16, 2023",User,2023
4420,12,39,3,"Monday, March 20, 2023",User,2023
4526,12,192,3,"Saturday, November 11, 2023",User,2023
4582,12,162,3,"Thursday, November 9, 2023",User,2023
4678,12,116,3,"Thursday, April 13, 2023",User,2023
4718,12,62,3,"Thursday, September 21, 2023",User,2023
4812,12,138,3,"Monday, April 24, 2023",User,2023
5099,12,101,3,"Monday, November 27, 2023",User,2023
5431,12,157,3,"Wednesday, October 4, 2023",User,2023
5637,12,65,3,"Friday, May 19, 2023",User,2023
6100,12,62,3,"Thursday, September 7, 2023",User,2023
6125,12,72,3,"Monday, July 3, 2023",User,2023
6162,12,65,3,"Thursday, August 17, 2023",User,2023
6601,12,79,3,"Sunday, November 26, 2023",User,2023
6669,12,177,3,"Sunday, August 6, 2023",User,2023
6678,12,92,3,"Monday, January 2, 2023",User,2023
6701,12,114,3,"Saturday, July 15, 2023",User,2023
6708,12,144,3,"Saturday, August 5, 2023",User,2023
6914,12,61,3,"Friday, December 1, 2023",User,2023
7265,12,127,3,"Sunday, November 26, 2023",User,2023
7449,12,28,3,"Monday, July 24, 2023",User,2023
7512,12,94,3,"Friday, March 10, 2023",User,2023
7535,12,197,3,"Wednesday, August 30, 2023",User,2023
7615,12,96,3,"Friday, November 24, 2023",User,2023
7714,12,177,3,"Monday, May 22, 2023",User,2023
7726,12,200,3,"Thursday, January 5, 2023",User,2023
8347,12,173,3,"Tuesday, December 12, 2023",User,2023
8637,12,3,3,"Thursday, May 18, 2023",User,2023
9028,12,114,3,"Wednesday, May 3, 2023",User,2023
9145,12,188,3,"Wednesday, November 22, 2023",User,2023
9216,12,112,3,"Monday, October 9, 2023",User,2023
9239,12,131,3,"Friday, October 27, 2023",User,2023
9442,12,125,3,"Thursday, May 11, 2023",User,2023
9444,12,154,3,"Wednesday, December 13, 2023",User,2023
9539,12,116,3,"Sunday, April 30, 2023",User,2023
260,12,17,3,"Sunday, May 7, 2023",User,2023
655,12,69,3,"Tuesday, July 11, 2023",User,2023
985,12,118,3,"Sunday, November 3, 2024",User,2024
1032,12,200,3,"Monday, January 23, 2023",User,2023
1133,12,91,3,"Saturday, August 19, 2023",User,2023
1376,12,61,3,"Friday, April 28, 2023",User,2023
1876,12,46,3,"Saturday, June 24, 2023",User,2023
2705,12,169,3,"Sunday, March 5, 2023",User,2023
2818,12,147,3,"Monday, December 25, 2023",User,2023
2832,12,31,3,"Monday, April 10, 2023",User,2023
2848,12,99,3,"Friday, November 10, 2023",User,2023
3319,12,37,3,"Thursday, September 7, 2023",User,2023
3553,12,95,3,"Friday, December 22, 2023",User,2023
3766,12,27,3,"Monday, August 14, 2023",User,2023
3889,12,164,3,"Saturday, March 18, 2023",User,2023
4154,12,101,3,"Tuesday, August 8, 2023",User,2023
4261,12,48,3,"Monday, November 13, 2023",User,2023
4302,12,109,3,"Sunday, October 22, 2023",User,2023
4348,12,31,3,"Monday, January 16, 2023",User,2023
4420,12,39,3,"Monday, March 20, 2023",User,2023
4526,12,192,3,"Saturday, November 11, 2023",User,2023
4582,12,162,3,"Thursday, November 9, 2023",User,2023
4678,12,116,3,"Thursday, April 13, 2023",User,2023
4718,12,62,3,"Thursday, September 21, 2023",User,2023
4812,12,138,3,"Monday, April 24, 2023",User,2023
301,12,149,3,"Friday, October 28, 2022",User,2022
1450,12,56,3,"Saturday, December 20, 2025",User,2025
86,16,128,3,"Saturday, April 8, 2023",User,2023
510,16,18,3,"Wednesday, July 26, 2023",User,2023
878,16,74,3,"Sunday, March 12, 2023",User,2023
1033,16,120,3,"Sunday, December 24, 2023",User,2023
1106,16,58,3,"Monday, February 13, 2023",User,2023
1282,16,18,3,"Sunday, April 9, 2023",User,2023
1538,16,171,3,"Thursday, June 8, 2023",User,2023
1631,16,21,3,"Tuesday, May 30, 2023",User,2023
1938,16,67,3,"Wednesday, December 27, 2023",User,2023
1948,16,127,3,"Friday, August 4, 2023",User,2023
2334,16,70,3,"Wednesday, April 5, 2023",User,2023
2434,16,35,3,"Saturday, April 15, 2023",User,2023
2507,16,82,3,"Wednesday, December 20, 2023",User,2023
2798,16,183,3,"Tuesday, February 28, 2023",User,2023
2821,16,137,3,"Monday, October 30, 2023",User,2023
2918,16,12,3,"Wednesday, October 4, 2023",User,2023
3242,16,117,3,"Monday, March 6, 2023",User,2023
3287,16,88,3,"Wednesday, January 18, 2023",User,2023
3350,16,116,3,"Wednesday, June 14, 2023",User,2023
3408,16,129,3,"Monday, August 14, 2023",User,2023
3792,16,40,3,"Wednesday, May 10, 2023",User,2023
3794,16,62,3,"Friday, February 17, 2023",User,2023
3852,16,64,3,"Sunday, December 17, 2023",User,2023
3878,16,174,3,"Saturday, October 14, 2023",User,2023
3972,16,69,3,"Friday, April 7, 2023",User,2023
4155,16,114,3,"Monday, January 23, 2023",User,2023
4321,16,80,3,"Wednesday, March 29, 2023",User,2023
4727,16,15,3,"Saturday, March 4, 2023",User,2023
4939,16,24,3,"Sunday, June 25, 2023",User,2023
5138,16,17,3,"Friday, September 15, 2023",User,2023
5380,16,170,3,"Friday, January 27, 2023",User,2023
5674,16,23,3,"Thursday, February 2, 2023",User,2023
5817,16,98,3,"Saturday, February 18, 2023",User,2023
6017,16,158,3,"Thursday, January 26, 2023",User,2023
6328,16,196,3,"Saturday, May 27, 2023",User,2023
6427,16,31,3,"Friday, June 30, 2023",User,2023
6668,16,76,3,"Wednesday, September 6, 2023",User,2023
6775,16,72,3,"Saturday, August 12, 2023",User,2023
6815,16,11,3,"Saturday, February 18, 2023",User,2023
6880,16,160,3,"Monday, December 4, 2023",User,2023
6977,16,27,3,"Friday, November 3, 2023",User,2023
7006,16,44,3,"Friday, September 15, 2023",User,2023
7048,16,168,3,"Friday, March 24, 2023",User,2023
8200,16,104,3,"Friday, July 21, 2023",User,2023
8738,16,1,3,"Tuesday, March 21, 2023",User,2023
8813,16,42,3,"Monday, April 17, 2023",User,2023
8877,16,6,3,"Monday, December 18, 2023",User,2023
8948,16,162,3,"Sunday, January 29, 2023",User,2023
9155,16,93,3,"Tuesday, January 3, 2023",User,2023
9225,16,21,3,"Wednesday, April 12, 2023",User,2023
9434,16,38,3,"Friday, February 24, 2023",User,2023
9697,16,146,3,"Tuesday, October 24, 2023",User,2023
9858,16,172,3,"Tuesday, February 28, 2023",User,2023
86,16,128,3,"Saturday, August 12, 2023",User,2023
510,16,18,3,"Tuesday, April 18, 2023",User,2023
878,16,74,3,"Sunday, December 10, 2023",User,2023
1033,16,120,3,"Sunday, December 24, 2023",User,2023
1106,16,58,3,"Monday, February 13, 2023",User,2023
1282,16,18,3,"Sunday, April 9, 2023",User,2023
1538,16,171,3,"Thursday, June 8, 2023",User,2023
1631,16,21,3,"Tuesday, May 30, 2023",User,2023
1938,16,67,3,"Wednesday, December 27, 2023",User,2023
1948,16,127,3,"Friday, August 4, 2023",User,2023
2334,16,70,3,"Wednesday, April 5, 2023",User,2023
2434,16,35,3,"Saturday, April 15, 2023",User,2023
2507,16,82,3,"Wednesday, December 20, 2023",User,2023
2798,16,183,3,"Tuesday, February 28, 2023",User,2023
2821,16,137,3,"Monday, October 30, 2023",User,2023
2918,16,12,3,"Wednesday, October 4, 2023",User,2023
3242,16,117,3,"Monday, March 6, 2023",User,2023
3287,16,88,3,"Wednesday, January 18, 2023",User,2023
3350,16,116,3,"Wednesday, June 14, 2023",User,2023
3408,16,129,3,"Monday, August 14, 2023",User,2023
3792,16,40,3,"Wednesday, May 10, 2023",User,2023
3794,16,62,3,"Friday, February 17, 2023",User,2023
3852,16,64,3,"Sunday, December 17, 2023",User,2023
3878,16,174,3,"Saturday, October 14, 2023",User,2023
3972,16,69,3,"Friday, April 7, 2023",User,2023
4155,16,114,3,"Monday, January 23, 2023",User,2023
4321,16,80,3,"Wednesday, March 29, 2023",User,2023
4727,16,15,3,"Saturday, March 4, 2023",User,2023
340,16,55,3,"Sunday, June 12, 2022",User,2022
949,16,68,3,"Saturday, June 8, 2024",User,2024
1411,16,161,3,"Tuesday, November 11, 2025",User,2025
76,11,10,3,"Thursday, September 7, 2023",User,2023
271,11,36,3,"Friday, June 2, 2023",User,2023
318,11,22,3,"Wednesday, November 1, 2023",User,2023
559,11,173,3,"Friday, June 16, 2023",User,2023
770,11,46,3,"Saturday, October 14, 2023",User,2023
1022,11,126,3,"Tuesday, October 3, 2023",User,2023
1387,11,41,3,"Tuesday, July 25, 2023",User,2023
1543,11,29,3,"Sunday, January 1, 2023",User,2023
1547,11,152,3,"Sunday, May 14, 2023",User,2023
1585,11,120,3,"Saturday, November 11, 2023",User,2023
1953,11,66,3,"Thursday, March 16, 2023",User,2023
1992,11,155,3,"Friday, March 3, 2023",User,2023
2155,11,182,3,"Saturday, August 26, 2023",User,2023
2284,11,168,3,"Tuesday, November 14, 2023",User,2023
2340,11,27,3,"Tuesday, December 19, 2023",User,2023
2562,11,31,3,"Friday, July 7, 2023",User,2023
2666,11,168,3,"Saturday, February 11, 2023",User,2023
2783,11,41,3,"Wednesday, July 12, 2023",User,2023
2862,11,2,3,"Friday, November 3, 2023",User,2023
2868,11,113,3,"Wednesday, July 26, 2023",User,2023
2869,11,53,3,"Sunday, May 28, 2023",User,2023
2953,11,34,3,"Tuesday, February 7, 2023",User,2023
2954,11,136,3,"Friday, July 28, 2023",User,2023
3470,11,58,3,"Thursday, November 23, 2023",User,2023
4030,11,200,3,"Tuesday, May 2, 2023",User,2023
4116,11,42,3,"Thursday, May 4, 2023",User,2023
4156,11,71,3,"Monday, May 1, 2023",User,2023
4442,11,153,3,"Thursday, November 9, 2023",User,2023
4556,11,117,3,"Saturday, March 18, 2023",User,2023
4789,11,180,3,"Tuesday, April 11, 2023",User,2023
4791,11,53,3,"Wednesday, June 28, 2023",User,2023
4811,11,176,3,"Saturday, May 27, 2023",User,2023
5313,11,90,3,"Monday, May 29, 2023",User,2023
5352,11,149,3,"Friday, November 17, 2023",User,2023
5502,11,14,3,"Friday, April 7, 2023",User,2023
5664,11,82,3,"Saturday, May 20, 2023",User,2023
5700,11,124,3,"Saturday, December 16, 2023",User,2023
6215,11,160,3,"Saturday, March 4, 2023",User,2023
6360,11,168,3,"Sunday, December 24, 2023",User,2023
6503,11,86,3,"Sunday, May 14, 2023",User,2023
6874,11,14,3,"Monday, October 2, 2023",User,2023
7336,11,170,3,"Saturday, April 29, 2023",User,2023
7463,11,96,3,"Monday, May 8, 2023",User,2023
7866,11,36,3,"Friday, January 13, 2023",User,2023
7915,11,188,3,"Friday, June 2, 2023",User,2023
8095,11,22,3,"Thursday, September 7, 2023",User,2023
8147,11,162,3,"Monday, July 3, 2023",User,2023
9769,11,35,3,"Wednesday, April 5, 2023",User,2023
76,11,145,3,"Friday, November 24, 2023",User,2023
271,11,36,3,"Thursday, July 20, 2023",User,2023
318,11,22,3,"Sunday, October 1, 2023",User,2023
559,11,173,3,"Monday, June 26, 2023",User,2023
770,11,46,3,"Monday, May 15, 2023",User,2023
1022,11,126,3,"Tuesday, October 3, 2023",User,2023
1387,11,41,3,"Tuesday, July 25, 2023",User,2023
1543,11,29,3,"Sunday, January 1, 2023",User,2023
1547,11,152,3,"Sunday, May 14, 2023",User,2023
1585,11,120,3,"Saturday, November 11, 2023",User,2023
1953,11,66,3,"Thursday, March 16, 2023",User,2023
1992,11,155,3,"Friday, March 3, 2023",User,2023
2155,11,182,3,"Saturday, August 26, 2023",User,2023
2284,11,168,3,"Tuesday, November 14, 2023",User,2023
2340,11,27,3,"Tuesday, December 19, 2023",User,2023
2562,11,31,3,"Friday, July 7, 2023",User,2023
2666,11,168,3,"Saturday, February 11, 2023",User,2023
2783,11,41,3,"Wednesday, July 12, 2023",User,2023
2862,11,2,3,"Friday, November 3, 2023",User,2023
2868,11,113,3,"Wednesday, July 26, 2023",User,2023
2869,11,53,3,"Sunday, May 28, 2023",User,2023
2953,11,34,3,"Tuesday, February 7, 2023",User,2023
2954,11,136,3,"Friday, July 28, 2023",User,2023
3470,11,58,3,"Thursday, November 23, 2023",User,2023
4030,11,200,3,"Tuesday, May 2, 2023",User,2023
4116,11,42,3,"Thursday, May 4, 2023",User,2023
4156,11,71,3,"Monday, May 1, 2023",User,2023
4442,11,153,3,"Thursday, November 9, 2023",User,2023
4556,11,117,3,"Saturday, March 18, 2023",User,2023
4789,11,180,3,"Tuesday, April 11, 2023",User,2023
4791,11,53,3,"Wednesday, June 28, 2023",User,2023
4811,11,176,3,"Saturday, May 27, 2023",User,2023
554,11,9,3,"Monday, August 7, 2023",User,2023
557,11,143,3,"Tuesday, November 7, 2023",User,2023
602,11,32,3,"Friday, August 25, 2023",User,2023
816,11,131,3,"Tuesday, March 26, 2024",User,2024
228,38,186,3,"Tuesday, December 26, 2023",User,2023
426,38,45,3,"Thursday, January 19, 2023",User,2023
542,38,181,3,"Wednesday, August 2, 2023",User,2023
1017,38,26,3,"Monday, January 23, 2023",User,2023
1058,38,85,3,"Tuesday, January 3, 2023",User,2023
1350,38,147,3,"Tuesday, November 14, 2023",User,2023
1406,38,124,3,"Thursday, August 31, 2023",User,2023
1596,38,90,3,"Monday, March 20, 2023",User,2023
1742,38,12,3,"Tuesday, June 6, 2023",User,2023
1881,38,95,3,"Wednesday, March 8, 2023",User,2023
2158,38,141,3,"Saturday, May 6, 2023",User,2023
2250,38,45,3,"Sunday, September 17, 2023",User,2023
2573,38,98,3,"Tuesday, March 28, 2023",User,2023
2631,38,146,3,"Friday, June 23, 2023",User,2023
2823,38,163,3,"Saturday, April 22, 2023",User,2023
3037,38,7,3,"Saturday, July 1, 2023",User,2023
3495,38,58,3,"Tuesday, August 15, 2023",User,2023
3845,38,30,3,"Wednesday, December 13, 2023",User,2023
3902,38,70,3,"Friday, September 8, 2023",User,2023
3911,38,63,3,"Monday, November 13, 2023",User,2023
3946,38,190,3,"Friday, July 28, 2023",User,2023
4070,38,11,3,"Monday, April 3, 2023",User,2023
4355,38,56,3,"Wednesday, January 18, 2023",User,2023
4450,38,96,3,"Tuesday, April 4, 2023",User,2023
4498,38,130,3,"Tuesday, April 25, 2023",User,2023
4520,38,26,3,"Wednesday, October 11, 2023",User,2023
4603,38,79,3,"Wednesday, March 29, 2023",User,2023
4645,38,11,3,"Monday, July 17, 2023",User,2023
4756,38,199,3,"Thursday, July 6, 2023",User,2023
5016,38,21,3,"Tuesday, June 6, 2023",User,2023
5492,38,73,3,"Friday, June 2, 2023",User,2023
5687,38,146,3,"Friday, March 3, 2023",User,2023
5749,38,200,3,"Wednesday, May 31, 2023",User,2023
6603,38,116,3,"Thursday, March 23, 2023",User,2023
6685,38,159,3,"Monday, July 17, 2023",User,2023
6782,38,77,3,"Wednesday, October 11, 2023",User,2023
6820,38,17,3,"Sunday, December 3, 2023",User,2023
7292,38,74,3,"Friday, November 24, 2023",User,2023
7489,38,186,3,"Saturday, August 12, 2023",User,2023
7560,38,186,3,"Saturday, January 7, 2023",User,2023
7745,38,180,3,"Tuesday, August 22, 2023",User,2023
7884,38,9,3,"Friday, November 10, 2023",User,2023
8010,38,90,3,"Sunday, December 17, 2023",User,2023
8156,38,104,3,"Wednesday, March 15, 2023",User,2023
8348,38,46,3,"Monday, March 20, 2023",User,2023
8401,38,112,3,"Tuesday, August 22, 2023",User,2023
8653,38,15,3,"Monday, May 15, 2023",User,2023
8716,38,194,3,"Saturday, May 27, 2023",User,2023
9177,38,5,3,"Thursday, December 21, 2023",User,2023
9193,38,73,3,"Friday, May 12, 2023",User,2023
9201,38,27,3,"Saturday, April 8, 2023",User,2023
9537,38,168,3,"Monday, November 27, 2023",User,2023
9590,38,77,3,"Wednesday, December 20, 2023",User,2023
9688,38,135,3,"Monday, May 15, 2023",User,2023
9826,38,2,3,"Saturday, August 5, 2023",User,2023
9885,38,83,3,"Sunday, September 17, 2023",User,2023
9991,38,198,3,"Friday, March 10, 2023",User,2023
10,38,86,3,"Thursday, August 24, 2023",User,2023
228,38,186,3,"Monday, May 22, 2023",User,2023
426,38,45,3,"Wednesday, September 6, 2023",User,2023
542,38,181,3,"Friday, January 6, 2023",User,2023
1017,38,26,3,"Monday, January 23, 2023",User,2023
1058,38,85,3,"Tuesday, January 3, 2023",User,2023
1350,38,147,3,"Tuesday, November 14, 2023",User,2023
1406,38,124,3,"Thursday, August 31, 2023",User,2023
1596,38,90,3,"Monday, March 20, 2023",User,2023
1742,38,12,3,"Tuesday, June 6, 2023",User,2023
1881,38,95,3,"Wednesday, March 8, 2023",User,2023
2158,38,141,3,"Saturday, May 6, 2023",User,2023
2250,38,45,3,"Sunday, September 17, 2023",User,2023
2573,38,98,3,"Tuesday, March 28, 2023",User,2023
2631,38,146,3,"Friday, June 23, 2023",User,2023
2823,38,163,3,"Saturday, April 22, 2023",User,2023
3037,38,7,3,"Saturday, July 1, 2023",User,2023
3495,38,58,3,"Tuesday, August 15, 2023",User,2023
3845,38,30,3,"Wednesday, December 13, 2023",User,2023
3902,38,70,3,"Friday, September 8, 2023",User,2023
3911,38,63,3,"Monday, November 13, 2023",User,2023
3946,38,190,3,"Friday, July 28, 2023",User,2023
4070,38,11,3,"Monday, April 3, 2023",User,2023
4355,38,56,3,"Wednesday, January 18, 2023",User,2023
4450,38,96,3,"Tuesday, April 4, 2023",User,2023
4498,38,130,3,"Tuesday, April 25, 2023",User,2023
4520,38,26,3,"Wednesday, October 11, 2023",User,2023
4603,38,79,3,"Wednesday, March 29, 2023",User,2023
4645,38,11,3,"Monday, July 17, 2023",User,2023
4756,38,199,3,"Thursday, July 6, 2023",User,2023
87,26,148,3,"Thursday, July 27, 2023",User,2023
221,26,106,3,"Monday, April 3, 2023",User,2023
226,26,36,3,"Friday, December 1, 2023",User,2023
274,26,20,3,"Thursday, August 17, 2023",User,2023
418,26,86,3,"Tuesday, January 31, 2023",User,2023
836,26,117,3,"Sunday, August 13, 2023",User,2023
1063,26,158,3,"Sunday, June 25, 2023",User,2023
1542,26,156,3,"Monday, November 20, 2023",User,2023
1763,26,88,3,"Friday, August 4, 2023",User,2023
1927,26,77,3,"Tuesday, August 8, 2023",User,2023
1999,26,136,3,"Sunday, January 15, 2023",User,2023
2078,26,1,3,"Tuesday, October 17, 2023",User,2023
2101,26,32,3,"Sunday, January 22, 2023",User,2023
2311,26,31,3,"Friday, December 8, 2023",User,2023
2411,26,14,3,"Monday, April 10, 2023",User,2023
2440,26,37,3,"Friday, March 10, 2023",User,2023
2581,26,138,3,"Saturday, May 13, 2023",User,2023
2794,26,199,3,"Monday, February 6, 2023",User,2023
2806,26,52,3,"Wednesday, October 25, 2023",User,2023
2968,26,32,3,"Friday, February 17, 2023",User,2023
3011,26,170,3,"Tuesday, November 21, 2023",User,2023
3206,26,21,3,"Thursday, September 14, 2023",User,2023
3290,26,153,3,"Wednesday, November 15, 2023",User,2023
3340,26,146,3,"Saturday, December 23, 2023",User,2023
3638,26,39,3,"Thursday, April 27, 2023",User,2023
3773,26,150,3,"Wednesday, January 4, 2023",User,2023
3894,26,43,3,"Monday, May 1, 2023",User,2023
4140,26,18,3,"Saturday, December 9, 2023",User,2023
4233,26,159,3,"Monday, August 14, 2023",User,2023
4277,26,6,3,"Saturday, December 23, 2023",User,2023
4494,26,92,3,"Sunday, February 26, 2023",User,2023
4495,26,148,3,"Friday, December 1, 2023",User,2023
4667,26,75,3,"Saturday, June 10, 2023",User,2023
4693,26,30,3,"Tuesday, June 27, 2023",User,2023
5192,26,90,3,"Tuesday, October 17, 2023",User,2023
5651,26,59,3,"Sunday, August 20, 2023",User,2023
5807,26,90,3,"Monday, June 5, 2023",User,2023
5839,26,60,3,"Saturday, May 13, 2023",User,2023
5896,26,75,3,"Sunday, December 31, 2023",User,2023
6058,26,98,3,"Tuesday, March 14, 2023",User,2023
6069,26,180,3,"Friday, August 4, 2023",User,2023
7444,26,140,3,"Friday, June 16, 2023",User,2023
7478,26,152,3,"Tuesday, May 16, 2023",User,2023
7896,26,174,3,"Sunday, November 19, 2023",User,2023
7933,26,99,3,"Wednesday, September 20, 2023",User,2023
8052,26,19,3,"Monday, June 12, 2023",User,2023
8169,26,194,3,"Wednesday, January 11, 2023",User,2023
9053,26,97,3,"Monday, May 22, 2023",User,2023
9062,26,107,3,"Friday, October 20, 2023",User,2023
9161,26,91,3,"Monday, April 17, 2023",User,2023
9169,26,62,3,"Tuesday, March 7, 2023",User,2023
9716,26,10,3,"Wednesday, September 13, 2023",User,2023
9749,26,25,3,"Tuesday, April 18, 2023",User,2023
87,26,148,3,"Sunday, November 12, 2023",User,2023
221,26,106,3,"Sunday, November 5, 2023",User,2023
226,26,36,3,"Thursday, May 18, 2023",User,2023
274,26,20,3,"Tuesday, July 25, 2023",User,2023
418,26,86,3,"Tuesday, May 30, 2023",User,2023
836,26,117,3,"Tuesday, August 15, 2023",User,2023
1063,26,158,3,"Sunday, June 25, 2023",User,2023
1542,26,156,3,"Monday, November 20, 2023",User,2023
1763,26,88,3,"Friday, August 4, 2023",User,2023
1927,26,77,3,"Tuesday, August 8, 2023",User,2023
1999,26,136,3,"Sunday, January 15, 2023",User,2023
2078,26,1,3,"Tuesday, October 17, 2023",User,2023
2101,26,32,3,"Sunday, January 22, 2023",User,2023
2311,26,31,3,"Friday, December 8, 2023",User,2023
2411,26,14,3,"Monday, April 10, 2023",User,2023
2440,26,37,3,"Friday, March 10, 2023",User,2023
2581,26,138,3,"Saturday, May 13, 2023",User,2023
2794,26,199,3,"Monday, February 6, 2023",User,2023
2806,26,52,3,"Wednesday, October 25, 2023",User,2023
2968,26,32,3,"Friday, February 17, 2023",User,2023
3011,26,170,3,"Tuesday, November 21, 2023",User,2023
3206,26,21,3,"Thursday, September 14, 2023",User,2023
3290,26,153,3,"Wednesday, November 15, 2023",User,2023
3340,26,146,3,"Saturday, December 23, 2023",User,2023
3638,26,39,3,"Thursday, April 27, 2023",User,2023
3773,26,150,3,"Wednesday, January 4, 2023",User,2023
3894,26,43,3,"Monday, May 1, 2023",User,2023
4140,26,18,3,"Saturday, December 9, 2023",User,2023
4233,26,159,3,"Monday, August 14, 2023",User,2023
4277,26,6,3,"Saturday, December 23, 2023",User,2023
4494,26,92,3,"Sunday, February 26, 2023",User,2023
4495,26,148,3,"Friday, December 1, 2023",User,2023
4667,26,75,3,"Saturday, June 10, 2023",User,2023
4693,26,30,3,"Tuesday, June 27, 2023",User,2023
17,3,9,3,"Saturday, September 23, 2023",User,2023
31,3,140,3,"Tuesday, August 22, 2023",User,2023
671,3,83,3,"Wednesday, January 4, 2023",User,2023
814,3,177,3,"Wednesday, January 11, 2023",User,2023
1143,3,180,3,"Saturday, August 19, 2023",User,2023
1251,3,119,3,"Monday, August 21, 2023",User,2023
1684,3,59,3,"Thursday, November 2, 2023",User,2023
1731,3,97,3,"Thursday, December 28, 2023",User,2023
2035,3,43,3,"Friday, October 20, 2023",User,2023
2089,3,82,3,"Sunday, March 19, 2023",User,2023
2123,3,85,3,"Friday, July 28, 2023",User,2023
2177,3,82,3,"Thursday, August 31, 2023",User,2023
2335,3,79,3,"Friday, May 12, 2023",User,2023
2478,3,144,3,"Friday, November 17, 2023",User,2023
2485,3,83,3,"Thursday, June 29, 2023",User,2023
2634,3,74,3,"Monday, October 9, 2023",User,2023
2714,3,32,3,"Friday, January 13, 2023",User,2023
3164,3,117,3,"Saturday, November 25, 2023",User,2023
3222,3,87,3,"Friday, December 15, 2023",User,2023
3314,3,2,3,"Saturday, February 4, 2023",User,2023
3435,3,117,3,"Tuesday, June 13, 2023",User,2023
3549,3,186,3,"Wednesday, January 18, 2023",User,2023
3804,3,61,3,"Thursday, July 27, 2023",User,2023
3844,3,17,3,"Sunday, May 28, 2023",User,2023
3856,3,54,3,"Thursday, August 10, 2023",User,2023
4023,3,49,3,"Saturday, May 13, 2023",User,2023
4237,3,199,3,"Tuesday, August 8, 2023",User,2023
4318,3,70,3,"Saturday, October 14, 2023",User,2023
5310,3,48,3,"Tuesday, June 20, 2023",User,2023
5314,3,194,3,"Thursday, October 19, 2023",User,2023
5320,3,105,3,"Tuesday, November 28, 2023",User,2023
5544,3,87,3,"Saturday, September 2, 2023",User,2023
5563,3,78,3,"Wednesday, August 16, 2023",User,2023
5597,3,58,3,"Sunday, February 12, 2023",User,2023
5702,3,68,3,"Sunday, December 3, 2023",User,2023
5834,3,169,3,"Wednesday, December 27, 2023",User,2023
6018,3,75,3,"Thursday, September 28, 2023",User,2023
6181,3,77,3,"Monday, August 14, 2023",User,2023
6700,3,72,3,"Sunday, May 28, 2023",User,2023
6762,3,169,3,"Monday, November 13, 2023",User,2023
6931,3,106,3,"Wednesday, March 15, 2023",User,2023
7052,3,24,3,"Wednesday, September 27, 2023",User,2023
7124,3,120,3,"Sunday, September 10, 2023",User,2023
7396,3,150,3,"Wednesday, February 1, 2023",User,2023
7798,3,17,3,"Monday, September 25, 2023",User,2023
7982,3,160,3,"Saturday, May 20, 2023",User,2023
8141,3,3,3,"Wednesday, August 16, 2023",User,2023
8145,3,21,3,"Wednesday, August 23, 2023",User,2023
8192,3,29,3,"Wednesday, August 23, 2023",User,2023
8497,3,121,3,"Wednesday, December 6, 2023",User,2023
8498,3,9,3,"Sunday, May 21, 2023",User,2023
8988,3,140,3,"Wednesday, February 15, 2023",User,2023
9346,3,90,3,"Thursday, May 18, 2023",User,2023
9449,3,92,3,"Sunday, March 19, 2023",User,2023
9519,3,28,3,"Tuesday, February 28, 2023",User,2023
9651,3,120,3,"Thursday, July 27, 2023",User,2023
9666,3,184,3,"Wednesday, October 4, 2023",User,2023
9721,3,101,3,"Tuesday, April 11, 2023",User,2023
9733,3,103,3,"Saturday, August 26, 2023",User,2023
9878,3,53,3,"Saturday, December 2, 2023",User,2023
31,3,130,3,"Friday, September 22, 2023",User,2023
671,3,83,3,"Wednesday, November 29, 2023",User,2023
814,3,177,3,"Friday, July 14, 2023",User,2023
1143,3,180,3,"Saturday, August 19, 2023",User,2023
1251,3,119,3,"Monday, August 21, 2023",User,2023
1684,3,59,3,"Thursday, November 2, 2023",User,2023
1731,3,97,3,"Thursday, December 28, 2023",User,2023
2035,3,43,3,"Friday, October 20, 2023",User,2023
2089,3,82,3,"Sunday, March 19, 2023",User,2023
2123,3,85,3,"Friday, July 28, 2023",User,2023
2177,3,82,3,"Thursday, August 31, 2023",User,2023
2335,3,79,3,"Friday, May 12, 2023",User,2023
2478,3,144,3,"Friday, November 17, 2023",User,2023
2485,3,83,3,"Thursday, June 29, 2023",User,2023
2634,3,74,3,"Monday, October 9, 2023",User,2023
2714,3,32,3,"Friday, January 13, 2023",User,2023
3164,3,117,3,"Saturday, November 25, 2023",User,2023
3222,3,87,3,"Friday, December 15, 2023",User,2023
3314,3,2,3,"Saturday, February 4, 2023",User,2023
3435,3,117,3,"Tuesday, June 13, 2023",User,2023
3549,3,186,3,"Wednesday, January 18, 2023",User,2023
3804,3,61,3,"Thursday, July 27, 2023",User,2023
3844,3,17,3,"Sunday, May 28, 2023",User,2023
3856,3,54,3,"Thursday, August 10, 2023",User,2023
4023,3,49,3,"Saturday, May 13, 2023",User,2023
4237,3,199,3,"Tuesday, August 8, 2023",User,2023
4318,3,70,3,"Saturday, October 14, 2023",User,2023
97,27,68,3,"Thursday, September 28, 2023",User,2023
668,27,116,3,"Sunday, April 30, 2023",User,2023
827,27,142,3,"Monday, February 20, 2023",User,2023
1122,27,84,3,"Monday, April 3, 2023",User,2023
1158,27,9,3,"Thursday, October 26, 2023",User,2023
1317,27,82,3,"Tuesday, March 14, 2023",User,2023
1530,27,122,3,"Tuesday, May 2, 2023",User,2023
1799,27,102,3,"Sunday, March 19, 2023",User,2023
1892,27,13,3,"Tuesday, January 31, 2023",User,2023
2110,27,119,3,"Saturday, November 25, 2023",User,2023
2139,27,31,3,"Wednesday, October 18, 2023",User,2023
2143,27,127,3,"Saturday, May 13, 2023",User,2023
2221,27,46,3,"Saturday, September 30, 2023",User,2023
2344,27,23,3,"Monday, November 20, 2023",User,2023
2387,27,98,3,"Tuesday, March 28, 2023",User,2023
2572,27,38,3,"Tuesday, April 25, 2023",User,2023
2586,27,169,3,"Tuesday, October 17, 2023",User,2023
2596,27,91,3,"Wednesday, June 14, 2023",User,2023
2700,27,139,3,"Wednesday, October 18, 2023",User,2023
2799,27,150,3,"Wednesday, April 12, 2023",User,2023
3013,27,121,3,"Friday, February 3, 2023",User,2023
3684,27,178,3,"Wednesday, May 31, 2023",User,2023
3969,27,89,3,"Wednesday, July 26, 2023",User,2023
3994,27,2,3,"Sunday, January 1, 2023",User,2023
4267,27,197,3,"Saturday, May 20, 2023",User,2023
4287,27,2,3,"Thursday, May 11, 2023",User,2023
4336,27,145,3,"Saturday, February 25, 2023",User,2023
4464,27,95,3,"Wednesday, June 14, 2023",User,2023
4467,27,98,3,"Friday, March 31, 2023",User,2023
4601,27,11,3,"Saturday, September 9, 2023",User,2023
5191,27,44,3,"Monday, April 24, 2023",User,2023
5350,27,90,3,"Saturday, January 21, 2023",User,2023
5452,27,134,3,"Wednesday, November 15, 2023",User,2023
5753,27,66,3,"Monday, October 2, 2023",User,2023
6096,27,5,3,"Sunday, September 3, 2023",User,2023
6271,27,49,3,"Thursday, June 1, 2023",User,2023
6331,27,141,3,"Sunday, February 5, 2023",User,2023
6452,27,69,3,"Sunday, January 15, 2023",User,2023
6548,27,42,3,"Friday, May 26, 2023",User,2023
6823,27,86,3,"Tuesday, October 10, 2023",User,2023
6847,27,45,3,"Wednesday, February 8, 2023",User,2023
7215,27,93,3,"Thursday, August 17, 2023",User,2023
7314,27,80,3,"Friday, August 18, 2023",User,2023
7466,27,164,3,"Monday, October 23, 2023",User,2023
8290,27,126,3,"Tuesday, August 8, 2023",User,2023
8429,27,195,3,"Saturday, April 29, 2023",User,2023
8455,27,144,3,"Saturday, April 15, 2023",User,2023
8475,27,67,3,"Friday, March 3, 2023",User,2023
8684,27,5,3,"Monday, October 9, 2023",User,2023
8797,27,95,3,"Wednesday, October 25, 2023",User,2023
8849,27,124,3,"Saturday, June 3, 2023",User,2023
9106,27,67,3,"Thursday, May 4, 2023",User,2023
9219,27,77,3,"Saturday, February 25, 2023",User,2023
9425,27,42,3,"Wednesday, May 10, 2023",User,2023
9905,27,191,3,"Friday, January 27, 2023",User,2023
9930,27,109,3,"Sunday, March 26, 2023",User,2023
97,27,68,3,"Monday, December 25, 2023",User,2023
668,27,116,3,"Friday, November 24, 2023",User,2023
827,27,142,3,"Wednesday, February 8, 2023",User,2023
1122,27,84,3,"Monday, April 3, 2023",User,2023
1158,27,9,3,"Thursday, October 26, 2023",User,2023
1317,27,82,3,"Tuesday, March 14, 2023",User,2023
1530,27,122,3,"Tuesday, May 2, 2023",User,2023
1799,27,102,3,"Sunday, March 19, 2023",User,2023
1892,27,13,3,"Tuesday, January 31, 2023",User,2023
2110,27,119,3,"Saturday, November 25, 2023",User,2023
2139,27,31,3,"Wednesday, October 18, 2023",User,2023
2143,27,127,3,"Saturday, May 13, 2023",User,2023
2221,27,46,3,"Saturday, September 30, 2023",User,2023
2344,27,23,3,"Monday, November 20, 2023",User,2023
2387,27,98,3,"Tuesday, March 28, 2023",User,2023
2572,27,38,3,"Tuesday, April 25, 2023",User,2023
2586,27,169,3,"Tuesday, October 17, 2023",User,2023
2596,27,91,3,"Wednesday, June 14, 2023",User,2023
2700,27,139,3,"Wednesday, October 18, 2023",User,2023
2799,27,150,3,"Wednesday, April 12, 2023",User,2023
3013,27,121,3,"Friday, February 3, 2023",User,2023
3684,27,178,3,"Wednesday, May 31, 2023",User,2023
3969,27,89,3,"Wednesday, July 26, 2023",User,2023
3994,27,2,3,"Sunday, January 1, 2023",User,2023
4267,27,197,3,"Saturday, May 20, 2023",User,2023
4287,27,2,3,"Thursday, May 11, 2023",User,2023
4336,27,145,3,"Saturday, February 25, 2023",User,2023
4464,27,95,3,"Wednesday, June 14, 2023",User,2023
4467,27,98,3,"Friday, March 31, 2023",User,2023
4601,27,11,3,"Saturday, September 9, 2023",User,2023
190,27,38,3,"Wednesday, September 7, 2022",User,2022
268,27,148,3,"Sunday, September 25, 2022",User,2022
556,27,169,3,"Saturday, October 7, 2023",User,2023
265,18,60,3,"Sunday, April 23, 2023",User,2023
962,18,18,3,"Thursday, October 5, 2023",User,2023
970,18,167,3,"Friday, October 6, 2023",User,2023
1008,18,24,3,"Friday, September 22, 2023",User,2023
1052,18,157,3,"Sunday, January 15, 2023",User,2023
1162,18,161,3,"Thursday, April 6, 2023",User,2023
1168,18,130,3,"Tuesday, November 7, 2023",User,2023
1198,18,36,3,"Saturday, January 28, 2023",User,2023
1461,18,170,3,"Wednesday, November 15, 2023",User,2023
1495,18,136,3,"Sunday, February 5, 2023",User,2023
1667,18,59,3,"Wednesday, February 15, 2023",User,2023
1933,18,62,3,"Thursday, February 2, 2023",User,2023
1939,18,143,3,"Friday, August 4, 2023",User,2023
2064,18,141,3,"Friday, December 29, 2023",User,2023
2082,18,172,3,"Sunday, February 12, 2023",User,2023
2205,18,160,3,"Saturday, September 2, 2023",User,2023
2249,18,27,3,"Saturday, June 10, 2023",User,2023
2834,18,75,3,"Tuesday, October 3, 2023",User,2023
2948,18,26,3,"Friday, March 24, 2023",User,2023
2976,18,1,3,"Friday, September 15, 2023",User,2023
3099,18,161,3,"Saturday, March 18, 2023",User,2023
3647,18,138,3,"Wednesday, November 1, 2023",User,2023
3736,18,200,3,"Wednesday, March 8, 2023",User,2023
4036,18,75,3,"Sunday, January 1, 2023",User,2023
4072,18,41,3,"Thursday, July 13, 2023",User,2023
4480,18,178,3,"Wednesday, December 6, 2023",User,2023
4740,18,177,3,"Saturday, January 14, 2023",User,2023
5220,18,121,3,"Sunday, January 8, 2023",User,2023
5395,18,25,3,"Friday, July 14, 2023",User,2023
5418,18,172,3,"Monday, May 29, 2023",User,2023
5516,18,72,3,"Sunday, May 7, 2023",User,2023
5567,18,67,3,"Thursday, June 15, 2023",User,2023
5643,18,85,3,"Sunday, September 10, 2023",User,2023
5886,18,189,3,"Friday, June 2, 2023",User,2023
5888,18,123,3,"Wednesday, July 5, 2023",User,2023
5981,18,127,3,"Monday, September 25, 2023",User,2023
6276,18,190,3,"Monday, December 25, 2023",User,2023
6323,18,15,3,"Tuesday, February 28, 2023",User,2023
6330,18,54,3,"Thursday, September 21, 2023",User,2023
6346,18,114,3,"Thursday, November 16, 2023",User,2023
6564,18,4,3,"Friday, December 22, 2023",User,2023
6576,18,98,3,"Friday, April 21, 2023",User,2023
6656,18,86,3,"Tuesday, April 11, 2023",User,2023
6674,18,36,3,"Monday, October 30, 2023",User,2023
6733,18,51,3,"Thursday, September 21, 2023",User,2023
7805,18,40,3,"Monday, April 10, 2023",User,2023
8072,18,188,3,"Sunday, April 9, 2023",User,2023
8245,18,36,3,"Wednesday, November 8, 2023",User,2023
8379,18,27,3,"Sunday, May 14, 2023",User,2023
8644,18,197,3,"Friday, May 19, 2023",User,2023
8708,18,126,3,"Sunday, December 10, 2023",User,2023
8859,18,135,3,"Saturday, May 6, 2023",User,2023
9056,18,184,3,"Thursday, February 9, 2023",User,2023
9172,18,176,3,"Sunday, April 16, 2023",User,2023
9260,18,103,3,"Tuesday, February 7, 2023",User,2023
9489,18,187,3,"Tuesday, October 3, 2023",User,2023
9632,18,78,3,"Wednesday, July 5, 2023",User,2023
9700,18,140,3,"Friday, May 5, 2023",User,2023
265,18,60,3,"Thursday, December 7, 2023",User,2023
962,18,18,3,"Tuesday, July 2, 2024",User,2024
970,18,167,3,"Monday, February 19, 2024",User,2024
1008,18,24,3,"Monday, November 4, 2024",User,2024
1052,18,157,3,"Sunday, January 15, 2023",User,2023
1162,18,161,3,"Thursday, April 6, 2023",User,2023
1168,18,130,3,"Tuesday, November 7, 2023",User,2023
1198,18,36,3,"Saturday, January 28, 2023",User,2023
1461,18,170,3,"Wednesday, November 15, 2023",User,2023
1495,18,136,3,"Sunday, February 5, 2023",User,2023
1667,18,59,3,"Wednesday, February 15, 2023",User,2023
1933,18,62,3,"Thursday, February 2, 2023",User,2023
1939,18,143,3,"Friday, August 4, 2023",User,2023
2064,18,141,3,"Friday, December 29, 2023",User,2023
2082,18,172,3,"Sunday, February 12, 2023",User,2023
2205,18,160,3,"Saturday, September 2, 2023",User,2023
2249,18,27,3,"Saturday, June 10, 2023",User,2023
2834,18,75,3,"Tuesday, October 3, 2023",User,2023
2948,18,26,3,"Friday, March 24, 2023",User,2023
2976,18,1,3,"Friday, September 15, 2023",User,2023
3099,18,161,3,"Saturday, March 18, 2023",User,2023
3647,18,138,3,"Wednesday, November 1, 2023",User,2023
3736,18,200,3,"Wednesday, March 8, 2023",User,2023
4036,18,75,3,"Sunday, January 1, 2023",User,2023
4072,18,41,3,"Thursday, July 13, 2023",User,2023
4480,18,178,3,"Wednesday, December 6, 2023",User,2023
4740,18,177,3,"Saturday, January 14, 2023",User,2023
66,18,36,3,"Sunday, July 3, 2022",User,2022
262,18,133,3,"Monday, September 19, 2022",User,2022
737,18,175,3,"Monday, July 1, 2024",User,2024
901,18,19,3,"Wednesday, June 19, 2024",User,2024
1143,18,141,3,"Sunday, February 16, 2025",User,2025
248,31,178,3,"Saturday, March 25, 2023",User,2023
388,31,101,3,"Sunday, June 11, 2023",User,2023
461,31,23,3,"Saturday, May 13, 2023",User,2023
493,31,196,3,"Wednesday, March 15, 2023",User,2023
614,31,127,3,"Tuesday, May 9, 2023",User,2023
711,31,157,3,"Sunday, December 24, 2023",User,2023
950,31,178,3,"Sunday, June 25, 2023",User,2023
1021,31,191,3,"Thursday, November 2, 2023",User,2023
1141,31,86,3,"Tuesday, June 20, 2023",User,2023
1184,31,24,3,"Sunday, June 25, 2023",User,2023
1209,31,113,3,"Tuesday, August 8, 2023",User,2023
1244,31,53,3,"Wednesday, February 1, 2023",User,2023
1259,31,31,3,"Sunday, October 8, 2023",User,2023
1327,31,64,3,"Wednesday, June 14, 2023",User,2023
1804,31,184,3,"Thursday, March 16, 2023",User,2023
1811,31,80,3,"Monday, June 5, 2023",User,2023
1890,31,32,3,"Sunday, November 26, 2023",User,2023
2247,31,61,3,"Tuesday, October 3, 2023",User,2023
2366,31,117,3,"Sunday, February 5, 2023",User,2023
3234,31,95,3,"Sunday, February 5, 2023",User,2023
3444,31,21,3,"Sunday, February 19, 2023",User,2023
3610,31,161,3,"Monday, July 17, 2023",User,2023
3624,31,167,3,"Thursday, January 19, 2023",User,2023
3664,31,78,3,"Thursday, November 9, 2023",User,2023
3899,31,156,3,"Sunday, September 17, 2023",User,2023
4546,31,178,3,"Thursday, November 30, 2023",User,2023
4580,31,186,3,"Wednesday, June 7, 2023",User,2023
4588,31,143,3,"Tuesday, August 29, 2023",User,2023
4621,31,74,3,"Saturday, June 3, 2023",User,2023
4662,31,10,3,"Thursday, November 9, 2023",User,2023
4744,31,7,3,"Sunday, February 19, 2023",User,2023
4782,31,154,3,"Monday, March 27, 2023",User,2023
5443,31,157,3,"Thursday, January 12, 2023",User,2023
5864,31,2,3,"Wednesday, March 22, 2023",User,2023
5903,31,22,3,"Tuesday, June 27, 2023",User,2023
5972,31,73,3,"Tuesday, January 31, 2023",User,2023
6031,31,171,3,"Friday, June 23, 2023",User,2023
6196,31,13,3,"Tuesday, June 6, 2023",User,2023
6527,31,4,3,"Wednesday, January 25, 2023",User,2023
6917,31,85,3,"Sunday, June 4, 2023",User,2023
6960,31,173,3,"Saturday, December 9, 2023",User,2023
7289,31,123,3,"Wednesday, June 28, 2023",User,2023
7459,31,27,3,"Wednesday, June 21, 2023",User,2023
7763,31,132,3,"Sunday, August 27, 2023",User,2023
7786,31,33,3,"Friday, April 28, 2023",User,2023
7907,31,127,3,"Thursday, June 15, 2023",User,2023
8035,31,188,3,"Monday, October 16, 2023",User,2023
8055,31,129,3,"Thursday, July 20, 2023",User,2023
8083,31,74,3,"Tuesday, May 9, 2023",User,2023
8361,31,9,3,"Wednesday, August 23, 2023",User,2023
8665,31,162,3,"Wednesday, February 1, 2023",User,2023
8854,31,56,3,"Monday, June 19, 2023",User,2023
8868,31,20,3,"Thursday, August 24, 2023",User,2023
8940,31,78,3,"Sunday, April 23, 2023",User,2023
9210,31,165,3,"Thursday, May 4, 2023",User,2023
9368,31,199,3,"Saturday, August 19, 2023",User,2023
9693,31,112,3,"Sunday, October 29, 2023",User,2023
9702,31,180,3,"Thursday, July 20, 2023",User,2023
248,31,178,3,"Monday, June 19, 2023",User,2023
388,31,101,3,"Tuesday, April 18, 2023",User,2023
461,31,23,3,"Friday, July 28, 2023",User,2023
493,31,196,3,"Saturday, December 9, 2023",User,2023
614,31,127,3,"Thursday, November 9, 2023",User,2023
711,31,157,3,"Tuesday, February 21, 2023",User,2023
950,31,178,3,"Monday, January 22, 2024",User,2024
1021,31,191,3,"Thursday, November 2, 2023",User,2023
1141,31,86,3,"Tuesday, June 20, 2023",User,2023
1184,31,24,3,"Sunday, June 25, 2023",User,2023
1209,31,113,3,"Tuesday, August 8, 2023",User,2023
1244,31,53,3,"Wednesday, February 1, 2023",User,2023
1259,31,31,3,"Sunday, October 8, 2023",User,2023
1327,31,64,3,"Wednesday, June 14, 2023",User,2023
1804,31,184,3,"Thursday, March 16, 2023",User,2023
1811,31,80,3,"Monday, June 5, 2023",User,2023
1890,31,32,3,"Sunday, November 26, 2023",User,2023
2247,31,61,3,"Tuesday, October 3, 2023",User,2023
2366,31,117,3,"Sunday, February 5, 2023",User,2023
3234,31,95,3,"Sunday, February 5, 2023",User,2023
3444,31,21,3,"Sunday, February 19, 2023",User,2023
3610,31,161,3,"Monday, July 17, 2023",User,2023
3624,31,167,3,"Thursday, January 19, 2023",User,2023
3664,31,78,3,"Thursday, November 9, 2023",User,2023
3899,31,156,3,"Sunday, September 17, 2023",User,2023
4546,31,178,3,"Thursday, November 30, 2023",User,2023
4580,31,186,3,"Wednesday, June 7, 2023",User,2023
4588,31,143,3,"Tuesday, August 29, 2023",User,2023
4621,31,74,3,"Saturday, June 3, 2023",User,2023
4662,31,10,3,"Thursday, November 9, 2023",User,2023
4744,31,7,3,"Sunday, February 19, 2023",User,2023
4782,31,154,3,"Monday, March 27, 2023",User,2023
767,31,134,3,"Sunday, June 2, 2024",User,2024
281,35,88,3,"Saturday, September 16, 2023",User,2023
515,35,60,3,"Saturday, October 7, 2023",User,2023
533,35,8,3,"Tuesday, March 28, 2023",User,2023
545,35,93,3,"Wednesday, January 25, 2023",User,2023
1190,35,25,3,"Tuesday, June 13, 2023",User,2023
1411,35,121,3,"Thursday, September 14, 2023",User,2023
1475,35,87,3,"Wednesday, March 1, 2023",User,2023
1762,35,181,3,"Wednesday, February 1, 2023",User,2023
1926,35,27,3,"Tuesday, February 28, 2023",User,2023
2092,35,3,3,"Wednesday, August 16, 2023",User,2023
2121,35,171,3,"Wednesday, January 25, 2023",User,2023
2214,35,17,3,"Friday, September 1, 2023",User,2023
2320,35,51,3,"Thursday, October 12, 2023",User,2023
2396,35,44,3,"Thursday, November 9, 2023",User,2023
2523,35,160,3,"Sunday, November 5, 2023",User,2023
2706,35,184,3,"Monday, May 15, 2023",User,2023
2748,35,101,3,"Friday, June 23, 2023",User,2023
2850,35,126,3,"Monday, July 31, 2023",User,2023
3104,35,44,3,"Saturday, July 29, 2023",User,2023
3173,35,133,3,"Sunday, December 3, 2023",User,2023
3396,35,146,3,"Monday, March 27, 2023",User,2023
3415,35,25,3,"Wednesday, October 18, 2023",User,2023
3475,35,93,3,"Sunday, December 10, 2023",User,2023
3503,35,114,3,"Wednesday, September 27, 2023",User,2023
3533,35,111,3,"Sunday, October 29, 2023",User,2023
3543,35,81,3,"Sunday, October 22, 2023",User,2023
3654,35,33,3,"Wednesday, May 10, 2023",User,2023
3745,35,157,3,"Monday, February 13, 2023",User,2023
3880,35,108,3,"Monday, August 21, 2023",User,2023
3958,35,53,3,"Friday, September 22, 2023",User,2023
4081,35,93,3,"Monday, November 13, 2023",User,2023
4376,35,198,3,"Sunday, September 10, 2023",User,2023
4378,35,62,3,"Monday, May 8, 2023",User,2023
4468,35,126,3,"Monday, January 2, 2023",User,2023
4574,35,168,3,"Friday, January 20, 2023",User,2023
4819,35,45,3,"Wednesday, November 29, 2023",User,2023
5102,35,173,3,"Saturday, August 12, 2023",User,2023
5453,35,200,3,"Saturday, April 1, 2023",User,2023
6003,35,192,3,"Friday, March 17, 2023",User,2023
6424,35,157,3,"Thursday, October 5, 2023",User,2023
6477,35,156,3,"Friday, March 24, 2023",User,2023
6651,35,172,3,"Thursday, July 6, 2023",User,2023
6950,35,55,3,"Saturday, December 9, 2023",User,2023
7504,35,47,3,"Saturday, June 3, 2023",User,2023
7739,35,146,3,"Monday, October 16, 2023",User,2023
7932,35,120,3,"Saturday, April 22, 2023",User,2023
8090,35,192,3,"Tuesday, June 27, 2023",User,2023
8135,35,152,3,"Wednesday, February 22, 2023",User,2023
8150,35,56,3,"Tuesday, October 17, 2023",User,2023
8275,35,88,3,"Saturday, October 7, 2023",User,2023
8397,35,122,3,"Monday, January 30, 2023",User,2023
8619,35,101,3,"Friday, June 9, 2023",User,2023
9098,35,167,3,"Saturday, January 21, 2023",User,2023
9282,35,62,3,"Friday, July 28, 2023",User,2023
9706,35,151,3,"Tuesday, March 28, 2023",User,2023
9941,35,3,3,"Wednesday, November 1, 2023",User,2023
281,35,88,3,"Wednesday, March 8, 2023",User,2023
515,35,60,3,"Tuesday, April 25, 2023",User,2023
533,35,8,3,"Friday, May 19, 2023",User,2023
545,35,93,3,"Tuesday, June 6, 2023",User,2023
1190,35,25,3,"Tuesday, June 13, 2023",User,2023
1411,35,121,3,"Thursday, September 14, 2023",User,2023
1475,35,87,3,"Wednesday, March 1, 2023",User,2023
1762,35,181,3,"Wednesday, February 1, 2023",User,2023
1926,35,27,3,"Tuesday, February 28, 2023",User,2023
2092,35,3,3,"Wednesday, August 16, 2023",User,2023
2121,35,171,3,"Wednesday, January 25, 2023",User,2023
2214,35,17,3,"Friday, September 1, 2023",User,2023
2320,35,51,3,"Thursday, October 12, 2023",User,2023
2396,35,44,3,"Thursday, November 9, 2023",User,2023
2523,35,160,3,"Sunday, November 5, 2023",User,2023
2706,35,184,3,"Monday, May 15, 2023",User,2023
2748,35,101,3,"Friday, June 23, 2023",User,2023
2850,35,126,3,"Monday, July 31, 2023",User,2023
3104,35,44,3,"Saturday, July 29, 2023",User,2023
3173,35,133,3,"Sunday, December 3, 2023",User,2023
3396,35,146,3,"Monday, March 27, 2023",User,2023
3415,35,25,3,"Wednesday, October 18, 2023",User,2023
3475,35,93,3,"Sunday, December 10, 2023",User,2023
3503,35,114,3,"Wednesday, September 27, 2023",User,2023
3533,35,111,3,"Sunday, October 29, 2023",User,2023
3543,35,81,3,"Sunday, October 22, 2023",User,2023
3654,35,33,3,"Wednesday, May 10, 2023",User,2023
3745,35,157,3,"Monday, February 13, 2023",User,2023
3880,35,108,3,"Monday, August 21, 2023",User,2023
3958,35,53,3,"Friday, September 22, 2023",User,2023
4081,35,93,3,"Monday, November 13, 2023",User,2023
4376,35,198,3,"Sunday, September 10, 2023",User,2023
4378,35,62,3,"Monday, May 8, 2023",User,2023
4468,35,126,3,"Monday, January 2, 2023",User,2023
4574,35,168,3,"Friday, January 20, 2023",User,2023
136,35,11,3,"Monday, May 16, 2022",User,2022
39,40,40,1,"Monday, April 10, 2023",Seller,2023
47,6,40,1,"Monday, October 16, 2023",Seller,2023
6,31,86,1,"Saturday, July 1, 2023",User,2023
57,3,152,1,"Friday, March 10, 2023",User,2023
71,32,83,1,"Thursday, August 17, 2023",User,2023
126,19,46,1,"Sunday, April 2, 2023",User,2023
220,31,25,1,"Sunday, July 30, 2023",User,2023
242,25,126,1,"Monday, December 4, 2023",User,2023
291,19,47,1,"Wednesday, April 19, 2023",User,2023
365,19,22,1,"Friday, January 6, 2023",User,2023
415,31,124,1,"Wednesday, September 20, 2023",User,2023
421,7,81,1,"Tuesday, April 25, 2023",User,2023
514,25,48,1,"Tuesday, July 4, 2023",User,2023
532,19,167,1,"Tuesday, February 28, 2023",User,2023
550,19,38,1,"Monday, August 21, 2023",User,2023
552,19,30,1,"Sunday, October 29, 2023",User,2023
608,36,54,1,"Friday, April 7, 2023",User,2023
676,7,134,1,"Friday, September 29, 2023",User,2023
702,19,76,1,"Monday, February 27, 2023",User,2023
712,32,38,1,"Friday, July 14, 2023",User,2023
730,36,98,1,"Tuesday, August 15, 2023",User,2023
753,36,190,1,"Monday, November 6, 2023",User,2023
839,36,21,1,"Saturday, March 25, 2023",User,2023
858,25,87,1,"Friday, March 17, 2023",User,2023
889,25,140,1,"Sunday, September 10, 2023",User,2023
946,7,22,1,"Sunday, June 4, 2023",User,2023
966,19,139,1,"Friday, July 21, 2023",User,2023
979,25,184,1,"Sunday, January 15, 2023",User,2023
993,25,113,1,"Friday, February 24, 2023",User,2023
1025,25,79,1,"Tuesday, January 17, 2023",User,2023
1116,31,39,1,"Sunday, September 17, 2023",User,2023
1178,32,35,1,"Tuesday, March 14, 2023",User,2023
1233,31,38,1,"Wednesday, July 26, 2023",User,2023
1270,36,158,1,"Friday, July 14, 2023",User,2023
1291,31,39,1,"Tuesday, January 3, 2023",User,2023
1382,3,197,1,"Tuesday, June 20, 2023",User,2023
1436,19,78,1,"Saturday, January 28, 2023",User,2023
1438,32,29,1,"Saturday, July 29, 2023",User,2023
1513,32,33,1,"Monday, January 30, 2023",User,2023
1518,7,50,1,"Friday, June 23, 2023",User,2023
1575,32,186,1,"Wednesday, September 27, 2023",User,2023
1641,7,151,1,"Tuesday, May 23, 2023",User,2023
1732,3,119,1,"Saturday, April 8, 2023",User,2023
1776,31,19,1,"Thursday, October 5, 2023",User,2023
1820,3,137,1,"Friday, March 24, 2023",User,2023
1823,31,132,1,"Wednesday, February 1, 2023",User,2023
1831,3,13,1,"Wednesday, January 4, 2023",User,2023
1888,19,28,1,"Monday, March 20, 2023",User,2023
1913,7,77,1,"Thursday, March 9, 2023",User,2023
2024,31,80,1,"Tuesday, May 2, 2023",User,2023
2039,36,17,1,"Tuesday, February 14, 2023",User,2023
2065,19,168,1,"Tuesday, December 26, 2023",User,2023
2069,32,90,1,"Monday, January 23, 2023",User,2023
2146,7,147,1,"Saturday, May 6, 2023",User,2023
2157,36,78,1,"Tuesday, March 28, 2023",User,2023
2165,31,140,1,"Thursday, August 17, 2023",User,2023
2173,19,22,1,"Saturday, September 23, 2023",User,2023
2237,32,38,1,"Sunday, November 5, 2023",User,2023
2300,32,24,1,"Thursday, September 7, 2023",User,2023
2352,7,58,1,"Saturday, January 28, 2023",User,2023
2389,31,107,1,"Sunday, May 14, 2023",User,2023
2394,31,199,1,"Saturday, July 22, 2023",User,2023
2408,32,39,1,"Friday, January 27, 2023",User,2023
2410,36,75,1,"Thursday, September 7, 2023",User,2023
2435,25,46,1,"Saturday, December 9, 2023",User,2023
2463,36,3,1,"Sunday, November 12, 2023",User,2023
2500,3,141,1,"Tuesday, September 19, 2023",User,2023
2518,3,162,1,"Tuesday, August 22, 2023",User,2023
2580,7,178,1,"Tuesday, June 6, 2023",User,2023
2611,3,74,1,"Saturday, February 25, 2023",User,2023
2661,7,72,1,"Wednesday, May 17, 2023",User,2023
2713,7,88,1,"Thursday, August 10, 2023",User,2023
2759,19,45,1,"Wednesday, June 21, 2023",User,2023
2760,25,60,1,"Wednesday, November 22, 2023",User,2023
2765,3,62,1,"Monday, December 4, 2023",User,2023
2788,3,71,1,"Monday, September 25, 2023",User,2023
2847,31,159,1,"Friday, December 8, 2023",User,2023
2852,19,136,1,"Sunday, July 30, 2023",User,2023
2960,32,200,1,"Thursday, June 15, 2023",User,2023
2971,19,197,1,"Sunday, July 9, 2023",User,2023
3006,31,83,1,"Thursday, July 27, 2023",User,2023
3015,19,183,1,"Thursday, February 16, 2023",User,2023
3065,7,138,1,"Thursday, June 29, 2023",User,2023
3067,25,79,1,"Friday, April 28, 2023",User,2023
3105,7,32,1,"Thursday, July 20, 2023",User,2023
3178,3,171,1,"Friday, October 20, 2023",User,2023
3267,25,57,1,"Saturday, April 8, 2023",User,2023
3382,32,131,1,"Thursday, September 14, 2023",User,2023
3395,7,147,1,"Saturday, July 8, 2023",User,2023
3432,36,40,1,"Tuesday, October 17, 2023",User,2023
3434,3,36,1,"Wednesday, February 8, 2023",User,2023
3455,32,130,1,"Wednesday, July 12, 2023",User,2023
3510,7,200,1,"Sunday, October 1, 2023",User,2023
3717,7,118,1,"Friday, October 27, 2023",User,2023
3762,7,144,1,"Wednesday, February 1, 2023",User,2023
3795,36,19,1,"Wednesday, February 1, 2023",User,2023
3812,7,40,1,"Saturday, February 18, 2023",User,2023
3877,31,175,1,"Thursday, February 2, 2023",User,2023
3883,3,101,1,"Monday, October 9, 2023",User,2023
3897,32,5,1,"Tuesday, May 2, 2023",User,2023
3908,32,200,1,"Wednesday, July 12, 2023",User,2023
3913,36,153,1,"Saturday, April 1, 2023",User,2023
3928,25,150,1,"Thursday, November 30, 2023",User,2023
4029,31,148,1,"Saturday, May 27, 2023",User,2023
4033,19,107,1,"Tuesday, December 12, 2023",User,2023
4074,3,147,1,"Wednesday, December 13, 2023",User,2023
4090,25,126,1,"Monday, November 13, 2023",User,2023
4104,36,68,1,"Thursday, November 16, 2023",User,2023
4254,36,32,1,"Monday, October 23, 2023",User,2023
4275,25,41,1,"Monday, June 26, 2023",User,2023
4294,36,172,1,"Monday, October 2, 2023",User,2023
4314,32,15,1,"Friday, August 4, 2023",User,2023
4342,25,142,1,"Friday, January 13, 2023",User,2023
4400,25,62,1,"Wednesday, July 12, 2023",User,2023
4537,3,59,1,"Sunday, October 15, 2023",User,2023
4563,7,200,1,"Saturday, January 14, 2023",User,2023
4571,3,106,1,"Saturday, October 28, 2023",User,2023
4572,19,8,1,"Monday, April 17, 2023",User,2023
4597,31,97,1,"Monday, March 6, 2023",User,2023
4627,25,2,1,"Monday, July 31, 2023",User,2023
4746,19,34,1,"Tuesday, April 11, 2023",User,2023
4764,25,17,1,"Sunday, May 28, 2023",User,2023
4808,36,6,1,"Monday, January 2, 2023",User,2023
4823,31,155,1,"Monday, July 3, 2023",User,2023
4846,31,97,1,"Wednesday, December 13, 2023",User,2023
4870,25,73,1,"Sunday, February 5, 2023",User,2023
4889,36,114,1,"Friday, April 21, 2023",User,2023
4890,3,18,1,"Saturday, November 4, 2023",User,2023
4911,19,199,1,"Thursday, January 5, 2023",User,2023
4925,19,85,1,"Thursday, September 28, 2023",User,2023
4956,19,94,1,"Sunday, October 1, 2023",User,2023
5024,36,87,1,"Friday, November 17, 2023",User,2023
5076,31,180,1,"Monday, December 11, 2023",User,2023
5086,36,44,1,"Tuesday, August 8, 2023",User,2023
5113,7,11,1,"Wednesday, June 21, 2023",User,2023
5137,32,181,1,"Wednesday, December 6, 2023",User,2023
5181,19,100,1,"Monday, September 18, 2023",User,2023
5224,31,131,1,"Tuesday, April 11, 2023",User,2023
5246,25,100,1,"Thursday, March 30, 2023",User,2023
5275,19,135,1,"Sunday, May 7, 2023",User,2023
5319,36,85,1,"Monday, May 22, 2023",User,2023
5426,7,86,1,"Sunday, December 10, 2023",User,2023
5466,3,74,1,"Monday, October 16, 2023",User,2023
5473,32,82,1,"Friday, June 30, 2023",User,2023
5478,3,198,1,"Friday, September 29, 2023",User,2023
5498,31,144,1,"Thursday, January 12, 2023",User,2023
5526,36,85,1,"Saturday, November 18, 2023",User,2023
5531,32,186,1,"Thursday, June 15, 2023",User,2023
5553,25,58,1,"Tuesday, June 6, 2023",User,2023
5562,31,73,1,"Tuesday, August 22, 2023",User,2023
5596,32,65,1,"Tuesday, July 25, 2023",User,2023
5634,19,194,1,"Monday, May 22, 2023",User,2023
5646,31,27,1,"Wednesday, May 3, 2023",User,2023
5662,25,62,1,"Friday, June 30, 2023",User,2023
5704,7,187,1,"Friday, March 31, 2023",User,2023
5769,25,139,1,"Thursday, January 26, 2023",User,2023
5828,31,71,1,"Wednesday, April 26, 2023",User,2023
5830,31,151,1,"Sunday, October 22, 2023",User,2023
5889,19,143,1,"Friday, December 8, 2023",User,2023
5892,32,18,1,"Monday, March 27, 2023",User,2023
5951,19,8,1,"Wednesday, July 12, 2023",User,2023
5979,32,168,1,"Friday, March 17, 2023",User,2023
6026,7,71,1,"Saturday, August 5, 2023",User,2023
6086,31,98,1,"Saturday, March 11, 2023",User,2023
6133,36,46,1,"Monday, October 30, 2023",User,2023
6173,3,93,1,"Sunday, September 3, 2023",User,2023
6180,32,133,1,"Tuesday, November 7, 2023",User,2023
6205,25,109,1,"Monday, December 25, 2023",User,2023
6211,36,52,1,"Sunday, November 5, 2023",User,2023
6239,32,19,1,"Thursday, July 13, 2023",User,2023
6250,32,177,1,"Monday, May 22, 2023",User,2023
6254,31,31,1,"Friday, June 2, 2023",User,2023
6264,3,151,1,"Monday, July 3, 2023",User,2023
6304,31,138,1,"Tuesday, October 31, 2023",User,2023
6363,19,178,1,"Friday, October 6, 2023",User,2023
6398,3,15,1,"Friday, December 8, 2023",User,2023
6451,3,55,1,"Sunday, July 30, 2023",User,2023
6465,32,77,1,"Monday, September 18, 2023",User,2023
6504,36,183,1,"Thursday, October 12, 2023",User,2023
6531,7,68,1,"Friday, December 1, 2023",User,2023
6567,31,169,1,"Tuesday, October 10, 2023",User,2023
6573,7,118,1,"Sunday, March 19, 2023",User,2023
6578,3,74,1,"Saturday, January 28, 2023",User,2023
6636,7,161,1,"Sunday, June 18, 2023",User,2023
6780,3,17,1,"Saturday, September 30, 2023",User,2023
6797,3,122,1,"Friday, March 17, 2023",User,2023
6961,31,178,1,"Tuesday, November 21, 2023",User,2023
7077,19,56,1,"Friday, September 8, 2023",User,2023
7174,7,192,1,"Monday, July 10, 2023",User,2023
7238,19,28,1,"Friday, July 7, 2023",User,2023
7259,36,80,1,"Saturday, May 20, 2023",User,2023
7277,36,136,1,"Friday, July 28, 2023",User,2023
7296,36,200,1,"Wednesday, February 1, 2023",User,2023
7306,32,178,1,"Tuesday, June 13, 2023",User,2023
7315,36,131,1,"Wednesday, July 5, 2023",User,2023
7430,32,15,1,"Tuesday, January 10, 2023",User,2023
7439,32,105,1,"Sunday, July 23, 2023",User,2023
7442,36,12,1,"Sunday, May 21, 2023",User,2023
7520,3,117,1,"Monday, August 7, 2023",User,2023
7548,31,97,1,"Sunday, July 9, 2023",User,2023
7554,25,11,1,"Saturday, April 22, 2023",User,2023
7563,25,141,1,"Saturday, August 5, 2023",User,2023
7610,19,83,1,"Wednesday, August 2, 2023",User,2023
7617,7,180,1,"Wednesday, November 1, 2023",User,2023
7633,32,114,1,"Tuesday, July 18, 2023",User,2023
7659,31,189,1,"Sunday, April 30, 2023",User,2023
7669,25,117,1,"Saturday, August 5, 2023",User,2023
7690,36,177,1,"Tuesday, May 23, 2023",User,2023
7717,36,106,1,"Sunday, April 23, 2023",User,2023
7750,25,8,1,"Thursday, January 12, 2023",User,2023
7797,32,42,1,"Monday, October 30, 2023",User,2023
7872,36,89,1,"Tuesday, August 8, 2023",User,2023
7887,25,69,1,"Tuesday, January 17, 2023",User,2023
7921,32,70,1,"Monday, May 1, 2023",User,2023
7944,7,153,1,"Wednesday, May 17, 2023",User,2023
7948,32,65,1,"Tuesday, March 7, 2023",User,2023
8034,31,165,1,"Wednesday, August 23, 2023",User,2023
8076,7,22,1,"Monday, January 23, 2023",User,2023
8159,25,48,1,"Wednesday, October 11, 2023",User,2023
8189,36,132,1,"Monday, May 15, 2023",User,2023
8230,32,89,1,"Thursday, December 21, 2023",User,2023
8236,3,106,1,"Wednesday, April 19, 2023",User,2023
8261,25,166,1,"Tuesday, October 31, 2023",User,2023
8280,32,158,1,"Thursday, January 19, 2023",User,2023
8332,25,58,1,"Monday, March 20, 2023",User,2023
8362,36,73,1,"Wednesday, September 20, 2023",User,2023
8441,36,50,1,"Wednesday, July 19, 2023",User,2023
8461,7,24,1,"Thursday, August 10, 2023",User,2023
8472,31,14,1,"Wednesday, October 25, 2023",User,2023
8483,7,123,1,"Wednesday, May 24, 2023",User,2023
8485,32,46,1,"Thursday, May 18, 2023",User,2023
8509,3,177,1,"Friday, February 17, 2023",User,2023
8549,3,41,1,"Tuesday, June 27, 2023",User,2023
8561,32,162,1,"Tuesday, July 18, 2023",User,2023
8566,19,32,1,"Saturday, February 11, 2023",User,2023
8641,3,162,1,"Tuesday, November 14, 2023",User,2023
8647,7,111,1,"Sunday, October 29, 2023",User,2023
8736,19,196,1,"Tuesday, November 21, 2023",User,2023
8741,36,136,1,"Wednesday, September 27, 2023",User,2023
8745,25,5,1,"Friday, June 9, 2023",User,2023
8765,31,59,1,"Tuesday, May 30, 2023",User,2023
8780,7,88,1,"Sunday, August 20, 2023",User,2023
8838,3,188,1,"Friday, July 7, 2023",User,2023
8842,36,7,1,"Saturday, November 18, 2023",User,2023
8866,3,96,1,"Saturday, July 8, 2023",User,2023
8910,3,132,1,"Sunday, November 19, 2023",User,2023
8914,3,188,1,"Saturday, April 15, 2023",User,2023
8947,7,10,1,"Wednesday, February 15, 2023",User,2023
8968,25,46,1,"Monday, October 30, 2023",User,2023
8971,7,110,1,"Friday, January 6, 2023",User,2023
9006,7,81,1,"Sunday, May 14, 2023",User,2023
9043,3,80,1,"Thursday, February 9, 2023",User,2023
9048,31,62,1,"Saturday, September 9, 2023",User,2023
9116,25,60,1,"Friday, May 5, 2023",User,2023
9195,31,150,1,"Friday, January 20, 2023",User,2023
9214,36,63,1,"Wednesday, March 1, 2023",User,2023
9248,3,25,1,"Thursday, October 19, 2023",User,2023
9320,7,87,1,"Friday, August 18, 2023",User,2023
9397,36,75,1,"Saturday, January 14, 2023",User,2023
9409,19,16,1,"Saturday, September 23, 2023",User,2023
9419,7,81,1,"Thursday, October 19, 2023",User,2023
9466,36,58,1,"Tuesday, October 3, 2023",User,2023
9482,3,59,1,"Saturday, October 28, 2023",User,2023
9510,36,182,1,"Wednesday, July 12, 2023",User,2023
9515,36,152,1,"Sunday, September 24, 2023",User,2023
9554,36,164,1,"Sunday, October 8, 2023",User,2023
9583,19,180,1,"Wednesday, December 13, 2023",User,2023
9614,3,119,1,"Sunday, September 10, 2023",User,2023
9630,19,119,1,"Monday, July 3, 2023",User,2023
9633,36,176,1,"Sunday, December 3, 2023",User,2023
9644,7,95,1,"Wednesday, June 7, 2023",User,2023
9667,19,175,1,"Tuesday, August 22, 2023",User,2023
9711,7,61,1,"Monday, March 20, 2023",User,2023
9729,7,200,1,"Wednesday, May 24, 2023",User,2023
9787,32,187,1,"Wednesday, May 31, 2023",User,2023
9800,31,154,1,"Tuesday, July 4, 2023",User,2023
9814,31,19,1,"Tuesday, January 10, 2023",User,2023
9829,32,35,1,"Tuesday, September 12, 2023",User,2023
9840,36,147,1,"Sunday, July 9, 2023",User,2023
9890,31,158,1,"Monday, July 31, 2023",User,2023
9971,31,119,1,"Monday, January 2, 2023",User,2023
9974,32,85,1,"Sunday, September 10, 2023",User,2023
6,31,86,1,"Friday, August 18, 2023",User,2023
57,3,94,1,"Monday, October 30, 2023",User,2023
71,32,83,1,"Friday, November 17, 2023",User,2023
126,19,46,1,"Friday, February 2, 2024",User,2024
220,31,25,1,"Thursday, October 5, 2023",User,2023
242,25,126,1,"Wednesday, September 6, 2023",User,2023
291,19,47,1,"Thursday, August 17, 2023",User,2023
365,19,22,1,"Thursday, March 16, 2023",User,2023
415,31,124,1,"Thursday, May 25, 2023",User,2023
421,7,81,1,"Monday, February 6, 2023",User,2023
514,25,18,1,"Monday, April 24, 2023",User,2023
532,19,167,1,"Thursday, May 18, 2023",User,2023
550,19,38,1,"Tuesday, June 13, 2023",User,2023
552,19,30,1,"Thursday, June 15, 2023",User,2023
608,36,54,1,"Monday, January 9, 2023",User,2023
676,7,134,1,"Monday, June 12, 2023",User,2023
702,19,76,1,"Wednesday, August 2, 2023",User,2023
712,32,38,1,"Wednesday, February 22, 2023",User,2023
730,36,98,1,"Monday, March 20, 2023",User,2023
753,36,190,1,"Thursday, April 20, 2023",User,2023
839,36,21,1,"Friday, August 18, 2023",User,2023
858,25,87,1,"Thursday, September 14, 2023",User,2023
889,25,140,1,"Friday, October 27, 2023",User,2023
946,7,22,1,"Tuesday, January 16, 2024",User,2024
966,19,139,1,"Tuesday, February 13, 2024",User,2024
979,25,184,1,"Wednesday, January 3, 2024",User,2024
993,25,113,1,"Thursday, March 21, 2024",User,2024
1025,25,79,1,"Tuesday, January 17, 2023",User,2023
1116,31,39,1,"Sunday, September 17, 2023",User,2023
1178,32,35,1,"Tuesday, March 14, 2023",User,2023
1233,31,38,1,"Wednesday, July 26, 2023",User,2023
1270,36,158,1,"Friday, July 14, 2023",User,2023
1291,31,39,1,"Tuesday, January 3, 2023",User,2023
1382,3,197,1,"Tuesday, June 20, 2023",User,2023
1436,19,78,1,"Saturday, January 28, 2023",User,2023
1438,32,29,1,"Saturday, July 29, 2023",User,2023
1513,32,33,1,"Monday, January 30, 2023",User,2023
1518,7,50,1,"Friday, June 23, 2023",User,2023
1575,32,186,1,"Wednesday, September 27, 2023",User,2023
1641,7,151,1,"Tuesday, May 23, 2023",User,2023
1732,3,119,1,"Saturday, April 8, 2023",User,2023
1776,31,19,1,"Thursday, October 5, 2023",User,2023
1820,3,137,1,"Friday, March 24, 2023",User,2023
1823,31,132,1,"Wednesday, February 1, 2023",User,2023
1831,3,13,1,"Wednesday, January 4, 2023",User,2023
1888,19,28,1,"Monday, March 20, 2023",User,2023
1913,7,77,1,"Thursday, March 9, 2023",User,2023
2024,31,80,1,"Tuesday, May 2, 2023",User,2023
2039,36,17,1,"Tuesday, February 14, 2023",User,2023
2065,19,168,1,"Tuesday, December 26, 2023",User,2023
2069,32,90,1,"Monday, January 23, 2023",User,2023
2146,7,147,1,"Saturday, May 6, 2023",User,2023
2157,36,78,1,"Tuesday, March 28, 2023",User,2023
2165,31,140,1,"Thursday, August 17, 2023",User,2023
2173,19,22,1,"Saturday, September 23, 2023",User,2023
2237,32,38,1,"Sunday, November 5, 2023",User,2023
2300,32,24,1,"Thursday, September 7, 2023",User,2023
2352,7,58,1,"Saturday, January 28, 2023",User,2023
2389,31,107,1,"Sunday, May 14, 2023",User,2023
2394,31,199,1,"Saturday, July 22, 2023",User,2023
2408,32,39,1,"Friday, January 27, 2023",User,2023
2410,36,75,1,"Thursday, September 7, 2023",User,2023
2435,25,46,1,"Saturday, December 9, 2023",User,2023
2463,36,3,1,"Sunday, November 12, 2023",User,2023
2500,3,141,1,"Tuesday, September 19, 2023",User,2023
2518,3,162,1,"Tuesday, August 22, 2023",User,2023
2580,7,178,1,"Tuesday, June 6, 2023",User,2023
2611,3,74,1,"Saturday, February 25, 2023",User,2023
2661,7,72,1,"Wednesday, May 17, 2023",User,2023
2713,7,88,1,"Thursday, August 10, 2023",User,2023
2759,19,45,1,"Wednesday, June 21, 2023",User,2023
2760,25,60,1,"Wednesday, November 22, 2023",User,2023
2765,3,62,1,"Monday, December 4, 2023",User,2023
2788,3,71,1,"Monday, September 25, 2023",User,2023
2847,31,159,1,"Friday, December 8, 2023",User,2023
2852,19,136,1,"Sunday, July 30, 2023",User,2023
2960,32,200,1,"Thursday, June 15, 2023",User,2023
2971,19,197,1,"Sunday, July 9, 2023",User,2023
3006,31,83,1,"Thursday, July 27, 2023",User,2023
3015,19,183,1,"Thursday, February 16, 2023",User,2023
3065,7,138,1,"Thursday, June 29, 2023",User,2023
3067,25,79,1,"Friday, April 28, 2023",User,2023
3105,7,32,1,"Thursday, July 20, 2023",User,2023
3178,3,171,1,"Friday, October 20, 2023",User,2023
3267,25,57,1,"Saturday, April 8, 2023",User,2023
3382,32,131,1,"Thursday, September 14, 2023",User,2023
3395,7,147,1,"Saturday, July 8, 2023",User,2023
3432,36,40,1,"Tuesday, October 17, 2023",User,2023
3434,3,36,1,"Wednesday, February 8, 2023",User,2023
3455,32,130,1,"Wednesday, July 12, 2023",User,2023
3510,7,200,1,"Sunday, October 1, 2023",User,2023
3717,7,118,1,"Friday, October 27, 2023",User,2023
3762,7,144,1,"Wednesday, February 1, 2023",User,2023
3795,36,19,1,"Wednesday, February 1, 2023",User,2023
3812,7,40,1,"Saturday, February 18, 2023",User,2023
3877,31,175,1,"Thursday, February 2, 2023",User,2023
3883,3,101,1,"Monday, October 9, 2023",User,2023
3897,32,5,1,"Tuesday, May 2, 2023",User,2023
3908,32,200,1,"Wednesday, July 12, 2023",User,2023
3913,36,153,1,"Saturday, April 1, 2023",User,2023
3928,25,150,1,"Thursday, November 30, 2023",User,2023
4029,31,148,1,"Saturday, May 27, 2023",User,2023
4033,19,107,1,"Tuesday, December 12, 2023",User,2023
4074,3,147,1,"Wednesday, December 13, 2023",User,2023
4090,25,126,1,"Monday, November 13, 2023",User,2023
4104,36,68,1,"Thursday, November 16, 2023",User,2023
4254,36,32,1,"Monday, October 23, 2023",User,2023
4275,25,41,1,"Monday, June 26, 2023",User,2023
4294,36,172,1,"Monday, October 2, 2023",User,2023
4314,32,15,1,"Friday, August 4, 2023",User,2023
4342,25,142,1,"Friday, January 13, 2023",User,2023
4400,25,62,1,"Wednesday, July 12, 2023",User,2023
4537,3,59,1,"Sunday, October 15, 2023",User,2023
4563,7,200,1,"Saturday, January 14, 2023",User,2023
4571,3,106,1,"Saturday, October 28, 2023",User,2023
4572,19,8,1,"Monday, April 17, 2023",User,2023
4597,31,97,1,"Monday, March 6, 2023",User,2023
4627,25,2,1,"Monday, July 31, 2023",User,2023
4746,19,34,1,"Tuesday, April 11, 2023",User,2023
4764,25,17,1,"Sunday, May 28, 2023",User,2023
4808,36,6,1,"Monday, January 2, 2023",User,2023
4,25,129,1,"Friday, April 1, 2022",User,2022
409,7,127,1,"Monday, February 13, 2023",User,2023
463,32,85,1,"Friday, August 4, 2023",User,2023
525,36,186,1,"Wednesday, September 6, 2023",User,2023
536,32,158,1,"Tuesday, June 20, 2023",User,2023
691,25,15,1,"Wednesday, November 22, 2023",User,2023
749,31,31,1,"Friday, January 19, 2024",User,2024
892,19,69,1,"Sunday, October 6, 2024",User,2024
992,19,33,1,"Wednesday, September 18, 2024",User,2024
1166,31,94,1,"Monday, November 3, 2025",User,2025
1274,7,140,1,"Friday, June 27, 2025",User,2025
1282,31,16,1,"Wednesday, May 7, 2025",User,2025
1298,31,177,1,"Monday, July 21, 2025",User,2025
1364,32,191,1,"Thursday, September 25, 2025",User,2025
1483,3,198,1,"Thursday, January 22, 2026",User,2026
125,29,118,1,"Saturday, January 14, 2023",User,2023
176,29,67,1,"Saturday, February 25, 2023",User,2023
254,29,81,1,"Wednesday, March 22, 2023",User,2023
329,29,105,1,"Tuesday, November 21, 2023",User,2023
337,29,54,1,"Tuesday, December 26, 2023",User,2023
541,29,97,1,"Tuesday, August 29, 2023",User,2023
656,29,169,1,"Sunday, March 19, 2023",User,2023
1285,29,90,1,"Sunday, April 9, 2023",User,2023
1293,29,37,1,"Saturday, April 22, 2023",User,2023
1983,29,12,1,"Wednesday, November 8, 2023",User,2023
2135,29,26,1,"Sunday, December 31, 2023",User,2023
2263,29,193,1,"Friday, October 13, 2023",User,2023
2279,29,157,1,"Thursday, October 19, 2023",User,2023
2336,29,69,1,"Thursday, December 14, 2023",User,2023
2515,29,13,1,"Sunday, February 5, 2023",User,2023
2753,29,176,1,"Tuesday, April 11, 2023",User,2023
3108,29,165,1,"Tuesday, April 4, 2023",User,2023
3368,29,189,1,"Saturday, December 30, 2023",User,2023
3663,29,37,1,"Tuesday, January 17, 2023",User,2023
4509,29,137,1,"Wednesday, November 15, 2023",User,2023
4809,29,58,1,"Friday, June 9, 2023",User,2023
5226,29,105,1,"Wednesday, February 15, 2023",User,2023
5334,29,197,1,"Tuesday, June 27, 2023",User,2023
6000,29,152,1,"Wednesday, March 8, 2023",User,2023
6040,29,59,1,"Sunday, January 15, 2023",User,2023
6116,29,118,1,"Friday, June 16, 2023",User,2023
6146,29,93,1,"Friday, August 25, 2023",User,2023
6756,29,196,1,"Sunday, August 20, 2023",User,2023
6969,29,115,1,"Thursday, October 26, 2023",User,2023
7176,29,194,1,"Monday, September 11, 2023",User,2023
7724,29,66,1,"Thursday, September 14, 2023",User,2023
7817,29,127,1,"Friday, June 23, 2023",User,2023
7824,29,139,1,"Friday, April 21, 2023",User,2023
7943,29,142,1,"Thursday, August 3, 2023",User,2023
8045,29,12,1,"Thursday, March 16, 2023",User,2023
8106,29,159,1,"Wednesday, February 1, 2023",User,2023
8533,29,181,1,"Monday, May 15, 2023",User,2023
8621,29,50,1,"Friday, November 24, 2023",User,2023
8773,29,100,1,"Wednesday, July 19, 2023",User,2023
8794,29,121,1,"Friday, June 2, 2023",User,2023
9827,29,173,1,"Wednesday, March 1, 2023",User,2023
125,29,118,1,"Tuesday, January 2, 2024",User,2024
176,29,67,1,"Sunday, September 3, 2023",User,2023
254,29,81,1,"Tuesday, June 27, 2023",User,2023
329,29,105,1,"Wednesday, January 25, 2023",User,2023
337,29,54,1,"Friday, June 2, 2023",User,2023
541,29,97,1,"Wednesday, May 31, 2023",User,2023
656,29,169,1,"Friday, August 11, 2023",User,2023
1285,29,90,1,"Sunday, April 9, 2023",User,2023
1293,29,37,1,"Saturday, April 22, 2023",User,2023
1983,29,12,1,"Wednesday, November 8, 2023",User,2023
2135,29,26,1,"Sunday, December 31, 2023",User,2023
2263,29,193,1,"Friday, October 13, 2023",User,2023
2279,29,157,1,"Thursday, October 19, 2023",User,2023
2336,29,69,1,"Thursday, December 14, 2023",User,2023
2515,29,13,1,"Sunday, February 5, 2023",User,2023
2753,29,176,1,"Tuesday, April 11, 2023",User,2023
3108,29,165,1,"Tuesday, April 4, 2023",User,2023
3368,29,189,1,"Saturday, December 30, 2023",User,2023
3663,29,37,1,"Tuesday, January 17, 2023",User,2023
4509,29,137,1,"Wednesday, November 15, 2023",User,2023
4809,29,58,1,"Friday, June 9, 2023",User,2023
199,29,158,1,"Monday, July 18, 2022",User,2022
1313,29,81,1,"Thursday, May 8, 2025",User,2025
60,9,55,1,"Tuesday, July 11, 2023",User,2023
118,9,11,1,"Saturday, July 1, 2023",User,2023
720,9,180,1,"Monday, January 16, 2023",User,2023
1127,9,71,1,"Thursday, May 11, 2023",User,2023
1152,9,113,1,"Thursday, December 21, 2023",User,2023
1179,9,183,1,"Monday, July 17, 2023",User,2023
1318,9,59,1,"Sunday, January 8, 2023",User,2023
1580,9,97,1,"Thursday, January 12, 2023",User,2023
1786,9,113,1,"Saturday, February 4, 2023",User,2023
2211,9,46,1,"Tuesday, April 4, 2023",User,2023
2364,9,139,1,"Monday, August 28, 2023",User,2023
2655,9,88,1,"Sunday, June 25, 2023",User,2023
2694,9,141,1,"Sunday, July 16, 2023",User,2023
2864,9,139,1,"Saturday, October 28, 2023",User,2023
3418,9,119,1,"Tuesday, May 16, 2023",User,2023
4066,9,95,1,"Thursday, July 6, 2023",User,2023
4095,9,60,1,"Friday, April 28, 2023",User,2023
4591,9,50,1,"Saturday, March 4, 2023",User,2023
4705,9,74,1,"Wednesday, April 12, 2023",User,2023
4949,9,128,1,"Friday, February 24, 2023",User,2023
5194,9,92,1,"Saturday, August 12, 2023",User,2023
5257,9,84,1,"Wednesday, April 12, 2023",User,2023
5263,9,91,1,"Friday, June 2, 2023",User,2023
5361,9,186,1,"Saturday, July 29, 2023",User,2023
5595,9,171,1,"Thursday, March 30, 2023",User,2023
6365,9,147,1,"Sunday, March 5, 2023",User,2023
6557,9,83,1,"Thursday, June 29, 2023",User,2023
6671,9,184,1,"Saturday, May 20, 2023",User,2023
6854,9,111,1,"Friday, May 12, 2023",User,2023
7055,9,88,1,"Thursday, September 28, 2023",User,2023
7141,9,161,1,"Thursday, March 9, 2023",User,2023
7217,9,183,1,"Tuesday, October 24, 2023",User,2023
7321,9,117,1,"Friday, July 7, 2023",User,2023
7333,9,83,1,"Sunday, March 19, 2023",User,2023
7352,9,69,1,"Saturday, April 22, 2023",User,2023
7387,9,178,1,"Saturday, July 1, 2023",User,2023
8550,9,187,1,"Saturday, April 8, 2023",User,2023
9542,9,24,1,"Thursday, January 12, 2023",User,2023
60,9,55,1,"Saturday, February 11, 2023",User,2023
118,9,11,1,"Tuesday, January 23, 2024",User,2024
720,9,180,1,"Saturday, June 3, 2023",User,2023
1127,9,71,1,"Thursday, May 11, 2023",User,2023
1152,9,113,1,"Thursday, December 21, 2023",User,2023
1179,9,183,1,"Monday, July 17, 2023",User,2023
1318,9,59,1,"Sunday, January 8, 2023",User,2023
1580,9,97,1,"Thursday, January 12, 2023",User,2023
1786,9,113,1,"Saturday, February 4, 2023",User,2023
2211,9,46,1,"Tuesday, April 4, 2023",User,2023
2364,9,139,1,"Monday, August 28, 2023",User,2023
2655,9,88,1,"Sunday, June 25, 2023",User,2023
2694,9,141,1,"Sunday, July 16, 2023",User,2023
2864,9,139,1,"Saturday, October 28, 2023",User,2023
3418,9,119,1,"Tuesday, May 16, 2023",User,2023
4066,9,95,1,"Thursday, July 6, 2023",User,2023
4095,9,60,1,"Friday, April 28, 2023",User,2023
4591,9,50,1,"Saturday, March 4, 2023",User,2023
4705,9,74,1,"Wednesday, April 12, 2023",User,2023
33,9,107,1,"Wednesday, February 2, 2022",User,2022
572,9,85,1,"Wednesday, July 26, 2023",User,2023
650,9,159,1,"Sunday, December 10, 2023",User,2023
904,9,120,1,"Saturday, June 22, 2024",User,2024
1006,9,152,1,"Saturday, February 10, 2024",User,2024
1036,9,160,1,"Thursday, January 11, 2024",User,2024
1170,9,35,1,"Saturday, March 15, 2025",User,2025
279,35,178,1,"Sunday, June 18, 2023",User,2023
501,35,168,1,"Tuesday, June 13, 2023",User,2023
806,35,11,1,"Sunday, November 5, 2023",User,2023
848,35,97,1,"Monday, January 23, 2023",User,2023
929,35,196,1,"Sunday, September 17, 2023",User,2023
1462,35,27,1,"Friday, May 19, 2023",User,2023
1648,35,181,1,"Monday, September 25, 2023",User,2023
1691,35,123,1,"Wednesday, May 10, 2023",User,2023
2011,35,176,1,"Monday, December 11, 2023",User,2023
2093,35,122,1,"Wednesday, May 31, 2023",User,2023
2195,35,56,1,"Monday, January 16, 2023",User,2023
2215,35,196,1,"Thursday, August 17, 2023",User,2023
2295,35,129,1,"Friday, December 1, 2023",User,2023
2462,35,46,1,"Tuesday, May 16, 2023",User,2023
3277,35,31,1,"Wednesday, August 23, 2023",User,2023
3366,35,149,1,"Sunday, March 5, 2023",User,2023
4248,35,37,1,"Thursday, September 28, 2023",User,2023
4380,35,82,1,"Saturday, October 14, 2023",User,2023
4661,35,86,1,"Wednesday, March 15, 2023",User,2023
4831,35,150,1,"Monday, September 11, 2023",User,2023
4839,35,110,1,"Sunday, February 5, 2023",User,2023
5381,35,181,1,"Sunday, June 18, 2023",User,2023
6051,35,108,1,"Saturday, July 8, 2023",User,2023
6076,35,15,1,"Sunday, April 16, 2023",User,2023
6228,35,131,1,"Tuesday, April 25, 2023",User,2023
6278,35,2,1,"Tuesday, August 15, 2023",User,2023
6314,35,32,1,"Friday, August 25, 2023",User,2023
6388,35,159,1,"Saturday, February 25, 2023",User,2023
6577,35,166,1,"Tuesday, December 19, 2023",User,2023
6639,35,96,1,"Wednesday, February 22, 2023",User,2023
6723,35,121,1,"Wednesday, August 2, 2023",User,2023
7106,35,41,1,"Friday, September 29, 2023",User,2023
7448,35,128,1,"Sunday, September 17, 2023",User,2023
7529,35,65,1,"Saturday, September 23, 2023",User,2023
7572,35,169,1,"Monday, November 20, 2023",User,2023
7803,35,100,1,"Monday, June 19, 2023",User,2023
8160,35,137,1,"Saturday, October 7, 2023",User,2023
8377,35,195,1,"Saturday, December 30, 2023",User,2023
8478,35,148,1,"Friday, July 21, 2023",User,2023
8790,35,13,1,"Friday, June 23, 2023",User,2023
8888,35,95,1,"Wednesday, April 5, 2023",User,2023
9105,35,17,1,"Tuesday, July 11, 2023",User,2023
9124,35,121,1,"Friday, October 6, 2023",User,2023
9267,35,57,1,"Thursday, July 20, 2023",User,2023
9589,35,196,1,"Sunday, May 21, 2023",User,2023
9986,35,101,1,"Wednesday, August 23, 2023",User,2023
279,35,178,1,"Sunday, January 8, 2023",User,2023
501,35,168,1,"Friday, September 22, 2023",User,2023
806,35,11,1,"Friday, April 7, 2023",User,2023
848,35,97,1,"Thursday, August 31, 2023",User,2023
929,35,196,1,"Friday, December 22, 2023",User,2023
1462,35,27,1,"Friday, May 19, 2023",User,2023
1648,35,181,1,"Monday, September 25, 2023",User,2023
1691,35,123,1,"Wednesday, May 10, 2023",User,2023
2011,35,176,1,"Monday, December 11, 2023",User,2023
2093,35,122,1,"Wednesday, May 31, 2023",User,2023
2195,35,56,1,"Monday, January 16, 2023",User,2023
2215,35,196,1,"Thursday, August 17, 2023",User,2023
2295,35,129,1,"Friday, December 1, 2023",User,2023
2462,35,46,1,"Tuesday, May 16, 2023",User,2023
3277,35,31,1,"Wednesday, August 23, 2023",User,2023
3366,35,149,1,"Sunday, March 5, 2023",User,2023
4248,35,37,1,"Thursday, September 28, 2023",User,2023
4380,35,82,1,"Saturday, October 14, 2023",User,2023
4661,35,86,1,"Wednesday, March 15, 2023",User,2023
609,35,81,1,"Monday, January 9, 2023",User,2023
22,11,66,1,"Saturday, July 1, 2023",User,2023
104,11,97,1,"Friday, November 10, 2023",User,2023
247,11,87,1,"Sunday, July 16, 2023",User,2023
748,11,197,1,"Friday, June 16, 2023",User,2023
1304,11,101,1,"Monday, September 11, 2023",User,2023
1637,11,92,1,"Saturday, November 18, 2023",User,2023
1753,11,150,1,"Sunday, February 5, 2023",User,2023
1787,11,30,1,"Tuesday, September 26, 2023",User,2023
1803,11,154,1,"Monday, November 13, 2023",User,2023
1815,11,130,1,"Sunday, May 28, 2023",User,2023
2094,11,176,1,"Wednesday, November 1, 2023",User,2023
2589,11,64,1,"Thursday, February 23, 2023",User,2023
2766,11,33,1,"Sunday, February 26, 2023",User,2023
2815,11,161,1,"Friday, July 7, 2023",User,2023
3185,11,1,1,"Thursday, October 12, 2023",User,2023
3226,11,192,1,"Wednesday, May 24, 2023",User,2023
3393,11,44,1,"Thursday, June 8, 2023",User,2023
3399,11,49,1,"Sunday, February 26, 2023",User,2023
3468,11,74,1,"Tuesday, July 4, 2023",User,2023
3535,11,138,1,"Sunday, January 22, 2023",User,2023
4193,11,106,1,"Sunday, September 10, 2023",User,2023
5214,11,86,1,"Wednesday, November 22, 2023",User,2023
5238,11,141,1,"Monday, September 4, 2023",User,2023
5346,11,39,1,"Friday, June 23, 2023",User,2023
5724,11,57,1,"Monday, August 14, 2023",User,2023
5740,11,22,1,"Sunday, April 9, 2023",User,2023
6501,11,160,1,"Tuesday, February 7, 2023",User,2023
6794,11,193,1,"Wednesday, August 2, 2023",User,2023
7026,11,45,1,"Friday, January 27, 2023",User,2023
7794,11,161,1,"Saturday, January 7, 2023",User,2023
7902,11,97,1,"Friday, September 1, 2023",User,2023
8129,11,137,1,"Friday, December 1, 2023",User,2023
8134,11,139,1,"Sunday, August 6, 2023",User,2023
8143,11,109,1,"Friday, January 27, 2023",User,2023
8477,11,83,1,"Tuesday, January 10, 2023",User,2023
8510,11,143,1,"Sunday, December 17, 2023",User,2023
8628,11,4,1,"Thursday, June 22, 2023",User,2023
8715,11,99,1,"Monday, March 6, 2023",User,2023
8965,11,11,1,"Saturday, June 24, 2023",User,2023
9002,11,163,1,"Saturday, September 2, 2023",User,2023
9036,11,98,1,"Saturday, April 29, 2023",User,2023
9441,11,200,1,"Saturday, July 29, 2023",User,2023
9448,11,39,1,"Friday, January 6, 2023",User,2023
9541,11,40,1,"Thursday, January 26, 2023",User,2023
22,11,57,1,"Thursday, November 9, 2023",User,2023
104,11,97,1,"Friday, March 1, 2024",User,2024
247,11,87,1,"Friday, June 16, 2023",User,2023
748,11,197,1,"Thursday, April 13, 2023",User,2023
1304,11,101,1,"Monday, September 11, 2023",User,2023
1637,11,92,1,"Saturday, November 18, 2023",User,2023
1753,11,150,1,"Sunday, February 5, 2023",User,2023
1787,11,30,1,"Tuesday, September 26, 2023",User,2023
1803,11,154,1,"Monday, November 13, 2023",User,2023
1815,11,130,1,"Sunday, May 28, 2023",User,2023
2094,11,176,1,"Wednesday, November 1, 2023",User,2023
2589,11,64,1,"Thursday, February 23, 2023",User,2023
2766,11,33,1,"Sunday, February 26, 2023",User,2023
2815,11,161,1,"Friday, July 7, 2023",User,2023
3185,11,1,1,"Thursday, October 12, 2023",User,2023
3226,11,192,1,"Wednesday, May 24, 2023",User,2023
3393,11,44,1,"Thursday, June 8, 2023",User,2023
3399,11,49,1,"Sunday, February 26, 2023",User,2023
3468,11,74,1,"Tuesday, July 4, 2023",User,2023
3535,11,138,1,"Sunday, January 22, 2023",User,2023
4193,11,106,1,"Sunday, September 10, 2023",User,2023
71,11,138,1,"Saturday, December 3, 2022",User,2022
401,28,78,1,"Tuesday, December 26, 2023",User,2023
1055,28,167,1,"Monday, January 30, 2023",User,2023
1071,28,125,1,"Sunday, January 8, 2023",User,2023
1424,28,15,1,"Tuesday, November 28, 2023",User,2023
1552,28,38,1,"Wednesday, October 4, 2023",User,2023
2345,28,92,1,"Friday, April 21, 2023",User,2023
2539,28,97,1,"Saturday, January 14, 2023",User,2023
2974,28,107,1,"Thursday, July 20, 2023",User,2023
3047,28,66,1,"Saturday, April 15, 2023",User,2023
3228,28,17,1,"Sunday, December 31, 2023",User,2023
3394,28,107,1,"Wednesday, October 25, 2023",User,2023
3524,28,141,1,"Wednesday, April 26, 2023",User,2023
3529,28,53,1,"Friday, May 19, 2023",User,2023
3819,28,45,1,"Monday, May 29, 2023",User,2023
3998,28,130,1,"Saturday, November 11, 2023",User,2023
4178,28,18,1,"Wednesday, May 24, 2023",User,2023
4617,28,178,1,"Thursday, February 16, 2023",User,2023
4698,28,63,1,"Thursday, June 22, 2023",User,2023
4915,28,48,1,"Sunday, September 17, 2023",User,2023
5725,28,139,1,"Tuesday, August 1, 2023",User,2023
5855,28,128,1,"Sunday, July 16, 2023",User,2023
5881,28,184,1,"Sunday, March 19, 2023",User,2023
6176,28,195,1,"Sunday, October 1, 2023",User,2023
6190,28,83,1,"Saturday, February 11, 2023",User,2023
6347,28,110,1,"Wednesday, June 7, 2023",User,2023
6441,28,122,1,"Wednesday, May 31, 2023",User,2023
6633,28,16,1,"Wednesday, August 2, 2023",User,2023
6963,28,52,1,"Wednesday, July 26, 2023",User,2023
7070,28,78,1,"Monday, July 10, 2023",User,2023
7149,28,200,1,"Thursday, January 12, 2023",User,2023
7173,28,198,1,"Thursday, December 7, 2023",User,2023
7232,28,162,1,"Thursday, June 22, 2023",User,2023
7492,28,29,1,"Tuesday, August 22, 2023",User,2023
7511,28,131,1,"Monday, June 5, 2023",User,2023
7682,28,90,1,"Sunday, February 26, 2023",User,2023
7891,28,63,1,"Friday, March 10, 2023",User,2023
8084,28,148,1,"Sunday, June 25, 2023",User,2023
8171,28,166,1,"Tuesday, October 3, 2023",User,2023
8185,28,51,1,"Wednesday, August 2, 2023",User,2023
8425,28,123,1,"Thursday, February 2, 2023",User,2023
8855,28,161,1,"Thursday, November 9, 2023",User,2023
9522,28,167,1,"Tuesday, April 18, 2023",User,2023
9720,28,142,1,"Wednesday, October 25, 2023",User,2023
9897,28,17,1,"Thursday, January 26, 2023",User,2023
401,28,78,1,"Friday, May 5, 2023",User,2023
1055,28,167,1,"Monday, January 30, 2023",User,2023
1071,28,125,1,"Sunday, January 8, 2023",User,2023
1424,28,15,1,"Tuesday, November 28, 2023",User,2023
1552,28,38,1,"Wednesday, October 4, 2023",User,2023
2345,28,92,1,"Friday, April 21, 2023",User,2023
2539,28,97,1,"Saturday, January 14, 2023",User,2023
2974,28,107,1,"Thursday, July 20, 2023",User,2023
3047,28,66,1,"Saturday, April 15, 2023",User,2023
3228,28,17,1,"Sunday, December 31, 2023",User,2023
3394,28,107,1,"Wednesday, October 25, 2023",User,2023
3524,28,141,1,"Wednesday, April 26, 2023",User,2023
3529,28,53,1,"Friday, May 19, 2023",User,2023
3819,28,45,1,"Monday, May 29, 2023",User,2023
3998,28,130,1,"Saturday, November 11, 2023",User,2023
4178,28,18,1,"Wednesday, May 24, 2023",User,2023
4617,28,178,1,"Thursday, February 16, 2023",User,2023
4698,28,63,1,"Thursday, June 22, 2023",User,2023
159,28,37,1,"Saturday, August 6, 2022",User,2022
163,28,82,1,"Tuesday, December 6, 2022",User,2022
372,28,186,1,"Saturday, July 1, 2023",User,2023
483,28,80,1,"Friday, April 28, 2023",User,2023
1448,28,29,1,"Thursday, December 18, 2025",User,2025
98,23,21,1,"Wednesday, April 12, 2023",User,2023
177,23,160,1,"Sunday, October 29, 2023",User,2023
849,23,70,1,"Thursday, August 31, 2023",User,2023
1042,23,26,1,"Sunday, December 17, 2023",User,2023
1444,23,112,1,"Thursday, June 22, 2023",User,2023
1632,23,158,1,"Sunday, June 18, 2023",User,2023
1859,23,74,1,"Tuesday, November 28, 2023",User,2023
2482,23,10,1,"Tuesday, September 5, 2023",User,2023
2544,23,167,1,"Tuesday, February 28, 2023",User,2023
2772,23,182,1,"Sunday, September 24, 2023",User,2023
3068,23,52,1,"Monday, October 30, 2023",User,2023
3088,23,100,1,"Thursday, October 12, 2023",User,2023
3128,23,11,1,"Saturday, July 29, 2023",User,2023
3191,23,62,1,"Saturday, October 14, 2023",User,2023
3570,23,26,1,"Friday, September 29, 2023",User,2023
3590,23,131,1,"Friday, September 1, 2023",User,2023
3611,23,146,1,"Sunday, November 12, 2023",User,2023
3818,23,42,1,"Sunday, July 23, 2023",User,2023
4105,23,120,1,"Thursday, August 10, 2023",User,2023
4508,23,35,1,"Thursday, October 26, 2023",User,2023
4771,23,156,1,"Saturday, November 18, 2023",User,2023
4842,23,141,1,"Sunday, January 1, 2023",User,2023
4893,23,141,1,"Wednesday, July 5, 2023",User,2023
5043,23,110,1,"Saturday, January 21, 2023",User,2023
5462,23,2,1,"Wednesday, May 3, 2023",User,2023
5630,23,43,1,"Saturday, May 20, 2023",User,2023
5816,23,92,1,"Saturday, February 4, 2023",User,2023
6118,23,17,1,"Sunday, January 8, 2023",User,2023
6455,23,161,1,"Wednesday, May 17, 2023",User,2023
6594,23,94,1,"Thursday, August 10, 2023",User,2023
6905,23,116,1,"Wednesday, May 10, 2023",User,2023
7014,23,45,1,"Tuesday, October 10, 2023",User,2023
7069,23,135,1,"Friday, August 11, 2023",User,2023
7602,23,57,1,"Thursday, April 20, 2023",User,2023
7607,23,94,1,"Sunday, September 17, 2023",User,2023
7700,23,20,1,"Friday, April 7, 2023",User,2023
7779,23,16,1,"Thursday, November 2, 2023",User,2023
7846,23,195,1,"Sunday, March 5, 2023",User,2023
8411,23,70,1,"Sunday, July 23, 2023",User,2023
8579,23,52,1,"Thursday, August 31, 2023",User,2023
8690,23,148,1,"Friday, November 24, 2023",User,2023
8740,23,9,1,"Friday, May 5, 2023",User,2023
9308,23,165,1,"Sunday, May 7, 2023",User,2023
9592,23,170,1,"Thursday, April 27, 2023",User,2023
98,23,21,1,"Tuesday, December 26, 2023",User,2023
177,23,160,1,"Tuesday, October 3, 2023",User,2023
849,23,70,1,"Monday, January 9, 2023",User,2023
1042,23,26,1,"Sunday, December 17, 2023",User,2023
1444,23,112,1,"Thursday, June 22, 2023",User,2023
1632,23,158,1,"Sunday, June 18, 2023",User,2023
1859,23,74,1,"Tuesday, November 28, 2023",User,2023
2482,23,10,1,"Tuesday, September 5, 2023",User,2023
2544,23,167,1,"Tuesday, February 28, 2023",User,2023
2772,23,182,1,"Sunday, September 24, 2023",User,2023
3068,23,52,1,"Monday, October 30, 2023",User,2023
3088,23,100,1,"Thursday, October 12, 2023",User,2023
3128,23,11,1,"Saturday, July 29, 2023",User,2023
3191,23,62,1,"Saturday, October 14, 2023",User,2023
3570,23,26,1,"Friday, September 29, 2023",User,2023
3590,23,131,1,"Friday, September 1, 2023",User,2023
3611,23,146,1,"Sunday, November 12, 2023",User,2023
3818,23,42,1,"Sunday, July 23, 2023",User,2023
4105,23,120,1,"Thursday, August 10, 2023",User,2023
4508,23,35,1,"Thursday, October 26, 2023",User,2023
4771,23,156,1,"Saturday, November 18, 2023",User,2023
1194,23,110,1,"Monday, August 4, 2025",User,2025
1445,23,99,1,"Monday, December 15, 2025",User,2025
39,40,40,1,"Thursday, June 22, 2023",User,2023
122,40,184,1,"Tuesday, October 31, 2023",User,2023
161,40,39,1,"Monday, June 5, 2023",User,2023
191,40,187,1,"Saturday, June 3, 2023",User,2023
251,40,147,1,"Wednesday, July 5, 2023",User,2023
535,40,189,1,"Tuesday, June 13, 2023",User,2023
795,40,121,1,"Thursday, April 20, 2023",User,2023
837,40,99,1,"Wednesday, May 3, 2023",User,2023
975,40,119,1,"Monday, March 20, 2023",User,2023
1981,40,97,1,"Monday, December 11, 2023",User,2023
2610,40,165,1,"Sunday, July 23, 2023",User,2023
3264,40,103,1,"Sunday, November 26, 2023",User,2023
3270,40,145,1,"Sunday, October 22, 2023",User,2023
3298,40,72,1,"Friday, March 10, 2023",User,2023
3454,40,80,1,"Sunday, January 22, 2023",User,2023
3537,40,95,1,"Monday, June 26, 2023",User,2023
3707,40,175,1,"Thursday, January 5, 2023",User,2023
4284,40,85,1,"Tuesday, January 10, 2023",User,2023
4390,40,190,1,"Monday, February 6, 2023",User,2023
4475,40,79,1,"Tuesday, December 12, 2023",User,2023
4540,40,129,1,"Friday, May 12, 2023",User,2023
4659,40,158,1,"Wednesday, May 31, 2023",User,2023
4962,40,74,1,"Monday, September 11, 2023",User,2023
5241,40,136,1,"Tuesday, August 22, 2023",User,2023
5430,40,45,1,"Wednesday, October 11, 2023",User,2023
5931,40,124,1,"Tuesday, May 9, 2023",User,2023
6066,40,6,1,"Tuesday, October 10, 2023",User,2023
6071,40,125,1,"Friday, March 24, 2023",User,2023
6462,40,23,1,"Sunday, October 1, 2023",User,2023
6722,40,65,1,"Monday, May 15, 2023",User,2023
6755,40,161,1,"Friday, April 7, 2023",User,2023
6803,40,40,1,"Monday, July 31, 2023",User,2023
7004,40,85,1,"Sunday, October 1, 2023",User,2023
7262,40,197,1,"Friday, July 21, 2023",User,2023
7549,40,39,1,"Sunday, August 27, 2023",User,2023
7831,40,193,1,"Tuesday, May 2, 2023",User,2023
7978,40,9,1,"Tuesday, October 17, 2023",User,2023
8151,40,136,1,"Tuesday, July 11, 2023",User,2023
8343,40,53,1,"Tuesday, December 12, 2023",User,2023
8458,40,174,1,"Thursday, January 26, 2023",User,2023
8494,40,6,1,"Thursday, July 20, 2023",User,2023
9069,40,197,1,"Monday, December 25, 2023",User,2023
9683,40,91,1,"Wednesday, January 25, 2023",User,2023
9783,40,166,1,"Friday, May 26, 2023",User,2023
122,40,184,1,"Monday, January 29, 2024",User,2024
161,40,39,1,"Thursday, February 16, 2023",User,2023
191,40,187,1,"Thursday, March 30, 2023",User,2023
251,40,147,1,"Thursday, June 22, 2023",User,2023
535,40,189,1,"Tuesday, May 23, 2023",User,2023
795,40,121,1,"Monday, June 19, 2023",User,2023
837,40,99,1,"Wednesday, August 16, 2023",User,2023
975,40,119,1,"Monday, February 26, 2024",User,2024
1981,40,97,1,"Monday, December 11, 2023",User,2023
2610,40,165,1,"Sunday, July 23, 2023",User,2023
3264,40,103,1,"Sunday, November 26, 2023",User,2023
3270,40,145,1,"Sunday, October 22, 2023",User,2023
3298,40,72,1,"Friday, March 10, 2023",User,2023
3454,40,80,1,"Sunday, January 22, 2023",User,2023
3537,40,95,1,"Monday, June 26, 2023",User,2023
3707,40,175,1,"Thursday, January 5, 2023",User,2023
4284,40,85,1,"Tuesday, January 10, 2023",User,2023
4390,40,190,1,"Monday, February 6, 2023",User,2023
4475,40,79,1,"Tuesday, December 12, 2023",User,2023
4540,40,129,1,"Friday, May 12, 2023",User,2023
4659,40,158,1,"Wednesday, May 31, 2023",User,2023
1307,40,25,1,"Wednesday, July 30, 2025",User,2025
1314,40,33,1,"Sunday, June 8, 2025",User,2025
82,10,114,1,"Saturday, February 4, 2023",User,2023
210,10,121,1,"Friday, August 11, 2023",User,2023
420,10,76,1,"Thursday, August 17, 2023",User,2023
1231,10,82,1,"Saturday, June 3, 2023",User,2023
1460,10,79,1,"Wednesday, March 22, 2023",User,2023
1655,10,71,1,"Sunday, January 15, 2023",User,2023
2032,10,95,1,"Friday, June 16, 2023",User,2023
2677,10,64,1,"Thursday, November 16, 2023",User,2023
2707,10,18,1,"Saturday, September 23, 2023",User,2023
2830,10,112,1,"Sunday, January 8, 2023",User,2023
3132,10,153,1,"Sunday, September 3, 2023",User,2023
3333,10,123,1,"Wednesday, March 15, 2023",User,2023
3485,10,110,1,"Monday, July 3, 2023",User,2023
3530,10,167,1,"Tuesday, January 31, 2023",User,2023
3639,10,52,1,"Friday, October 27, 2023",User,2023
3721,10,183,1,"Thursday, March 23, 2023",User,2023
3803,10,15,1,"Sunday, February 26, 2023",User,2023
4270,10,156,1,"Thursday, March 2, 2023",User,2023
4285,10,126,1,"Friday, June 16, 2023",User,2023
4666,10,1,1,"Saturday, September 9, 2023",User,2023
4947,10,51,1,"Sunday, July 30, 2023",User,2023
5555,10,186,1,"Thursday, February 2, 2023",User,2023
6001,10,45,1,"Sunday, April 30, 2023",User,2023
6081,10,141,1,"Wednesday, March 15, 2023",User,2023
6182,10,181,1,"Monday, January 2, 2023",User,2023
6244,10,60,1,"Sunday, February 5, 2023",User,2023
6624,10,123,1,"Monday, December 11, 2023",User,2023
6864,10,80,1,"Wednesday, September 20, 2023",User,2023
6908,10,127,1,"Monday, April 17, 2023",User,2023
7053,10,75,1,"Tuesday, November 7, 2023",User,2023
7485,10,66,1,"Friday, June 23, 2023",User,2023
7613,10,45,1,"Wednesday, May 31, 2023",User,2023
7637,10,48,1,"Wednesday, February 1, 2023",User,2023
7828,10,90,1,"Monday, October 9, 2023",User,2023
7835,10,6,1,"Thursday, September 14, 2023",User,2023
8130,10,91,1,"Saturday, April 8, 2023",User,2023
8404,10,119,1,"Friday, October 13, 2023",User,2023
8421,10,83,1,"Sunday, October 8, 2023",User,2023
8593,10,129,1,"Saturday, May 6, 2023",User,2023
8880,10,180,1,"Tuesday, August 1, 2023",User,2023
9376,10,60,1,"Tuesday, February 21, 2023",User,2023
9479,10,50,1,"Saturday, March 25, 2023",User,2023
9585,10,113,1,"Monday, March 13, 2023",User,2023
9725,10,37,1,"Saturday, April 29, 2023",User,2023
82,10,145,1,"Wednesday, April 12, 2023",User,2023
210,10,121,1,"Wednesday, April 26, 2023",User,2023
420,10,76,1,"Friday, January 6, 2023",User,2023
1231,10,82,1,"Saturday, June 3, 2023",User,2023
1460,10,79,1,"Wednesday, March 22, 2023",User,2023
1655,10,71,1,"Sunday, January 15, 2023",User,2023
2032,10,95,1,"Friday, June 16, 2023",User,2023
2677,10,64,1,"Thursday, November 16, 2023",User,2023
2707,10,18,1,"Saturday, September 23, 2023",User,2023
2830,10,112,1,"Sunday, January 8, 2023",User,2023
3132,10,153,1,"Sunday, September 3, 2023",User,2023
3333,10,123,1,"Wednesday, March 15, 2023",User,2023
3485,10,110,1,"Monday, July 3, 2023",User,2023
3530,10,167,1,"Tuesday, January 31, 2023",User,2023
3639,10,52,1,"Friday, October 27, 2023",User,2023
3721,10,183,1,"Thursday, March 23, 2023",User,2023
3803,10,15,1,"Sunday, February 26, 2023",User,2023
4270,10,156,1,"Thursday, March 2, 2023",User,2023
4285,10,126,1,"Friday, June 16, 2023",User,2023
4666,10,1,1,"Saturday, September 9, 2023",User,2023
272,10,105,1,"Thursday, September 29, 2022",User,2022
313,10,142,1,"Sunday, September 11, 2022",User,2022
868,10,187,1,"Friday, May 17, 2024",User,2024
146,14,179,1,"Saturday, April 22, 2023",User,2023
252,14,22,1,"Thursday, June 15, 2023",User,2023
293,14,126,1,"Thursday, February 2, 2023",User,2023
665,14,72,1,"Wednesday, May 10, 2023",User,2023
745,14,83,1,"Friday, March 3, 2023",User,2023
782,14,182,1,"Monday, January 2, 2023",User,2023
989,14,51,1,"Saturday, January 21, 2023",User,2023
2034,14,160,1,"Thursday, July 20, 2023",User,2023
2248,14,109,1,"Friday, September 29, 2023",User,2023
2771,14,3,1,"Monday, August 28, 2023",User,2023
2962,14,18,1,"Monday, August 21, 2023",User,2023
3387,14,46,1,"Tuesday, February 7, 2023",User,2023
3632,14,177,1,"Thursday, December 28, 2023",User,2023
3743,14,168,1,"Sunday, August 27, 2023",User,2023
4038,14,73,1,"Friday, April 14, 2023",User,2023
4122,14,175,1,"Sunday, September 17, 2023",User,2023
4133,14,120,1,"Sunday, December 24, 2023",User,2023
4182,14,69,1,"Wednesday, October 25, 2023",User,2023
4335,14,22,1,"Monday, January 2, 2023",User,2023
4710,14,136,1,"Monday, June 5, 2023",User,2023
5554,14,21,1,"Tuesday, September 26, 2023",User,2023
5884,14,158,1,"Wednesday, November 29, 2023",User,2023
6583,14,114,1,"Wednesday, May 3, 2023",User,2023
6611,14,1,1,"Thursday, March 9, 2023",User,2023
6626,14,27,1,"Tuesday, May 23, 2023",User,2023
7011,14,186,1,"Monday, June 5, 2023",User,2023
7445,14,8,1,"Friday, March 3, 2023",User,2023
7532,14,24,1,"Sunday, August 13, 2023",User,2023
7756,14,97,1,"Friday, March 24, 2023",User,2023
7764,14,45,1,"Sunday, August 27, 2023",User,2023
7777,14,155,1,"Wednesday, August 23, 2023",User,2023
7976,14,10,1,"Saturday, January 14, 2023",User,2023
7989,14,62,1,"Thursday, December 7, 2023",User,2023
7993,14,128,1,"Tuesday, January 10, 2023",User,2023
8240,14,19,1,"Tuesday, May 2, 2023",User,2023
8322,14,144,1,"Monday, May 22, 2023",User,2023
8471,14,149,1,"Wednesday, December 27, 2023",User,2023
8541,14,28,1,"Thursday, December 14, 2023",User,2023
8598,14,23,1,"Friday, November 3, 2023",User,2023
8979,14,80,1,"Sunday, June 18, 2023",User,2023
9025,14,130,1,"Tuesday, October 10, 2023",User,2023
9162,14,30,1,"Sunday, July 30, 2023",User,2023
9379,14,185,1,"Monday, January 9, 2023",User,2023
9771,14,10,1,"Tuesday, January 3, 2023",User,2023
9856,14,58,1,"Thursday, May 18, 2023",User,2023
9883,14,91,1,"Sunday, September 24, 2023",User,2023
146,14,179,1,"Thursday, January 26, 2023",User,2023
252,14,22,1,"Friday, June 23, 2023",User,2023
293,14,126,1,"Monday, August 21, 2023",User,2023
665,14,72,1,"Tuesday, November 21, 2023",User,2023
745,14,83,1,"Wednesday, October 4, 2023",User,2023
782,14,182,1,"Wednesday, May 31, 2023",User,2023
989,14,51,1,"Friday, March 15, 2024",User,2024
2034,14,160,1,"Thursday, July 20, 2023",User,2023
2248,14,109,1,"Friday, September 29, 2023",User,2023
2771,14,3,1,"Monday, August 28, 2023",User,2023
2962,14,18,1,"Monday, August 21, 2023",User,2023
3387,14,46,1,"Tuesday, February 7, 2023",User,2023
3632,14,177,1,"Thursday, December 28, 2023",User,2023
3743,14,168,1,"Sunday, August 27, 2023",User,2023
4038,14,73,1,"Friday, April 14, 2023",User,2023
4122,14,175,1,"Sunday, September 17, 2023",User,2023
4133,14,120,1,"Sunday, December 24, 2023",User,2023
4182,14,69,1,"Wednesday, October 25, 2023",User,2023
4335,14,22,1,"Monday, January 2, 2023",User,2023
4710,14,136,1,"Monday, June 5, 2023",User,2023
403,14,129,1,"Sunday, July 2, 2023",User,2023
214,33,9,1,"Saturday, August 5, 2023",User,2023
333,33,114,1,"Saturday, September 2, 2023",User,2023
607,33,60,1,"Monday, June 19, 2023",User,2023
652,33,174,1,"Thursday, February 9, 2023",User,2023
689,33,188,1,"Wednesday, November 8, 2023",User,2023
1588,33,63,1,"Wednesday, November 22, 2023",User,2023
1696,33,190,1,"Tuesday, January 24, 2023",User,2023
1910,33,130,1,"Thursday, October 19, 2023",User,2023
1963,33,36,1,"Thursday, March 16, 2023",User,2023
2077,33,139,1,"Sunday, October 15, 2023",User,2023
2242,33,189,1,"Monday, March 27, 2023",User,2023
2390,33,1,1,"Monday, July 31, 2023",User,2023
2896,33,88,1,"Monday, November 6, 2023",User,2023
3245,33,24,1,"Wednesday, March 22, 2023",User,2023
3441,33,25,1,"Saturday, November 25, 2023",User,2023
3814,33,145,1,"Saturday, October 7, 2023",User,2023
4013,33,11,1,"Friday, March 3, 2023",User,2023
4303,33,29,1,"Tuesday, July 18, 2023",User,2023
4396,33,60,1,"Wednesday, October 4, 2023",User,2023
4918,33,44,1,"Wednesday, January 11, 2023",User,2023
4987,33,198,1,"Sunday, January 22, 2023",User,2023
5212,33,28,1,"Monday, February 20, 2023",User,2023
5572,33,90,1,"Sunday, October 29, 2023",User,2023
5599,33,122,1,"Sunday, October 1, 2023",User,2023
5717,33,123,1,"Sunday, November 5, 2023",User,2023
5772,33,16,1,"Wednesday, February 22, 2023",User,2023
5821,33,198,1,"Wednesday, September 27, 2023",User,2023
6370,33,124,1,"Sunday, November 12, 2023",User,2023
6407,33,174,1,"Wednesday, November 15, 2023",User,2023
6541,33,77,1,"Thursday, September 21, 2023",User,2023
6677,33,123,1,"Saturday, October 28, 2023",User,2023
6767,33,106,1,"Thursday, April 13, 2023",User,2023
6941,33,168,1,"Saturday, October 7, 2023",User,2023
7107,33,48,1,"Sunday, December 3, 2023",User,2023
7138,33,101,1,"Friday, November 10, 2023",User,2023
7453,33,150,1,"Saturday, January 7, 2023",User,2023
7751,33,187,1,"Friday, January 27, 2023",User,2023
8087,33,73,1,"Thursday, January 5, 2023",User,2023
8107,33,51,1,"Saturday, March 4, 2023",User,2023
8298,33,44,1,"Friday, April 28, 2023",User,2023
8390,33,115,1,"Thursday, March 2, 2023",User,2023
8418,33,22,1,"Wednesday, September 27, 2023",User,2023
8642,33,135,1,"Friday, August 25, 2023",User,2023
8918,33,76,1,"Wednesday, September 13, 2023",User,2023
9133,33,19,1,"Tuesday, April 25, 2023",User,2023
9499,33,92,1,"Thursday, November 9, 2023",User,2023
9681,33,151,1,"Saturday, November 25, 2023",User,2023
9821,33,6,1,"Friday, March 3, 2023",User,2023
9839,33,108,1,"Sunday, January 15, 2023",User,2023
214,33,9,1,"Sunday, February 5, 2023",User,2023
333,33,114,1,"Tuesday, January 31, 2023",User,2023
607,33,60,1,"Thursday, August 31, 2023",User,2023
652,33,174,1,"Saturday, February 11, 2023",User,2023
689,33,188,1,"Friday, January 20, 2023",User,2023
1588,33,63,1,"Wednesday, November 22, 2023",User,2023
1696,33,190,1,"Tuesday, January 24, 2023",User,2023
1910,33,130,1,"Thursday, October 19, 2023",User,2023
1963,33,36,1,"Thursday, March 16, 2023",User,2023
2077,33,139,1,"Sunday, October 15, 2023",User,2023
2242,33,189,1,"Monday, March 27, 2023",User,2023
2390,33,1,1,"Monday, July 31, 2023",User,2023
2896,33,88,1,"Monday, November 6, 2023",User,2023
3245,33,24,1,"Wednesday, March 22, 2023",User,2023
3441,33,25,1,"Saturday, November 25, 2023",User,2023
3814,33,145,1,"Saturday, October 7, 2023",User,2023
4013,33,11,1,"Friday, March 3, 2023",User,2023
4303,33,29,1,"Tuesday, July 18, 2023",User,2023
4396,33,60,1,"Wednesday, October 4, 2023",User,2023
1154,33,168,1,"Thursday, February 27, 2025",User,2025
129,24,193,1,"Thursday, July 20, 2023",User,2023
788,24,200,1,"Saturday, August 5, 2023",User,2023
846,24,143,1,"Wednesday, October 4, 2023",User,2023
1154,24,143,1,"Wednesday, July 12, 2023",User,2023
1255,24,6,1,"Sunday, January 8, 2023",User,2023
1384,24,59,1,"Saturday, July 8, 2023",User,2023
1671,24,87,1,"Thursday, May 25, 2023",User,2023
1768,24,103,1,"Saturday, January 28, 2023",User,2023
1794,24,174,1,"Saturday, December 30, 2023",User,2023
1895,24,65,1,"Friday, June 2, 2023",User,2023
2004,24,84,1,"Wednesday, October 18, 2023",User,2023
2076,24,143,1,"Tuesday, August 29, 2023",User,2023
2695,24,134,1,"Tuesday, August 8, 2023",User,2023
2829,24,2,1,"Wednesday, April 12, 2023",User,2023
2924,24,120,1,"Tuesday, November 28, 2023",User,2023
3370,24,105,1,"Friday, April 14, 2023",User,2023
3918,24,96,1,"Tuesday, June 20, 2023",User,2023
4153,24,10,1,"Sunday, March 19, 2023",User,2023
4882,24,5,1,"Thursday, December 14, 2023",User,2023
4935,24,55,1,"Sunday, October 22, 2023",User,2023
4963,24,102,1,"Sunday, September 3, 2023",User,2023
5071,24,91,1,"Tuesday, April 25, 2023",User,2023
5340,24,118,1,"Sunday, June 25, 2023",User,2023
5412,24,36,1,"Wednesday, July 12, 2023",User,2023
5523,24,118,1,"Saturday, March 4, 2023",User,2023
5570,24,47,1,"Saturday, March 25, 2023",User,2023
5631,24,53,1,"Thursday, December 14, 2023",User,2023
5906,24,12,1,"Saturday, April 15, 2023",User,2023
5933,24,90,1,"Wednesday, August 9, 2023",User,2023
5984,24,191,1,"Thursday, March 23, 2023",User,2023
6140,24,45,1,"Sunday, March 19, 2023",User,2023
6352,24,86,1,"Tuesday, November 14, 2023",User,2023
6558,24,184,1,"Wednesday, January 25, 2023",User,2023
6605,24,181,1,"Thursday, December 21, 2023",User,2023
6609,24,160,1,"Monday, June 26, 2023",User,2023
6983,24,3,1,"Monday, May 29, 2023",User,2023
7601,24,193,1,"Monday, April 10, 2023",User,2023
7616,24,183,1,"Wednesday, August 16, 2023",User,2023
7861,24,40,1,"Monday, April 3, 2023",User,2023
8254,24,9,1,"Sunday, December 3, 2023",User,2023
8564,24,15,1,"Thursday, June 1, 2023",User,2023
8713,24,176,1,"Tuesday, April 18, 2023",User,2023
8781,24,111,1,"Saturday, December 9, 2023",User,2023
9187,24,176,1,"Wednesday, June 28, 2023",User,2023
9208,24,143,1,"Tuesday, April 11, 2023",User,2023
9496,24,162,1,"Friday, July 14, 2023",User,2023
9634,24,78,1,"Tuesday, March 21, 2023",User,2023
129,24,193,1,"Tuesday, July 2, 2024",User,2024
788,24,200,1,"Sunday, August 6, 2023",User,2023
846,24,143,1,"Tuesday, August 29, 2023",User,2023
1154,24,143,1,"Wednesday, July 12, 2023",User,2023
1255,24,6,1,"Sunday, January 8, 2023",User,2023
1384,24,59,1,"Saturday, July 8, 2023",User,2023
1671,24,87,1,"Thursday, May 25, 2023",User,2023
1768,24,103,1,"Saturday, January 28, 2023",User,2023
1794,24,174,1,"Saturday, December 30, 2023",User,2023
1895,24,65,1,"Friday, June 2, 2023",User,2023
2004,24,84,1,"Wednesday, October 18, 2023",User,2023
2076,24,143,1,"Tuesday, August 29, 2023",User,2023
2695,24,134,1,"Tuesday, August 8, 2023",User,2023
2829,24,2,1,"Wednesday, April 12, 2023",User,2023
2924,24,120,1,"Tuesday, November 28, 2023",User,2023
3370,24,105,1,"Friday, April 14, 2023",User,2023
3918,24,96,1,"Tuesday, June 20, 2023",User,2023
4153,24,10,1,"Sunday, March 19, 2023",User,2023
337,24,77,1,"Saturday, March 12, 2022",User,2022
356,24,90,1,"Thursday, December 22, 2022",User,2022
1030,24,131,1,"Saturday, October 26, 2024",User,2024
1056,24,187,1,"Thursday, November 21, 2024",User,2024
1412,24,141,1,"Thursday, December 11, 2025",User,2025
136,16,136,1,"Saturday, March 18, 2023",User,2023
153,16,151,1,"Thursday, October 26, 2023",User,2023
244,16,181,1,"Saturday, July 22, 2023",User,2023
626,16,144,1,"Saturday, June 17, 2023",User,2023
768,16,186,1,"Sunday, December 31, 2023",User,2023
1199,16,125,1,"Tuesday, September 26, 2023",User,2023
1329,16,27,1,"Friday, January 27, 2023",User,2023
1562,16,180,1,"Friday, January 6, 2023",User,2023
1563,16,41,1,"Monday, October 23, 2023",User,2023
2204,16,18,1,"Friday, December 8, 2023",User,2023
2356,16,141,1,"Saturday, July 22, 2023",User,2023
2401,16,21,1,"Friday, January 13, 2023",User,2023
2526,16,141,1,"Thursday, February 9, 2023",User,2023
2973,16,27,1,"Saturday, April 22, 2023",User,2023
3095,16,59,1,"Tuesday, November 28, 2023",User,2023
3161,16,139,1,"Tuesday, August 22, 2023",User,2023
3428,16,26,1,"Tuesday, January 31, 2023",User,2023
3439,16,34,1,"Friday, June 30, 2023",User,2023
3508,16,5,1,"Tuesday, October 17, 2023",User,2023
3642,16,5,1,"Thursday, August 17, 2023",User,2023
4319,16,111,1,"Saturday, March 11, 2023",User,2023
4551,16,65,1,"Friday, September 22, 2023",User,2023
4922,16,174,1,"Thursday, February 16, 2023",User,2023
5317,16,166,1,"Wednesday, November 1, 2023",User,2023
5385,16,46,1,"Monday, November 27, 2023",User,2023
5824,16,179,1,"Thursday, September 14, 2023",User,2023
6191,16,78,1,"Wednesday, October 4, 2023",User,2023
6262,16,57,1,"Monday, July 10, 2023",User,2023
6428,16,159,1,"Tuesday, July 18, 2023",User,2023
6450,16,140,1,"Friday, December 8, 2023",User,2023
6481,16,96,1,"Saturday, February 4, 2023",User,2023
6545,16,192,1,"Wednesday, May 3, 2023",User,2023
6616,16,181,1,"Thursday, February 9, 2023",User,2023
6727,16,58,1,"Friday, October 13, 2023",User,2023
7274,16,199,1,"Friday, July 14, 2023",User,2023
7979,16,71,1,"Tuesday, November 21, 2023",User,2023
8263,16,89,1,"Monday, January 30, 2023",User,2023
8327,16,115,1,"Wednesday, February 15, 2023",User,2023
8443,16,23,1,"Sunday, May 28, 2023",User,2023
8453,16,13,1,"Wednesday, August 23, 2023",User,2023
8833,16,56,1,"Wednesday, September 20, 2023",User,2023
9333,16,128,1,"Sunday, July 23, 2023",User,2023
9375,16,103,1,"Wednesday, April 19, 2023",User,2023
9524,16,110,1,"Tuesday, March 14, 2023",User,2023
9618,16,23,1,"Thursday, November 9, 2023",User,2023
9828,16,190,1,"Saturday, December 30, 2023",User,2023
9980,16,142,1,"Monday, February 20, 2023",User,2023
136,16,136,1,"Friday, December 1, 2023",User,2023
153,16,151,1,"Friday, June 2, 2023",User,2023
244,16,181,1,"Tuesday, June 13, 2023",User,2023
626,16,144,1,"Wednesday, September 27, 2023",User,2023
768,16,186,1,"Sunday, November 5, 2023",User,2023
1199,16,125,1,"Tuesday, September 26, 2023",User,2023
1329,16,27,1,"Friday, January 27, 2023",User,2023
1562,16,180,1,"Friday, January 6, 2023",User,2023
1563,16,41,1,"Monday, October 23, 2023",User,2023
2204,16,18,1,"Friday, December 8, 2023",User,2023
2356,16,141,1,"Saturday, July 22, 2023",User,2023
2401,16,21,1,"Friday, January 13, 2023",User,2023
2526,16,141,1,"Thursday, February 9, 2023",User,2023
2973,16,27,1,"Saturday, April 22, 2023",User,2023
3095,16,59,1,"Tuesday, November 28, 2023",User,2023
3161,16,139,1,"Tuesday, August 22, 2023",User,2023
3428,16,26,1,"Tuesday, January 31, 2023",User,2023
3439,16,34,1,"Friday, June 30, 2023",User,2023
3508,16,5,1,"Tuesday, October 17, 2023",User,2023
3642,16,5,1,"Thursday, August 17, 2023",User,2023
4319,16,111,1,"Saturday, March 11, 2023",User,2023
4551,16,65,1,"Friday, September 22, 2023",User,2023
839,16,120,1,"Thursday, April 18, 2024",User,2024
396,4,148,1,"Saturday, September 16, 2023",User,2023
430,4,118,1,"Friday, May 5, 2023",User,2023
471,4,27,1,"Wednesday, November 8, 2023",User,2023
579,4,97,1,"Friday, July 28, 2023",User,2023
987,4,194,1,"Tuesday, December 19, 2023",User,2023
1111,4,60,1,"Monday, November 20, 2023",User,2023
1147,4,158,1,"Monday, February 13, 2023",User,2023
1187,4,73,1,"Friday, April 14, 2023",User,2023
1191,4,81,1,"Sunday, March 5, 2023",User,2023
1615,4,106,1,"Saturday, March 11, 2023",User,2023
2008,4,19,1,"Friday, April 7, 2023",User,2023
2091,4,128,1,"Saturday, December 16, 2023",User,2023
2587,4,3,1,"Wednesday, January 11, 2023",User,2023
2698,4,189,1,"Sunday, May 28, 2023",User,2023
2934,4,52,1,"Thursday, December 28, 2023",User,2023
3227,4,197,1,"Thursday, November 2, 2023",User,2023
3248,4,126,1,"Monday, April 17, 2023",User,2023
3258,4,30,1,"Wednesday, December 13, 2023",User,2023
3437,4,144,1,"Tuesday, October 3, 2023",User,2023
3504,4,20,1,"Friday, January 13, 2023",User,2023
3820,4,102,1,"Thursday, May 4, 2023",User,2023
3909,4,92,1,"Thursday, August 10, 2023",User,2023
4031,4,122,1,"Sunday, October 8, 2023",User,2023
4196,4,131,1,"Wednesday, April 19, 2023",User,2023
4451,4,128,1,"Friday, July 14, 2023",User,2023
4640,4,162,1,"Thursday, January 26, 2023",User,2023
4958,4,159,1,"Tuesday, December 26, 2023",User,2023
5010,4,74,1,"Thursday, April 13, 2023",User,2023
5618,4,173,1,"Thursday, June 15, 2023",User,2023
5667,4,100,1,"Tuesday, February 21, 2023",User,2023
5788,4,167,1,"Saturday, January 28, 2023",User,2023
5793,4,125,1,"Wednesday, January 25, 2023",User,2023
5870,4,100,1,"Thursday, December 7, 2023",User,2023
5871,4,134,1,"Thursday, March 16, 2023",User,2023
5941,4,37,1,"Tuesday, October 10, 2023",User,2023
6028,4,72,1,"Saturday, June 3, 2023",User,2023
6824,4,86,1,"Wednesday, November 22, 2023",User,2023
7084,4,80,1,"Monday, January 9, 2023",User,2023
7095,4,36,1,"Friday, August 11, 2023",User,2023
7450,4,90,1,"Thursday, June 8, 2023",User,2023
8594,4,132,1,"Thursday, December 14, 2023",User,2023
8614,4,141,1,"Monday, August 7, 2023",User,2023
8952,4,61,1,"Thursday, June 22, 2023",User,2023
8996,4,111,1,"Friday, February 17, 2023",User,2023
9060,4,171,1,"Tuesday, March 28, 2023",User,2023
396,4,148,1,"Friday, April 28, 2023",User,2023
430,4,118,1,"Thursday, June 15, 2023",User,2023
471,4,27,1,"Wednesday, November 8, 2023",User,2023
579,4,97,1,"Monday, July 24, 2023",User,2023
987,4,194,1,"Wednesday, March 13, 2024",User,2024
1111,4,60,1,"Monday, November 20, 2023",User,2023
1147,4,158,1,"Monday, February 13, 2023",User,2023
1187,4,73,1,"Friday, April 14, 2023",User,2023
1191,4,81,1,"Sunday, March 5, 2023",User,2023
1615,4,106,1,"Saturday, March 11, 2023",User,2023
2008,4,19,1,"Friday, April 7, 2023",User,2023
2091,4,128,1,"Saturday, December 16, 2023",User,2023
2587,4,3,1,"Wednesday, January 11, 2023",User,2023
2698,4,189,1,"Sunday, May 28, 2023",User,2023
2934,4,52,1,"Thursday, December 28, 2023",User,2023
3227,4,197,1,"Thursday, November 2, 2023",User,2023
3248,4,126,1,"Monday, April 17, 2023",User,2023
3258,4,30,1,"Wednesday, December 13, 2023",User,2023
3437,4,144,1,"Tuesday, October 3, 2023",User,2023
3504,4,20,1,"Friday, January 13, 2023",User,2023
3820,4,102,1,"Thursday, May 4, 2023",User,2023
3909,4,92,1,"Thursday, August 10, 2023",User,2023
4031,4,122,1,"Sunday, October 8, 2023",User,2023
4196,4,131,1,"Wednesday, April 19, 2023",User,2023
4451,4,128,1,"Friday, July 14, 2023",User,2023
4640,4,162,1,"Thursday, January 26, 2023",User,2023
1101,4,173,1,"Thursday, May 1, 2025",User,2025
92,38,125,1,"Wednesday, March 29, 2023",User,2023
219,38,188,1,"Thursday, September 28, 2023",User,2023
558,38,49,1,"Tuesday, October 17, 2023",User,2023
686,38,165,1,"Monday, January 23, 2023",User,2023
792,38,197,1,"Tuesday, November 14, 2023",User,2023
807,38,93,1,"Tuesday, August 15, 2023",User,2023
817,38,162,1,"Saturday, February 18, 2023",User,2023
1218,38,183,1,"Monday, November 20, 2023",User,2023
1616,38,18,1,"Monday, October 9, 2023",User,2023
1660,38,93,1,"Tuesday, December 12, 2023",User,2023
2114,38,93,1,"Monday, November 6, 2023",User,2023
2479,38,140,1,"Friday, June 30, 2023",User,2023
2652,38,147,1,"Thursday, August 10, 2023",User,2023
2831,38,6,1,"Wednesday, October 25, 2023",User,2023
2930,38,30,1,"Tuesday, November 28, 2023",User,2023
3421,38,196,1,"Tuesday, January 10, 2023",User,2023
3446,38,180,1,"Saturday, October 14, 2023",User,2023
3520,38,60,1,"Monday, October 2, 2023",User,2023
3636,38,50,1,"Wednesday, May 3, 2023",User,2023
3959,38,64,1,"Saturday, June 3, 2023",User,2023
4218,38,109,1,"Saturday, June 24, 2023",User,2023
4416,38,50,1,"Monday, March 13, 2023",User,2023
4696,38,99,1,"Monday, August 28, 2023",User,2023
4717,38,3,1,"Tuesday, September 19, 2023",User,2023
4960,38,109,1,"Thursday, June 8, 2023",User,2023
5132,38,133,1,"Thursday, December 14, 2023",User,2023
5199,38,117,1,"Wednesday, July 26, 2023",User,2023
5467,38,60,1,"Thursday, December 28, 2023",User,2023
5768,38,84,1,"Wednesday, January 4, 2023",User,2023
5814,38,8,1,"Sunday, January 8, 2023",User,2023
5869,38,124,1,"Saturday, December 9, 2023",User,2023
6029,38,53,1,"Thursday, May 25, 2023",User,2023
6156,38,102,1,"Sunday, June 18, 2023",User,2023
6367,38,19,1,"Saturday, February 18, 2023",User,2023
6371,38,115,1,"Friday, June 23, 2023",User,2023
6885,38,104,1,"Wednesday, April 26, 2023",User,2023
6989,38,87,1,"Sunday, April 16, 2023",User,2023
6997,38,107,1,"Friday, June 23, 2023",User,2023
7631,38,154,1,"Friday, August 4, 2023",User,2023
7673,38,82,1,"Saturday, May 6, 2023",User,2023
7980,38,60,1,"Thursday, July 13, 2023",User,2023
8473,38,120,1,"Friday, January 13, 2023",User,2023
8512,38,57,1,"Friday, May 12, 2023",User,2023
9121,38,88,1,"Monday, May 1, 2023",User,2023
9373,38,106,1,"Friday, July 21, 2023",User,2023
9674,38,64,1,"Friday, October 13, 2023",User,2023
9841,38,139,1,"Friday, September 15, 2023",User,2023
92,38,125,1,"Monday, December 18, 2023",User,2023
219,38,188,1,"Tuesday, September 5, 2023",User,2023
558,38,49,1,"Friday, June 23, 2023",User,2023
686,38,165,1,"Tuesday, January 17, 2023",User,2023
792,38,197,1,"Wednesday, June 14, 2023",User,2023
807,38,93,1,"Sunday, May 7, 2023",User,2023
817,38,162,1,"Wednesday, July 19, 2023",User,2023
1218,38,183,1,"Monday, November 20, 2023",User,2023
1616,38,18,1,"Monday, October 9, 2023",User,2023
1660,38,93,1,"Tuesday, December 12, 2023",User,2023
2114,38,93,1,"Monday, November 6, 2023",User,2023
2479,38,140,1,"Friday, June 30, 2023",User,2023
2652,38,147,1,"Thursday, August 10, 2023",User,2023
2831,38,6,1,"Wednesday, October 25, 2023",User,2023
2930,38,30,1,"Tuesday, November 28, 2023",User,2023
3421,38,196,1,"Tuesday, January 10, 2023",User,2023
3446,38,180,1,"Saturday, October 14, 2023",User,2023
3520,38,60,1,"Monday, October 2, 2023",User,2023
3636,38,50,1,"Wednesday, May 3, 2023",User,2023
3959,38,64,1,"Saturday, June 3, 2023",User,2023
4218,38,109,1,"Saturday, June 24, 2023",User,2023
4416,38,50,1,"Monday, March 13, 2023",User,2023
4696,38,99,1,"Monday, August 28, 2023",User,2023
4717,38,3,1,"Tuesday, September 19, 2023",User,2023
308,38,193,1,"Monday, April 11, 2022",User,2022
48,12,122,1,"Thursday, March 9, 2023",User,2023
292,12,64,1,"Thursday, June 8, 2023",User,2023
455,12,131,1,"Wednesday, May 24, 2023",User,2023
486,12,70,1,"Friday, June 23, 2023",User,2023
735,12,98,1,"Sunday, April 16, 2023",User,2023
800,12,90,1,"Tuesday, April 11, 2023",User,2023
882,12,34,1,"Saturday, May 27, 2023",User,2023
1392,12,120,1,"Saturday, February 25, 2023",User,2023
1706,12,41,1,"Sunday, January 15, 2023",User,2023
1778,12,190,1,"Thursday, July 13, 2023",User,2023
2052,12,161,1,"Sunday, June 11, 2023",User,2023
2495,12,87,1,"Wednesday, August 16, 2023",User,2023
2547,12,61,1,"Thursday, December 21, 2023",User,2023
2651,12,101,1,"Tuesday, July 11, 2023",User,2023
2943,12,88,1,"Tuesday, July 25, 2023",User,2023
2952,12,115,1,"Tuesday, February 14, 2023",User,2023
3089,12,34,1,"Sunday, December 3, 2023",User,2023
3476,12,169,1,"Tuesday, December 5, 2023",User,2023
3490,12,93,1,"Saturday, August 19, 2023",User,2023
3952,12,70,1,"Tuesday, April 11, 2023",User,2023
4192,12,60,1,"Monday, February 27, 2023",User,2023
4324,12,115,1,"Friday, May 5, 2023",User,2023
4755,12,128,1,"Saturday, June 24, 2023",User,2023
4830,12,46,1,"Saturday, July 8, 2023",User,2023
5053,12,15,1,"Wednesday, September 6, 2023",User,2023
5360,12,77,1,"Tuesday, August 29, 2023",User,2023
5989,12,184,1,"Thursday, February 9, 2023",User,2023
6089,12,46,1,"Monday, April 24, 2023",User,2023
6158,12,85,1,"Monday, August 7, 2023",User,2023
6284,12,19,1,"Tuesday, May 2, 2023",User,2023
7009,12,162,1,"Saturday, February 4, 2023",User,2023
7710,12,115,1,"Thursday, December 7, 2023",User,2023
7740,12,144,1,"Thursday, January 26, 2023",User,2023
8016,12,54,1,"Sunday, September 3, 2023",User,2023
8027,12,72,1,"Tuesday, March 7, 2023",User,2023
8064,12,164,1,"Wednesday, September 20, 2023",User,2023
8197,12,182,1,"Tuesday, December 5, 2023",User,2023
8807,12,27,1,"Friday, July 7, 2023",User,2023
8906,12,100,1,"Saturday, June 3, 2023",User,2023
8977,12,198,1,"Monday, June 12, 2023",User,2023
8982,12,168,1,"Saturday, April 1, 2023",User,2023
9051,12,99,1,"Friday, April 21, 2023",User,2023
9097,12,37,1,"Monday, February 13, 2023",User,2023
9132,12,183,1,"Friday, February 3, 2023",User,2023
9244,12,130,1,"Thursday, September 14, 2023",User,2023
9598,12,114,1,"Saturday, November 18, 2023",User,2023
9735,12,4,1,"Sunday, April 9, 2023",User,2023
48,12,122,1,"Tuesday, October 17, 2023",User,2023
292,12,64,1,"Friday, August 18, 2023",User,2023
455,12,131,1,"Thursday, July 20, 2023",User,2023
486,12,70,1,"Monday, January 9, 2023",User,2023
735,12,98,1,"Monday, March 27, 2023",User,2023
800,12,90,1,"Monday, June 26, 2023",User,2023
882,12,34,1,"Wednesday, October 18, 2023",User,2023
1392,12,120,1,"Saturday, February 25, 2023",User,2023
1706,12,41,1,"Sunday, January 15, 2023",User,2023
1778,12,190,1,"Thursday, July 13, 2023",User,2023
2052,12,161,1,"Sunday, June 11, 2023",User,2023
2495,12,87,1,"Wednesday, August 16, 2023",User,2023
2547,12,61,1,"Thursday, December 21, 2023",User,2023
2651,12,101,1,"Tuesday, July 11, 2023",User,2023
2943,12,88,1,"Tuesday, July 25, 2023",User,2023
2952,12,115,1,"Tuesday, February 14, 2023",User,2023
3089,12,34,1,"Sunday, December 3, 2023",User,2023
3476,12,169,1,"Tuesday, December 5, 2023",User,2023
3490,12,93,1,"Saturday, August 19, 2023",User,2023
3952,12,70,1,"Tuesday, April 11, 2023",User,2023
4192,12,60,1,"Monday, February 27, 2023",User,2023
4324,12,115,1,"Friday, May 5, 2023",User,2023
4755,12,128,1,"Saturday, June 24, 2023",User,2023
856,12,59,1,"Sunday, May 5, 2024",User,2024
960,12,59,1,"Saturday, August 17, 2024",User,2024
1234,12,76,1,"Sunday, May 18, 2025",User,2025
429,2,37,1,"Friday, August 18, 2023",User,2023
561,2,148,1,"Sunday, September 10, 2023",User,2023
572,2,119,1,"Thursday, December 14, 2023",User,2023
602,2,73,1,"Thursday, October 5, 2023",User,2023
760,2,188,1,"Saturday, January 21, 2023",User,2023
1274,2,185,1,"Monday, November 6, 2023",User,2023
1378,2,126,1,"Tuesday, November 7, 2023",User,2023
1443,2,1,1,"Friday, June 23, 2023",User,2023
1581,2,45,1,"Tuesday, March 21, 2023",User,2023
1677,2,132,1,"Tuesday, March 14, 2023",User,2023
2006,2,193,1,"Tuesday, February 7, 2023",User,2023
2325,2,42,1,"Sunday, July 23, 2023",User,2023
3036,2,200,1,"Monday, September 11, 2023",User,2023
3138,2,194,1,"Sunday, March 26, 2023",User,2023
3231,2,54,1,"Friday, September 8, 2023",User,2023
3456,2,128,1,"Sunday, December 31, 2023",User,2023
3702,2,134,1,"Friday, February 3, 2023",User,2023
3850,2,187,1,"Monday, April 10, 2023",User,2023
4364,2,130,1,"Friday, September 29, 2023",User,2023
4590,2,17,1,"Sunday, November 12, 2023",User,2023
4594,2,159,1,"Monday, March 27, 2023",User,2023
4608,2,196,1,"Wednesday, February 15, 2023",User,2023
4790,2,84,1,"Monday, October 23, 2023",User,2023
4923,2,18,1,"Monday, June 26, 2023",User,2023
5110,2,159,1,"Saturday, July 8, 2023",User,2023
5398,2,52,1,"Tuesday, August 29, 2023",User,2023
5547,2,6,1,"Monday, May 15, 2023",User,2023
5676,2,31,1,"Monday, February 6, 2023",User,2023
5812,2,78,1,"Tuesday, March 28, 2023",User,2023
5849,2,39,1,"Wednesday, July 12, 2023",User,2023
5946,2,164,1,"Monday, July 3, 2023",User,2023
6183,2,97,1,"Tuesday, June 6, 2023",User,2023
6195,2,113,1,"Thursday, February 16, 2023",User,2023
6622,2,124,1,"Saturday, October 7, 2023",User,2023
6765,2,24,1,"Tuesday, July 11, 2023",User,2023
6852,2,13,1,"Friday, February 24, 2023",User,2023
7060,2,105,1,"Thursday, November 16, 2023",User,2023
7206,2,25,1,"Sunday, May 21, 2023",User,2023
7322,2,181,1,"Friday, March 3, 2023",User,2023
7379,2,88,1,"Tuesday, June 13, 2023",User,2023
7725,2,22,1,"Saturday, March 25, 2023",User,2023
7754,2,83,1,"Tuesday, August 15, 2023",User,2023
8126,2,68,1,"Wednesday, February 1, 2023",User,2023
8402,2,180,1,"Friday, August 18, 2023",User,2023
8837,2,116,1,"Tuesday, October 3, 2023",User,2023
8911,2,166,1,"Friday, May 12, 2023",User,2023
9199,2,160,1,"Tuesday, February 21, 2023",User,2023
9642,2,88,1,"Saturday, February 4, 2023",User,2023
9746,2,64,1,"Thursday, July 6, 2023",User,2023
9876,2,75,1,"Monday, July 24, 2023",User,2023
429,2,37,1,"Wednesday, June 14, 2023",User,2023
561,2,148,1,"Wednesday, June 28, 2023",User,2023
572,2,119,1,"Thursday, July 13, 2023",User,2023
602,2,73,1,"Thursday, August 24, 2023",User,2023
760,2,188,1,"Thursday, January 5, 2023",User,2023
1274,2,185,1,"Monday, November 6, 2023",User,2023
1378,2,126,1,"Tuesday, November 7, 2023",User,2023
1443,2,1,1,"Friday, June 23, 2023",User,2023
1581,2,45,1,"Tuesday, March 21, 2023",User,2023
1677,2,132,1,"Tuesday, March 14, 2023",User,2023
2006,2,193,1,"Tuesday, February 7, 2023",User,2023
2325,2,42,1,"Sunday, July 23, 2023",User,2023
3036,2,200,1,"Monday, September 11, 2023",User,2023
3138,2,194,1,"Sunday, March 26, 2023",User,2023
3231,2,54,1,"Friday, September 8, 2023",User,2023
3456,2,128,1,"Sunday, December 31, 2023",User,2023
3702,2,134,1,"Friday, February 3, 2023",User,2023
3850,2,187,1,"Monday, April 10, 2023",User,2023
4364,2,130,1,"Friday, September 29, 2023",User,2023
4590,2,17,1,"Sunday, November 12, 2023",User,2023
4594,2,159,1,"Monday, March 27, 2023",User,2023
4608,2,196,1,"Wednesday, February 15, 2023",User,2023
4790,2,84,1,"Monday, October 23, 2023",User,2023
103,20,27,1,"Sunday, August 13, 2023",User,2023
175,20,134,1,"Sunday, August 6, 2023",User,2023
660,20,184,1,"Sunday, August 27, 2023",User,2023
693,20,17,1,"Sunday, July 9, 2023",User,2023
1238,20,170,1,"Tuesday, April 25, 2023",User,2023
1266,20,116,1,"Monday, May 29, 2023",User,2023
1303,20,8,1,"Saturday, April 8, 2023",User,2023
1507,20,60,1,"Tuesday, June 6, 2023",User,2023
1551,20,90,1,"Monday, August 28, 2023",User,2023
1586,20,167,1,"Monday, September 4, 2023",User,2023
1607,20,18,1,"Friday, October 6, 2023",User,2023
2498,20,169,1,"Sunday, June 11, 2023",User,2023
2516,20,69,1,"Monday, March 20, 2023",User,2023
2729,20,161,1,"Thursday, December 28, 2023",User,2023
2758,20,118,1,"Saturday, May 6, 2023",User,2023
3255,20,115,1,"Saturday, September 30, 2023",User,2023
3296,20,186,1,"Monday, January 2, 2023",User,2023
3461,20,136,1,"Tuesday, January 17, 2023",User,2023
3629,20,134,1,"Sunday, May 7, 2023",User,2023
3782,20,62,1,"Monday, August 7, 2023",User,2023
3837,20,151,1,"Saturday, December 2, 2023",User,2023
4045,20,127,1,"Sunday, December 31, 2023",User,2023
4299,20,69,1,"Friday, July 14, 2023",User,2023
4413,20,167,1,"Sunday, April 30, 2023",User,2023
4928,20,60,1,"Sunday, July 2, 2023",User,2023
5421,20,129,1,"Monday, April 10, 2023",User,2023
5656,20,19,1,"Tuesday, February 14, 2023",User,2023
6004,20,68,1,"Monday, December 25, 2023",User,2023
6075,20,117,1,"Sunday, October 29, 2023",User,2023
6394,20,52,1,"Monday, June 26, 2023",User,2023
6716,20,197,1,"Tuesday, April 25, 2023",User,2023
6724,20,200,1,"Thursday, April 20, 2023",User,2023
6964,20,36,1,"Friday, October 6, 2023",User,2023
7050,20,89,1,"Saturday, March 18, 2023",User,2023
7196,20,84,1,"Friday, August 4, 2023",User,2023
7593,20,159,1,"Sunday, May 21, 2023",User,2023
7966,20,78,1,"Saturday, February 25, 2023",User,2023
8574,20,64,1,"Sunday, April 16, 2023",User,2023
8640,20,67,1,"Tuesday, January 17, 2023",User,2023
8695,20,57,1,"Sunday, April 2, 2023",User,2023
8783,20,175,1,"Sunday, April 2, 2023",User,2023
8799,20,22,1,"Wednesday, March 29, 2023",User,2023
9127,20,100,1,"Saturday, April 1, 2023",User,2023
9222,20,101,1,"Monday, July 24, 2023",User,2023
9437,20,102,1,"Friday, October 27, 2023",User,2023
9687,20,133,1,"Wednesday, February 15, 2023",User,2023
9732,20,184,1,"Monday, August 14, 2023",User,2023
9807,20,176,1,"Wednesday, June 7, 2023",User,2023
103,20,27,1,"Thursday, February 1, 2024",User,2024
175,20,134,1,"Thursday, August 3, 2023",User,2023
660,20,184,1,"Tuesday, November 14, 2023",User,2023
693,20,17,1,"Thursday, January 26, 2023",User,2023
1238,20,170,1,"Tuesday, April 25, 2023",User,2023
1266,20,116,1,"Monday, May 29, 2023",User,2023
1303,20,8,1,"Saturday, April 8, 2023",User,2023
1507,20,60,1,"Tuesday, June 6, 2023",User,2023
1551,20,90,1,"Monday, August 28, 2023",User,2023
1586,20,167,1,"Monday, September 4, 2023",User,2023
1607,20,18,1,"Friday, October 6, 2023",User,2023
2498,20,169,1,"Sunday, June 11, 2023",User,2023
2516,20,69,1,"Monday, March 20, 2023",User,2023
2729,20,161,1,"Thursday, December 28, 2023",User,2023
2758,20,118,1,"Saturday, May 6, 2023",User,2023
3255,20,115,1,"Saturday, September 30, 2023",User,2023
3296,20,186,1,"Monday, January 2, 2023",User,2023
3461,20,136,1,"Tuesday, January 17, 2023",User,2023
3629,20,134,1,"Sunday, May 7, 2023",User,2023
3782,20,62,1,"Monday, August 7, 2023",User,2023
3837,20,151,1,"Saturday, December 2, 2023",User,2023
4045,20,127,1,"Sunday, December 31, 2023",User,2023
4299,20,69,1,"Friday, July 14, 2023",User,2023
4413,20,167,1,"Sunday, April 30, 2023",User,2023
1063,20,65,1,"Thursday, November 28, 2024",User,2024
1076,20,52,1,"Tuesday, November 12, 2024",User,2024
148,5,114,1,"Monday, June 19, 2023",User,2023
294,5,127,1,"Monday, November 27, 2023",User,2023
342,5,134,1,"Tuesday, June 20, 2023",User,2023
368,5,9,1,"Monday, March 20, 2023",User,2023
373,5,73,1,"Friday, August 18, 2023",User,2023
488,5,141,1,"Saturday, February 4, 2023",User,2023
600,5,179,1,"Wednesday, July 5, 2023",User,2023
672,5,38,1,"Sunday, October 22, 2023",User,2023
744,5,121,1,"Saturday, January 14, 2023",User,2023
809,5,93,1,"Wednesday, March 29, 2023",User,2023
831,5,56,1,"Saturday, July 29, 2023",User,2023
1043,5,181,1,"Friday, June 9, 2023",User,2023
1572,5,38,1,"Thursday, August 24, 2023",User,2023
2497,5,77,1,"Thursday, March 23, 2023",User,2023
2549,5,4,1,"Friday, September 29, 2023",User,2023
2903,5,113,1,"Tuesday, January 3, 2023",User,2023
3134,5,159,1,"Friday, August 25, 2023",User,2023
3936,5,123,1,"Tuesday, January 31, 2023",User,2023
3973,5,190,1,"Friday, November 24, 2023",User,2023
4052,5,45,1,"Friday, July 7, 2023",User,2023
4085,5,18,1,"Friday, April 21, 2023",User,2023
4111,5,154,1,"Saturday, December 2, 2023",User,2023
4211,5,72,1,"Saturday, April 15, 2023",User,2023
4339,5,175,1,"Thursday, December 14, 2023",User,2023
4510,5,98,1,"Wednesday, September 6, 2023",User,2023
4747,5,79,1,"Wednesday, December 6, 2023",User,2023
4752,5,72,1,"Saturday, February 18, 2023",User,2023
5055,5,85,1,"Sunday, December 10, 2023",User,2023
5916,5,5,1,"Tuesday, January 24, 2023",User,2023
6085,5,161,1,"Monday, March 6, 2023",User,2023
6127,5,117,1,"Monday, April 24, 2023",User,2023
6484,5,150,1,"Friday, April 21, 2023",User,2023
6498,5,139,1,"Thursday, December 7, 2023",User,2023
7111,5,165,1,"Friday, July 28, 2023",User,2023
7139,5,64,1,"Sunday, April 30, 2023",User,2023
7199,5,111,1,"Wednesday, December 27, 2023",User,2023
7312,5,109,1,"Monday, December 25, 2023",User,2023
8339,5,23,1,"Sunday, December 31, 2023",User,2023
8396,5,57,1,"Monday, September 25, 2023",User,2023
8732,5,58,1,"Wednesday, October 25, 2023",User,2023
8798,5,170,1,"Wednesday, September 20, 2023",User,2023
9144,5,48,1,"Saturday, April 1, 2023",User,2023
9197,5,38,1,"Saturday, May 6, 2023",User,2023
9342,5,19,1,"Friday, February 3, 2023",User,2023
9518,5,69,1,"Thursday, May 25, 2023",User,2023
9658,5,160,1,"Saturday, May 13, 2023",User,2023
9767,5,145,1,"Sunday, January 1, 2023",User,2023
148,5,114,1,"Monday, January 30, 2023",User,2023
294,5,127,1,"Tuesday, August 22, 2023",User,2023
342,5,134,1,"Monday, February 13, 2023",User,2023
368,5,9,1,"Tuesday, March 21, 2023",User,2023
373,5,73,1,"Tuesday, March 28, 2023",User,2023
488,5,141,1,"Tuesday, May 9, 2023",User,2023
600,5,179,1,"Tuesday, August 22, 2023",User,2023
672,5,38,1,"Thursday, November 30, 2023",User,2023
744,5,121,1,"Tuesday, July 4, 2023",User,2023
809,5,93,1,"Friday, July 7, 2023",User,2023
831,5,56,1,"Tuesday, August 8, 2023",User,2023
1043,5,181,1,"Friday, June 9, 2023",User,2023
1572,5,38,1,"Thursday, August 24, 2023",User,2023
2497,5,77,1,"Thursday, March 23, 2023",User,2023
2549,5,4,1,"Friday, September 29, 2023",User,2023
2903,5,113,1,"Tuesday, January 3, 2023",User,2023
3134,5,159,1,"Friday, August 25, 2023",User,2023
3936,5,123,1,"Tuesday, January 31, 2023",User,2023
3973,5,190,1,"Friday, November 24, 2023",User,2023
4052,5,45,1,"Friday, July 7, 2023",User,2023
4085,5,18,1,"Friday, April 21, 2023",User,2023
4111,5,154,1,"Saturday, December 2, 2023",User,2023
4211,5,72,1,"Saturday, April 15, 2023",User,2023
4339,5,175,1,"Thursday, December 14, 2023",User,2023
4510,5,98,1,"Wednesday, September 6, 2023",User,2023
4747,5,79,1,"Wednesday, December 6, 2023",User,2023
4752,5,72,1,"Saturday, February 18, 2023",User,2023
14,6,102,1,"Friday, February 10, 2023",User,2023
47,6,24,1,"Saturday, September 23, 2023",User,2023
78,6,82,1,"Wednesday, May 24, 2023",User,2023
132,6,181,1,"Friday, June 9, 2023",User,2023
211,6,96,1,"Thursday, December 28, 2023",User,2023
581,6,149,1,"Sunday, November 12, 2023",User,2023
898,6,62,1,"Saturday, June 10, 2023",User,2023
936,6,103,1,"Tuesday, November 14, 2023",User,2023
1113,6,74,1,"Wednesday, August 30, 2023",User,2023
1375,6,111,1,"Thursday, August 17, 2023",User,2023
1434,6,50,1,"Thursday, October 26, 2023",User,2023
1740,6,173,1,"Saturday, August 19, 2023",User,2023
2262,6,41,1,"Wednesday, March 15, 2023",User,2023
2400,6,77,1,"Friday, September 15, 2023",User,2023
2648,6,30,1,"Saturday, November 4, 2023",User,2023
2749,6,58,1,"Saturday, September 23, 2023",User,2023
2773,6,11,1,"Saturday, December 30, 2023",User,2023
2838,6,187,1,"Sunday, July 30, 2023",User,2023
2874,6,76,1,"Friday, August 4, 2023",User,2023
3661,6,105,1,"Sunday, November 5, 2023",User,2023
4289,6,114,1,"Friday, July 28, 2023",User,2023
4298,6,25,1,"Saturday, December 2, 2023",User,2023
4311,6,26,1,"Thursday, September 7, 2023",User,2023
4658,6,129,1,"Saturday, January 21, 2023",User,2023
4663,6,141,1,"Friday, June 9, 2023",User,2023
4798,6,153,1,"Friday, November 24, 2023",User,2023
4906,6,38,1,"Tuesday, November 14, 2023",User,2023
4921,6,62,1,"Thursday, May 4, 2023",User,2023
4994,6,14,1,"Wednesday, September 27, 2023",User,2023
5033,6,196,1,"Saturday, November 11, 2023",User,2023
5222,6,121,1,"Sunday, January 8, 2023",User,2023
5321,6,161,1,"Saturday, May 20, 2023",User,2023
5379,6,5,1,"Monday, November 6, 2023",User,2023
5530,6,11,1,"Saturday, April 29, 2023",User,2023
5805,6,169,1,"Friday, January 13, 2023",User,2023
6014,6,90,1,"Friday, March 10, 2023",User,2023
6214,6,150,1,"Saturday, December 2, 2023",User,2023
6287,6,149,1,"Thursday, January 19, 2023",User,2023
6494,6,131,1,"Tuesday, December 19, 2023",User,2023
6913,6,153,1,"Saturday, October 28, 2023",User,2023
7227,6,199,1,"Saturday, June 3, 2023",User,2023
7309,6,170,1,"Saturday, October 14, 2023",User,2023
7491,6,153,1,"Thursday, July 20, 2023",User,2023
7664,6,183,1,"Thursday, February 16, 2023",User,2023
8119,6,164,1,"Tuesday, November 21, 2023",User,2023
8444,6,163,1,"Saturday, July 15, 2023",User,2023
8613,6,91,1,"Thursday, August 3, 2023",User,2023
9159,6,50,1,"Wednesday, September 20, 2023",User,2023
78,6,145,1,"Tuesday, November 28, 2023",User,2023
132,6,181,1,"Monday, December 2, 2024",User,2024
211,6,96,1,"Thursday, April 27, 2023",User,2023
581,6,149,1,"Wednesday, July 26, 2023",User,2023
898,6,62,1,"Monday, September 11, 2023",User,2023
936,6,103,1,"Thursday, February 1, 2024",User,2024
1113,6,74,1,"Wednesday, August 30, 2023",User,2023
1375,6,111,1,"Thursday, August 17, 2023",User,2023
1434,6,50,1,"Thursday, October 26, 2023",User,2023
1740,6,173,1,"Saturday, August 19, 2023",User,2023
2262,6,41,1,"Wednesday, March 15, 2023",User,2023
2400,6,77,1,"Friday, September 15, 2023",User,2023
2648,6,30,1,"Saturday, November 4, 2023",User,2023
2749,6,58,1,"Saturday, September 23, 2023",User,2023
2773,6,11,1,"Saturday, December 30, 2023",User,2023
2838,6,187,1,"Sunday, July 30, 2023",User,2023
2874,6,76,1,"Friday, August 4, 2023",User,2023
3661,6,105,1,"Sunday, November 5, 2023",User,2023
4289,6,114,1,"Friday, July 28, 2023",User,2023
4298,6,25,1,"Saturday, December 2, 2023",User,2023
4311,6,26,1,"Thursday, September 7, 2023",User,2023
4658,6,129,1,"Saturday, January 21, 2023",User,2023
4663,6,141,1,"Friday, June 9, 2023",User,2023
4798,6,153,1,"Friday, November 24, 2023",User,2023
323,6,159,1,"Saturday, November 19, 2022",User,2022
388,6,80,1,"Monday, January 23, 2023",User,2023
672,6,194,1,"Saturday, March 11, 2023",User,2023
192,22,64,1,"Tuesday, April 25, 2023",User,2023
250,22,151,1,"Sunday, May 21, 2023",User,2023
362,22,53,1,"Monday, November 27, 2023",User,2023
940,22,167,1,"Thursday, February 9, 2023",User,2023
1217,22,38,1,"Saturday, December 2, 2023",User,2023
1782,22,33,1,"Friday, March 17, 2023",User,2023
1947,22,199,1,"Tuesday, September 19, 2023",User,2023
2970,22,85,1,"Tuesday, January 31, 2023",User,2023
2997,22,138,1,"Saturday, January 28, 2023",User,2023
3029,22,97,1,"Friday, December 22, 2023",User,2023
3156,22,197,1,"Friday, February 3, 2023",User,2023
3159,22,11,1,"Thursday, March 23, 2023",User,2023
3180,22,50,1,"Friday, November 10, 2023",User,2023
3460,22,133,1,"Thursday, February 16, 2023",User,2023
3467,22,98,1,"Tuesday, May 23, 2023",User,2023
3697,22,172,1,"Tuesday, September 12, 2023",User,2023
3706,22,97,1,"Sunday, December 24, 2023",User,2023
3719,22,9,1,"Monday, October 2, 2023",User,2023
4027,22,116,1,"Tuesday, January 3, 2023",User,2023
4121,22,143,1,"Wednesday, December 6, 2023",User,2023
4171,22,118,1,"Saturday, April 1, 2023",User,2023
4393,22,29,1,"Wednesday, April 19, 2023",User,2023
4730,22,141,1,"Monday, November 27, 2023",User,2023
4829,22,194,1,"Monday, May 8, 2023",User,2023
4980,22,93,1,"Friday, August 18, 2023",User,2023
5203,22,139,1,"Saturday, April 22, 2023",User,2023
5204,22,154,1,"Thursday, April 6, 2023",User,2023
5215,22,18,1,"Tuesday, January 10, 2023",User,2023
5540,22,125,1,"Saturday, November 18, 2023",User,2023
5822,22,113,1,"Sunday, October 8, 2023",User,2023
6027,22,72,1,"Monday, April 24, 2023",User,2023
6247,22,74,1,"Sunday, August 13, 2023",User,2023
6321,22,77,1,"Thursday, September 14, 2023",User,2023
6750,22,108,1,"Thursday, March 2, 2023",User,2023
6957,22,90,1,"Friday, June 16, 2023",User,2023
6970,22,82,1,"Friday, April 21, 2023",User,2023
7038,22,186,1,"Friday, October 20, 2023",User,2023
7672,22,114,1,"Tuesday, June 27, 2023",User,2023
7964,22,8,1,"Wednesday, December 6, 2023",User,2023
8161,22,109,1,"Wednesday, December 13, 2023",User,2023
8350,22,10,1,"Friday, March 3, 2023",User,2023
8371,22,83,1,"Saturday, October 28, 2023",User,2023
8374,22,71,1,"Monday, October 30, 2023",User,2023
8438,22,144,1,"Monday, June 5, 2023",User,2023
8567,22,103,1,"Thursday, June 22, 2023",User,2023
8830,22,11,1,"Friday, November 24, 2023",User,2023
8863,22,102,1,"Monday, May 22, 2023",User,2023
8872,22,47,1,"Friday, September 15, 2023",User,2023
8981,22,181,1,"Monday, June 26, 2023",User,2023
9153,22,118,1,"Saturday, June 3, 2023",User,2023
9348,22,136,1,"Tuesday, December 26, 2023",User,2023
9371,22,48,1,"Sunday, June 18, 2023",User,2023
9653,22,139,1,"Friday, March 17, 2023",User,2023
192,22,64,1,"Friday, March 31, 2023",User,2023
250,22,151,1,"Wednesday, June 21, 2023",User,2023
362,22,14,1,"Monday, March 13, 2023",User,2023
940,22,167,1,"Thursday, August 1, 2024",User,2024
1217,22,38,1,"Saturday, December 2, 2023",User,2023
1782,22,33,1,"Friday, March 17, 2023",User,2023
1947,22,199,1,"Tuesday, September 19, 2023",User,2023
2970,22,85,1,"Tuesday, January 31, 2023",User,2023
2997,22,138,1,"Saturday, January 28, 2023",User,2023
3029,22,97,1,"Friday, December 22, 2023",User,2023
3156,22,197,1,"Friday, February 3, 2023",User,2023
3159,22,11,1,"Thursday, March 23, 2023",User,2023
3180,22,50,1,"Friday, November 10, 2023",User,2023
3460,22,133,1,"Thursday, February 16, 2023",User,2023
3467,22,98,1,"Tuesday, May 23, 2023",User,2023
3697,22,172,1,"Tuesday, September 12, 2023",User,2023
3706,22,97,1,"Sunday, December 24, 2023",User,2023
3719,22,9,1,"Monday, October 2, 2023",User,2023
4027,22,116,1,"Tuesday, January 3, 2023",User,2023
4121,22,143,1,"Wednesday, December 6, 2023",User,2023
4171,22,118,1,"Saturday, April 1, 2023",User,2023
4393,22,29,1,"Wednesday, April 19, 2023",User,2023
4730,22,141,1,"Monday, November 27, 2023",User,2023
95,13,129,1,"Monday, September 4, 2023",User,2023
155,13,82,1,"Thursday, April 13, 2023",User,2023
583,13,80,1,"Saturday, January 28, 2023",User,2023
659,13,25,1,"Tuesday, July 11, 2023",User,2023
1006,13,127,1,"Sunday, March 5, 2023",User,2023
1472,13,10,1,"Monday, January 9, 2023",User,2023
1614,13,86,1,"Wednesday, April 12, 2023",User,2023
1862,13,104,1,"Saturday, June 3, 2023",User,2023
1903,13,132,1,"Saturday, September 16, 2023",User,2023
1959,13,93,1,"Friday, September 29, 2023",User,2023
2346,13,75,1,"Monday, June 26, 2023",User,2023
2499,13,136,1,"Saturday, June 17, 2023",User,2023
2656,13,28,1,"Friday, January 13, 2023",User,2023
2828,13,45,1,"Monday, October 23, 2023",User,2023
2949,13,154,1,"Wednesday, July 26, 2023",User,2023
2972,13,22,1,"Saturday, April 1, 2023",User,2023
3086,13,198,1,"Monday, August 28, 2023",User,2023
3221,13,190,1,"Thursday, March 16, 2023",User,2023
3389,13,190,1,"Monday, September 4, 2023",User,2023
3419,13,13,1,"Monday, September 18, 2023",User,2023
3568,13,191,1,"Monday, August 21, 2023",User,2023
4078,13,10,1,"Wednesday, June 21, 2023",User,2023
4115,13,180,1,"Tuesday, July 4, 2023",User,2023
4213,13,146,1,"Saturday, January 7, 2023",User,2023
4422,13,160,1,"Friday, December 22, 2023",User,2023
4425,13,136,1,"Wednesday, March 8, 2023",User,2023
4528,13,96,1,"Sunday, July 30, 2023",User,2023
4800,13,175,1,"Monday, January 9, 2023",User,2023
4832,13,85,1,"Thursday, March 30, 2023",User,2023
5047,13,13,1,"Monday, May 22, 2023",User,2023
5159,13,125,1,"Tuesday, April 4, 2023",User,2023
5328,13,178,1,"Thursday, May 4, 2023",User,2023
5400,13,141,1,"Sunday, March 26, 2023",User,2023
5580,13,20,1,"Thursday, December 28, 2023",User,2023
5978,13,65,1,"Thursday, August 31, 2023",User,2023
6315,13,114,1,"Wednesday, April 19, 2023",User,2023
7194,13,198,1,"Friday, August 18, 2023",User,2023
7208,13,163,1,"Monday, January 30, 2023",User,2023
7246,13,68,1,"Friday, July 7, 2023",User,2023
7905,13,125,1,"Sunday, February 5, 2023",User,2023
8384,13,178,1,"Sunday, November 12, 2023",User,2023
8569,13,56,1,"Sunday, January 22, 2023",User,2023
8620,13,150,1,"Wednesday, December 27, 2023",User,2023
9115,13,80,1,"Tuesday, November 21, 2023",User,2023
9455,13,157,1,"Thursday, October 5, 2023",User,2023
9866,13,15,1,"Saturday, February 18, 2023",User,2023
9939,13,108,1,"Wednesday, February 15, 2023",User,2023
95,13,129,1,"Thursday, December 21, 2023",User,2023
155,13,82,1,"Wednesday, August 2, 2023",User,2023
583,13,80,1,"Friday, July 28, 2023",User,2023
659,13,25,1,"Monday, November 13, 2023",User,2023
1006,13,127,1,"Wednesday, September 4, 2024",User,2024
1472,13,10,1,"Monday, January 9, 2023",User,2023
1614,13,86,1,"Wednesday, April 12, 2023",User,2023
1862,13,104,1,"Saturday, June 3, 2023",User,2023
1903,13,132,1,"Saturday, September 16, 2023",User,2023
1959,13,93,1,"Friday, September 29, 2023",User,2023
2346,13,75,1,"Monday, June 26, 2023",User,2023
2499,13,136,1,"Saturday, June 17, 2023",User,2023
2656,13,28,1,"Friday, January 13, 2023",User,2023
2828,13,45,1,"Monday, October 23, 2023",User,2023
2949,13,154,1,"Wednesday, July 26, 2023",User,2023
2972,13,22,1,"Saturday, April 1, 2023",User,2023
3086,13,198,1,"Monday, August 28, 2023",User,2023
3221,13,190,1,"Thursday, March 16, 2023",User,2023
3389,13,190,1,"Monday, September 4, 2023",User,2023
3419,13,13,1,"Monday, September 18, 2023",User,2023
3568,13,191,1,"Monday, August 21, 2023",User,2023
4078,13,10,1,"Wednesday, June 21, 2023",User,2023
4115,13,180,1,"Tuesday, July 4, 2023",User,2023
4213,13,146,1,"Saturday, January 7, 2023",User,2023
4422,13,160,1,"Friday, December 22, 2023",User,2023
4425,13,136,1,"Wednesday, March 8, 2023",User,2023
4528,13,96,1,"Sunday, July 30, 2023",User,2023
4800,13,175,1,"Monday, January 9, 2023",User,2023
472,13,192,1,"Monday, April 17, 2023",User,2023
1085,13,100,1,"Friday, December 20, 2024",User,2024
110,27,110,1,"Friday, May 5, 2023",User,2023
475,27,55,1,"Wednesday, July 26, 2023",User,2023
723,27,60,1,"Saturday, May 13, 2023",User,2023
1069,27,181,1,"Wednesday, December 27, 2023",User,2023
1256,27,47,1,"Sunday, October 1, 2023",User,2023
1647,27,131,1,"Monday, November 27, 2023",User,2023
1796,27,178,1,"Sunday, November 5, 2023",User,2023
1861,27,60,1,"Wednesday, November 29, 2023",User,2023
1919,27,197,1,"Monday, March 20, 2023",User,2023
2206,27,36,1,"Friday, September 1, 2023",User,2023
2603,27,57,1,"Wednesday, November 15, 2023",User,2023
2933,27,124,1,"Friday, June 16, 2023",User,2023
2985,27,20,1,"Wednesday, November 15, 2023",User,2023
3042,27,32,1,"Wednesday, August 9, 2023",User,2023
3069,27,99,1,"Saturday, May 20, 2023",User,2023
3084,27,123,1,"Thursday, January 12, 2023",User,2023
3149,27,43,1,"Wednesday, December 13, 2023",User,2023
3260,27,6,1,"Sunday, July 9, 2023",User,2023
3534,27,72,1,"Sunday, May 7, 2023",User,2023
3615,27,120,1,"Tuesday, October 31, 2023",User,2023
3616,27,62,1,"Thursday, September 21, 2023",User,2023
4098,27,194,1,"Tuesday, January 17, 2023",User,2023
4370,27,15,1,"Wednesday, September 6, 2023",User,2023
4446,27,50,1,"Friday, June 2, 2023",User,2023
4493,27,66,1,"Wednesday, September 6, 2023",User,2023
4941,27,119,1,"Thursday, April 13, 2023",User,2023
5002,27,156,1,"Saturday, February 18, 2023",User,2023
5029,27,3,1,"Wednesday, October 18, 2023",User,2023
5818,27,19,1,"Tuesday, April 25, 2023",User,2023
5926,27,9,1,"Monday, January 2, 2023",User,2023
6084,27,140,1,"Thursday, March 16, 2023",User,2023
6332,27,9,1,"Wednesday, February 1, 2023",User,2023
6377,27,47,1,"Saturday, July 15, 2023",User,2023
6390,27,40,1,"Sunday, September 10, 2023",User,2023
6470,27,15,1,"Tuesday, March 21, 2023",User,2023
6632,27,42,1,"Tuesday, October 17, 2023",User,2023
7254,27,160,1,"Friday, April 7, 2023",User,2023
7358,27,10,1,"Sunday, June 11, 2023",User,2023
7802,27,81,1,"Tuesday, April 4, 2023",User,2023
7946,27,121,1,"Sunday, January 8, 2023",User,2023
8319,27,101,1,"Wednesday, June 28, 2023",User,2023
8584,27,70,1,"Friday, November 10, 2023",User,2023
8805,27,145,1,"Monday, May 1, 2023",User,2023
8964,27,80,1,"Tuesday, March 14, 2023",User,2023
9217,27,70,1,"Monday, February 27, 2023",User,2023
9230,27,196,1,"Monday, June 26, 2023",User,2023
9391,27,49,1,"Sunday, January 15, 2023",User,2023
9896,27,69,1,"Monday, June 26, 2023",User,2023
9907,27,16,1,"Tuesday, June 13, 2023",User,2023
110,27,110,1,"Friday, November 1, 2024",User,2024
475,27,55,1,"Thursday, August 17, 2023",User,2023
723,27,60,1,"Sunday, September 3, 2023",User,2023
1069,27,181,1,"Wednesday, December 27, 2023",User,2023
1256,27,47,1,"Sunday, October 1, 2023",User,2023
1647,27,131,1,"Monday, November 27, 2023",User,2023
1796,27,178,1,"Sunday, November 5, 2023",User,2023
1861,27,60,1,"Wednesday, November 29, 2023",User,2023
1919,27,197,1,"Monday, March 20, 2023",User,2023
2206,27,36,1,"Friday, September 1, 2023",User,2023
2603,27,57,1,"Wednesday, November 15, 2023",User,2023
2933,27,124,1,"Friday, June 16, 2023",User,2023
2985,27,20,1,"Wednesday, November 15, 2023",User,2023
3042,27,32,1,"Wednesday, August 9, 2023",User,2023
3069,27,99,1,"Saturday, May 20, 2023",User,2023
3084,27,123,1,"Thursday, January 12, 2023",User,2023
3149,27,43,1,"Wednesday, December 13, 2023",User,2023
3260,27,6,1,"Sunday, July 9, 2023",User,2023
3534,27,72,1,"Sunday, May 7, 2023",User,2023
3615,27,120,1,"Tuesday, October 31, 2023",User,2023
3616,27,62,1,"Thursday, September 21, 2023",User,2023
4098,27,194,1,"Tuesday, January 17, 2023",User,2023
4370,27,15,1,"Wednesday, September 6, 2023",User,2023
4446,27,50,1,"Friday, June 2, 2023",User,2023
4493,27,66,1,"Wednesday, September 6, 2023",User,2023
108,27,157,1,"Monday, April 18, 2022",User,2022
366,27,14,1,"Sunday, January 1, 2023",User,2023
512,27,126,1,"Saturday, May 27, 2023",User,2023
2,8,64,1,"Thursday, February 2, 2023",User,2023
398,8,14,1,"Monday, November 13, 2023",User,2023
822,8,106,1,"Friday, February 10, 2023",User,2023
871,8,119,1,"Saturday, October 28, 2023",User,2023
886,8,34,1,"Sunday, September 24, 2023",User,2023
959,8,30,1,"Monday, April 3, 2023",User,2023
1409,8,166,1,"Wednesday, January 25, 2023",User,2023
1578,8,185,1,"Tuesday, April 4, 2023",User,2023
1694,8,144,1,"Friday, October 13, 2023",User,2023
2047,8,73,1,"Sunday, August 27, 2023",User,2023
2272,8,68,1,"Sunday, May 21, 2023",User,2023
2474,8,54,1,"Saturday, November 25, 2023",User,2023
3731,8,117,1,"Monday, September 25, 2023",User,2023
3732,8,105,1,"Wednesday, May 31, 2023",User,2023
4094,8,97,1,"Thursday, June 1, 2023",User,2023
4235,8,194,1,"Monday, November 20, 2023",User,2023
4382,8,18,1,"Saturday, December 16, 2023",User,2023
4558,8,198,1,"Tuesday, September 19, 2023",User,2023
4560,8,76,1,"Saturday, September 16, 2023",User,2023
4587,8,58,1,"Thursday, February 16, 2023",User,2023
4759,8,9,1,"Thursday, February 2, 2023",User,2023
5136,8,67,1,"Thursday, October 5, 2023",User,2023
5198,8,10,1,"Thursday, September 14, 2023",User,2023
5221,8,103,1,"Monday, June 12, 2023",User,2023
5232,8,182,1,"Thursday, June 8, 2023",User,2023
5456,8,6,1,"Sunday, May 7, 2023",User,2023
5782,8,88,1,"Tuesday, April 4, 2023",User,2023
5794,8,179,1,"Thursday, January 26, 2023",User,2023
6068,8,131,1,"Tuesday, January 10, 2023",User,2023
6255,8,51,1,"Saturday, May 27, 2023",User,2023
6274,8,74,1,"Sunday, July 16, 2023",User,2023
6349,8,8,1,"Monday, May 29, 2023",User,2023
6472,8,125,1,"Friday, August 11, 2023",User,2023
6596,8,162,1,"Monday, May 29, 2023",User,2023
6617,8,166,1,"Wednesday, May 3, 2023",User,2023
6730,8,155,1,"Tuesday, October 24, 2023",User,2023
6927,8,144,1,"Friday, September 15, 2023",User,2023
6993,8,83,1,"Tuesday, February 21, 2023",User,2023
7598,8,120,1,"Friday, August 4, 2023",User,2023
7711,8,102,1,"Friday, July 7, 2023",User,2023
8050,8,84,1,"Thursday, June 8, 2023",User,2023
8529,8,193,1,"Tuesday, November 28, 2023",User,2023
8543,8,43,1,"Monday, January 30, 2023",User,2023
8547,8,5,1,"Monday, September 18, 2023",User,2023
8590,8,92,1,"Tuesday, April 25, 2023",User,2023
8709,8,55,1,"Friday, January 20, 2023",User,2023
8779,8,92,1,"Thursday, October 19, 2023",User,2023
8787,8,115,1,"Monday, December 25, 2023",User,2023
9143,8,190,1,"Saturday, December 16, 2023",User,2023
9151,8,181,1,"Sunday, December 24, 2023",User,2023
9185,8,62,1,"Thursday, October 5, 2023",User,2023
9205,8,64,1,"Thursday, July 13, 2023",User,2023
9318,8,29,1,"Sunday, September 3, 2023",User,2023
9353,8,164,1,"Wednesday, August 9, 2023",User,2023
9556,8,126,1,"Thursday, November 16, 2023",User,2023
9960,8,3,1,"Wednesday, December 20, 2023",User,2023
2,8,64,1,"Monday, August 14, 2023",User,2023
398,8,14,1,"Sunday, February 5, 2023",User,2023
822,8,106,1,"Wednesday, July 26, 2023",User,2023
871,8,119,1,"Friday, March 10, 2023",User,2023
886,8,34,1,"Tuesday, October 24, 2023",User,2023
959,8,30,1,"Friday, February 2, 2024",User,2024
1409,8,166,1,"Wednesday, January 25, 2023",User,2023
1578,8,185,1,"Tuesday, April 4, 2023",User,2023
1694,8,144,1,"Friday, October 13, 2023",User,2023
2047,8,73,1,"Sunday, August 27, 2023",User,2023
2272,8,68,1,"Sunday, May 21, 2023",User,2023
2474,8,54,1,"Saturday, November 25, 2023",User,2023
3731,8,117,1,"Monday, September 25, 2023",User,2023
3732,8,105,1,"Wednesday, May 31, 2023",User,2023
4094,8,97,1,"Thursday, June 1, 2023",User,2023
4235,8,194,1,"Monday, November 20, 2023",User,2023
4382,8,18,1,"Saturday, December 16, 2023",User,2023
4558,8,198,1,"Tuesday, September 19, 2023",User,2023
4560,8,76,1,"Saturday, September 16, 2023",User,2023
4587,8,58,1,"Thursday, February 16, 2023",User,2023
4759,8,9,1,"Thursday, February 2, 2023",User,2023
85,18,140,1,"Monday, July 3, 2023",User,2023
169,18,188,1,"Sunday, August 20, 2023",User,2023
314,18,59,1,"Saturday, January 28, 2023",User,2023
406,18,12,1,"Saturday, October 7, 2023",User,2023
743,18,96,1,"Saturday, February 25, 2023",User,2023
1015,18,41,1,"Wednesday, March 1, 2023",User,2023
1061,18,128,1,"Saturday, September 2, 2023",User,2023
1242,18,28,1,"Friday, January 13, 2023",User,2023
1369,18,101,1,"Tuesday, June 27, 2023",User,2023
1661,18,74,1,"Monday, October 30, 2023",User,2023
1679,18,85,1,"Friday, June 30, 2023",User,2023
1683,18,83,1,"Monday, July 10, 2023",User,2023
1840,18,9,1,"Sunday, November 26, 2023",User,2023
1842,18,101,1,"Friday, November 17, 2023",User,2023
2203,18,48,1,"Thursday, June 8, 2023",User,2023
2455,18,64,1,"Tuesday, February 14, 2023",User,2023
2922,18,2,1,"Sunday, September 17, 2023",User,2023
3077,18,183,1,"Saturday, October 28, 2023",User,2023
3100,18,148,1,"Saturday, March 11, 2023",User,2023
3269,18,61,1,"Tuesday, October 17, 2023",User,2023
3304,18,108,1,"Saturday, January 14, 2023",User,2023
3758,18,177,1,"Sunday, August 13, 2023",User,2023
3869,18,139,1,"Friday, November 24, 2023",User,2023
4404,18,58,1,"Thursday, December 14, 2023",User,2023
4476,18,141,1,"Monday, October 9, 2023",User,2023
4646,18,116,1,"Monday, July 31, 2023",User,2023
4868,18,132,1,"Saturday, November 18, 2023",User,2023
5051,18,15,1,"Sunday, October 15, 2023",User,2023
5229,18,49,1,"Friday, December 15, 2023",User,2023
5476,18,187,1,"Monday, April 24, 2023",User,2023
5546,18,4,1,"Monday, November 6, 2023",User,2023
5735,18,85,1,"Wednesday, November 22, 2023",User,2023
5748,18,67,1,"Tuesday, July 4, 2023",User,2023
5759,18,103,1,"Thursday, August 10, 2023",User,2023
6808,18,181,1,"Saturday, October 21, 2023",User,2023
6962,18,59,1,"Sunday, August 13, 2023",User,2023
7012,18,114,1,"Saturday, December 2, 2023",User,2023
7210,18,84,1,"Friday, January 6, 2023",User,2023
7243,18,26,1,"Monday, April 10, 2023",User,2023
7639,18,61,1,"Friday, September 1, 2023",User,2023
7685,18,151,1,"Saturday, July 1, 2023",User,2023
7701,18,193,1,"Thursday, May 11, 2023",User,2023
8008,18,28,1,"Sunday, October 22, 2023",User,2023
8209,18,15,1,"Wednesday, June 14, 2023",User,2023
8239,18,99,1,"Sunday, November 19, 2023",User,2023
8305,18,161,1,"Wednesday, May 10, 2023",User,2023
8556,18,54,1,"Wednesday, July 26, 2023",User,2023
8657,18,70,1,"Monday, February 13, 2023",User,2023
8959,18,190,1,"Saturday, March 18, 2023",User,2023
9009,18,90,1,"Sunday, June 18, 2023",User,2023
9082,18,197,1,"Monday, January 30, 2023",User,2023
9171,18,78,1,"Saturday, June 3, 2023",User,2023
9805,18,194,1,"Friday, September 1, 2023",User,2023
85,18,140,1,"Wednesday, July 12, 2023",User,2023
169,18,188,1,"Tuesday, February 28, 2023",User,2023
314,18,59,1,"Tuesday, September 19, 2023",User,2023
406,18,12,1,"Tuesday, December 5, 2023",User,2023
743,18,96,1,"Sunday, June 4, 2023",User,2023
1015,18,41,1,"Wednesday, March 1, 2023",User,2023
1061,18,128,1,"Saturday, September 2, 2023",User,2023
1242,18,28,1,"Friday, January 13, 2023",User,2023
1369,18,101,1,"Tuesday, June 27, 2023",User,2023
1661,18,74,1,"Monday, October 30, 2023",User,2023
1679,18,85,1,"Friday, June 30, 2023",User,2023
1683,18,83,1,"Monday, July 10, 2023",User,2023
1840,18,9,1,"Sunday, November 26, 2023",User,2023
1842,18,101,1,"Friday, November 17, 2023",User,2023
2203,18,48,1,"Thursday, June 8, 2023",User,2023
2455,18,64,1,"Tuesday, February 14, 2023",User,2023
2922,18,2,1,"Sunday, September 17, 2023",User,2023
3077,18,183,1,"Saturday, October 28, 2023",User,2023
3100,18,148,1,"Saturday, March 11, 2023",User,2023
3269,18,61,1,"Tuesday, October 17, 2023",User,2023
3304,18,108,1,"Saturday, January 14, 2023",User,2023
3758,18,177,1,"Sunday, August 13, 2023",User,2023
3869,18,139,1,"Friday, November 24, 2023",User,2023
4404,18,58,1,"Thursday, December 14, 2023",User,2023
4476,18,141,1,"Monday, October 9, 2023",User,2023
4646,18,116,1,"Monday, July 31, 2023",User,2023
1489,18,81,1,"Wednesday, January 28, 2026",User,2026
238,15,51,1,"Friday, July 28, 2023",User,2023
286,15,15,1,"Sunday, December 10, 2023",User,2023
311,15,182,1,"Friday, March 31, 2023",User,2023
349,15,113,1,"Saturday, October 7, 2023",User,2023
454,15,134,1,"Tuesday, July 18, 2023",User,2023
838,15,192,1,"Wednesday, June 7, 2023",User,2023
1205,15,124,1,"Saturday, December 16, 2023",User,2023
1727,15,34,1,"Thursday, May 4, 2023",User,2023
2015,15,16,1,"Tuesday, March 21, 2023",User,2023
2142,15,153,1,"Monday, October 16, 2023",User,2023
2170,15,9,1,"Monday, August 14, 2023",User,2023
2271,15,183,1,"Friday, December 22, 2023",User,2023
2276,15,131,1,"Saturday, December 23, 2023",User,2023
2299,15,37,1,"Thursday, November 16, 2023",User,2023
2512,15,99,1,"Saturday, February 11, 2023",User,2023
3223,15,111,1,"Friday, December 22, 2023",User,2023
3257,15,142,1,"Wednesday, May 3, 2023",User,2023
3386,15,10,1,"Tuesday, May 2, 2023",User,2023
3425,15,6,1,"Wednesday, December 6, 2023",User,2023
3458,15,194,1,"Tuesday, May 9, 2023",User,2023
3626,15,30,1,"Thursday, March 9, 2023",User,2023
3807,15,115,1,"Tuesday, June 27, 2023",User,2023
3945,15,136,1,"Tuesday, May 23, 2023",User,2023
4065,15,160,1,"Wednesday, February 8, 2023",User,2023
4190,15,44,1,"Friday, March 31, 2023",User,2023
4357,15,24,1,"Wednesday, January 18, 2023",User,2023
4631,15,98,1,"Wednesday, November 1, 2023",User,2023
4657,15,125,1,"Thursday, December 7, 2023",User,2023
4881,15,130,1,"Sunday, May 7, 2023",User,2023
5178,15,43,1,"Tuesday, June 6, 2023",User,2023
5623,15,70,1,"Wednesday, August 23, 2023",User,2023
5641,15,77,1,"Tuesday, February 14, 2023",User,2023
5923,15,150,1,"Wednesday, December 13, 2023",User,2023
6053,15,135,1,"Sunday, February 26, 2023",User,2023
6098,15,82,1,"Thursday, December 28, 2023",User,2023
6178,15,50,1,"Wednesday, February 15, 2023",User,2023
6561,15,38,1,"Tuesday, September 5, 2023",User,2023
6764,15,111,1,"Tuesday, October 24, 2023",User,2023
6897,15,110,1,"Tuesday, June 13, 2023",User,2023
7015,15,95,1,"Tuesday, July 11, 2023",User,2023
7148,15,17,1,"Sunday, August 6, 2023",User,2023
7622,15,171,1,"Saturday, November 11, 2023",User,2023
8082,15,81,1,"Thursday, April 6, 2023",User,2023
8292,15,133,1,"Wednesday, August 2, 2023",User,2023
8581,15,139,1,"Friday, March 24, 2023",User,2023
8953,15,56,1,"Sunday, February 19, 2023",User,2023
9029,15,67,1,"Saturday, May 27, 2023",User,2023
9074,15,171,1,"Friday, July 21, 2023",User,2023
9188,15,67,1,"Sunday, December 24, 2023",User,2023
9669,15,5,1,"Monday, May 29, 2023",User,2023
9740,15,186,1,"Wednesday, November 8, 2023",User,2023
9916,15,110,1,"Tuesday, April 4, 2023",User,2023
238,15,51,1,"Saturday, May 6, 2023",User,2023
286,15,15,1,"Sunday, October 8, 2023",User,2023
311,15,182,1,"Thursday, September 14, 2023",User,2023
349,15,59,1,"Wednesday, February 22, 2023",User,2023
454,15,134,1,"Wednesday, July 19, 2023",User,2023
838,15,192,1,"Thursday, August 17, 2023",User,2023
1205,15,124,1,"Saturday, December 16, 2023",User,2023
1727,15,34,1,"Thursday, May 4, 2023",User,2023
2015,15,16,1,"Tuesday, March 21, 2023",User,2023
2142,15,153,1,"Monday, October 16, 2023",User,2023
2170,15,9,1,"Monday, August 14, 2023",User,2023
2271,15,183,1,"Friday, December 22, 2023",User,2023
2276,15,131,1,"Saturday, December 23, 2023",User,2023
2299,15,37,1,"Thursday, November 16, 2023",User,2023
2512,15,99,1,"Saturday, February 11, 2023",User,2023
3223,15,111,1,"Friday, December 22, 2023",User,2023
3257,15,142,1,"Wednesday, May 3, 2023",User,2023
3386,15,10,1,"Tuesday, May 2, 2023",User,2023
3425,15,6,1,"Wednesday, December 6, 2023",User,2023
3458,15,194,1,"Tuesday, May 9, 2023",User,2023
3626,15,30,1,"Thursday, March 9, 2023",User,2023
3807,15,115,1,"Tuesday, June 27, 2023",User,2023
3945,15,136,1,"Tuesday, May 23, 2023",User,2023
4065,15,160,1,"Wednesday, February 8, 2023",User,2023
4190,15,44,1,"Friday, March 31, 2023",User,2023
4357,15,24,1,"Wednesday, January 18, 2023",User,2023
4631,15,98,1,"Wednesday, November 1, 2023",User,2023
4657,15,125,1,"Thursday, December 7, 2023",User,2023
974,15,92,1,"Saturday, August 31, 2024",User,2024
23,30,54,1,"Monday, May 29, 2023",User,2023
58,30,20,1,"Tuesday, August 22, 2023",User,2023
93,30,33,1,"Tuesday, April 11, 2023",User,2023
193,30,140,1,"Wednesday, October 11, 2023",User,2023
197,30,151,1,"Wednesday, August 30, 2023",User,2023
234,30,7,1,"Monday, February 6, 2023",User,2023
243,30,82,1,"Thursday, February 23, 2023",User,2023
360,30,120,1,"Thursday, June 15, 2023",User,2023
783,30,168,1,"Sunday, December 3, 2023",User,2023
1035,30,17,1,"Friday, July 14, 2023",User,2023
2007,30,10,1,"Thursday, February 9, 2023",User,2023
2120,30,22,1,"Sunday, December 24, 2023",User,2023
2201,30,6,1,"Tuesday, August 22, 2023",User,2023
2374,30,59,1,"Wednesday, December 27, 2023",User,2023
2388,30,145,1,"Monday, October 9, 2023",User,2023
2521,30,67,1,"Wednesday, September 13, 2023",User,2023
3004,30,105,1,"Tuesday, June 20, 2023",User,2023
3039,30,149,1,"Monday, October 2, 2023",User,2023
3061,30,14,1,"Friday, September 22, 2023",User,2023
3488,30,126,1,"Wednesday, August 23, 2023",User,2023
4101,30,52,1,"Saturday, February 11, 2023",User,2023
4274,30,58,1,"Tuesday, June 6, 2023",User,2023
4276,30,11,1,"Sunday, August 20, 2023",User,2023
4366,30,58,1,"Wednesday, February 15, 2023",User,2023
4431,30,192,1,"Wednesday, March 15, 2023",User,2023
4623,30,28,1,"Wednesday, August 23, 2023",User,2023
4648,30,166,1,"Friday, September 1, 2023",User,2023
4762,30,60,1,"Friday, October 13, 2023",User,2023
4937,30,163,1,"Sunday, February 12, 2023",User,2023
4950,30,56,1,"Sunday, November 5, 2023",User,2023
5038,30,154,1,"Thursday, November 2, 2023",User,2023
5176,30,70,1,"Thursday, November 2, 2023",User,2023
5815,30,62,1,"Wednesday, June 7, 2023",User,2023
6259,30,79,1,"Wednesday, January 25, 2023",User,2023
6688,30,47,1,"Friday, December 29, 2023",User,2023
6696,30,91,1,"Wednesday, November 15, 2023",User,2023
7082,30,181,1,"Sunday, May 21, 2023",User,2023
7571,30,138,1,"Wednesday, December 20, 2023",User,2023
8142,30,18,1,"Tuesday, June 6, 2023",User,2023
8304,30,168,1,"Thursday, June 22, 2023",User,2023
8351,30,127,1,"Saturday, April 8, 2023",User,2023
8386,30,117,1,"Monday, February 13, 2023",User,2023
8500,30,144,1,"Thursday, November 2, 2023",User,2023
8530,30,3,1,"Friday, September 15, 2023",User,2023
8639,30,190,1,"Tuesday, July 25, 2023",User,2023
9059,30,109,1,"Friday, August 18, 2023",User,2023
9107,30,30,1,"Thursday, November 16, 2023",User,2023
9114,30,162,1,"Saturday, September 9, 2023",User,2023
9154,30,87,1,"Sunday, October 22, 2023",User,2023
9160,30,99,1,"Sunday, August 27, 2023",User,2023
9463,30,190,1,"Friday, May 5, 2023",User,2023
9696,30,36,1,"Friday, September 8, 2023",User,2023
9742,30,19,1,"Wednesday, January 11, 2023",User,2023
23,30,57,1,"Saturday, December 9, 2023",User,2023
58,30,94,1,"Tuesday, October 31, 2023",User,2023
93,30,33,1,"Tuesday, December 19, 2023",User,2023
193,30,140,1,"Saturday, March 4, 2023",User,2023
197,30,151,1,"Tuesday, July 4, 2023",User,2023
234,30,7,1,"Tuesday, May 30, 2023",User,2023
243,30,82,1,"Wednesday, December 6, 2023",User,2023
360,30,14,1,"Sunday, September 3, 2023",User,2023
783,30,168,1,"Friday, January 6, 2023",User,2023
1035,30,17,1,"Friday, July 14, 2023",User,2023
2007,30,10,1,"Thursday, February 9, 2023",User,2023
2120,30,22,1,"Sunday, December 24, 2023",User,2023
2201,30,6,1,"Tuesday, August 22, 2023",User,2023
2374,30,59,1,"Wednesday, December 27, 2023",User,2023
2388,30,145,1,"Monday, October 9, 2023",User,2023
2521,30,67,1,"Wednesday, September 13, 2023",User,2023
3004,30,105,1,"Tuesday, June 20, 2023",User,2023
3039,30,149,1,"Monday, October 2, 2023",User,2023
3061,30,14,1,"Friday, September 22, 2023",User,2023
3488,30,126,1,"Wednesday, August 23, 2023",User,2023
4101,30,52,1,"Saturday, February 11, 2023",User,2023
4274,30,58,1,"Tuesday, June 6, 2023",User,2023
4276,30,11,1,"Sunday, August 20, 2023",User,2023
4366,30,58,1,"Wednesday, February 15, 2023",User,2023
4431,30,192,1,"Wednesday, March 15, 2023",User,2023
4623,30,28,1,"Wednesday, August 23, 2023",User,2023
4648,30,166,1,"Friday, September 1, 2023",User,2023
4762,30,60,1,"Friday, October 13, 2023",User,2023
289,30,47,1,"Sunday, October 16, 2022",User,2022
324,30,13,1,"Sunday, November 20, 2022",User,2022
200,37,47,1,"Saturday, April 1, 2023",User,2023
404,37,143,1,"Wednesday, July 26, 2023",User,2023
587,37,173,1,"Sunday, December 3, 2023",User,2023
799,37,33,1,"Monday, August 28, 2023",User,2023
1004,37,85,1,"Sunday, May 28, 2023",User,2023
1046,37,94,1,"Tuesday, June 13, 2023",User,2023
1484,37,152,1,"Friday, June 16, 2023",User,2023
1577,37,130,1,"Tuesday, August 29, 2023",User,2023
1605,37,48,1,"Thursday, October 19, 2023",User,2023
1654,37,110,1,"Thursday, September 7, 2023",User,2023
1680,37,108,1,"Tuesday, November 21, 2023",User,2023
1814,37,39,1,"Tuesday, July 11, 2023",User,2023
1838,37,104,1,"Friday, March 3, 2023",User,2023
2471,37,105,1,"Friday, November 10, 2023",User,2023
2620,37,15,1,"Saturday, March 4, 2023",User,2023
2871,37,19,1,"Sunday, April 9, 2023",User,2023
3051,37,78,1,"Thursday, March 9, 2023",User,2023
3251,37,55,1,"Saturday, November 25, 2023",User,2023
3409,37,174,1,"Wednesday, July 12, 2023",User,2023
3479,37,16,1,"Monday, June 12, 2023",User,2023
3860,37,54,1,"Wednesday, February 8, 2023",User,2023
3917,37,66,1,"Friday, January 6, 2023",User,2023
3974,37,126,1,"Monday, January 16, 2023",User,2023
4204,37,90,1,"Tuesday, April 4, 2023",User,2023
4327,37,19,1,"Sunday, August 6, 2023",User,2023
4459,37,84,1,"Thursday, September 7, 2023",User,2023
4505,37,15,1,"Sunday, March 19, 2023",User,2023
4549,37,111,1,"Sunday, May 14, 2023",User,2023
4841,37,166,1,"Thursday, June 1, 2023",User,2023
5154,37,36,1,"Wednesday, October 4, 2023",User,2023
5248,37,23,1,"Monday, February 13, 2023",User,2023
5295,37,24,1,"Saturday, May 13, 2023",User,2023
5495,37,22,1,"Sunday, January 15, 2023",User,2023
5625,37,57,1,"Friday, November 24, 2023",User,2023
5691,37,137,1,"Wednesday, August 23, 2023",User,2023
5955,37,153,1,"Tuesday, September 5, 2023",User,2023
6252,37,85,1,"Tuesday, January 31, 2023",User,2023
6693,37,131,1,"Sunday, June 18, 2023",User,2023
6889,37,33,1,"Monday, February 13, 2023",User,2023
7067,37,29,1,"Wednesday, July 12, 2023",User,2023
7237,37,35,1,"Sunday, August 6, 2023",User,2023
7533,37,116,1,"Friday, March 3, 2023",User,2023
7636,37,154,1,"Saturday, March 4, 2023",User,2023
7732,37,10,1,"Saturday, May 27, 2023",User,2023
8028,37,99,1,"Saturday, November 11, 2023",User,2023
8039,37,191,1,"Thursday, November 16, 2023",User,2023
8125,37,174,1,"Thursday, October 19, 2023",User,2023
8203,37,184,1,"Monday, July 24, 2023",User,2023
8666,37,168,1,"Thursday, March 9, 2023",User,2023
8831,37,77,1,"Thursday, February 16, 2023",User,2023
8841,37,99,1,"Saturday, August 12, 2023",User,2023
9189,37,60,1,"Wednesday, November 1, 2023",User,2023
9300,37,117,1,"Wednesday, August 23, 2023",User,2023
9624,37,43,1,"Sunday, April 9, 2023",User,2023
9830,37,83,1,"Tuesday, July 18, 2023",User,2023
200,37,47,1,"Monday, December 4, 2023",User,2023
404,37,143,1,"Thursday, October 5, 2023",User,2023
587,37,173,1,"Wednesday, March 8, 2023",User,2023
799,37,33,1,"Friday, June 23, 2023",User,2023
1004,37,85,1,"Saturday, May 4, 2024",User,2024
1046,37,94,1,"Tuesday, June 13, 2023",User,2023
1484,37,152,1,"Friday, June 16, 2023",User,2023
1577,37,130,1,"Tuesday, August 29, 2023",User,2023
1605,37,48,1,"Thursday, October 19, 2023",User,2023
1654,37,110,1,"Thursday, September 7, 2023",User,2023
1680,37,108,1,"Tuesday, November 21, 2023",User,2023
1814,37,39,1,"Tuesday, July 11, 2023",User,2023
1838,37,104,1,"Friday, March 3, 2023",User,2023
2471,37,105,1,"Friday, November 10, 2023",User,2023
2620,37,15,1,"Saturday, March 4, 2023",User,2023
2871,37,19,1,"Sunday, April 9, 2023",User,2023
3051,37,78,1,"Thursday, March 9, 2023",User,2023
3251,37,55,1,"Saturday, November 25, 2023",User,2023
3409,37,174,1,"Wednesday, July 12, 2023",User,2023
3479,37,16,1,"Monday, June 12, 2023",User,2023
3860,37,54,1,"Wednesday, February 8, 2023",User,2023
3917,37,66,1,"Friday, January 6, 2023",User,2023
3974,37,126,1,"Monday, January 16, 2023",User,2023
4204,37,90,1,"Tuesday, April 4, 2023",User,2023
4327,37,19,1,"Sunday, August 6, 2023",User,2023
4459,37,84,1,"Thursday, September 7, 2023",User,2023
4505,37,15,1,"Sunday, March 19, 2023",User,2023
4549,37,111,1,"Sunday, May 14, 2023",User,2023
866,37,162,1,"Wednesday, May 15, 2024",User,2024
1095,37,104,1,"Monday, December 30, 2024",User,2024
1289,37,57,1,"Sunday, December 7, 2025",User,2025
1371,37,132,1,"Monday, February 10, 2025",User,2025
50,26,144,1,"Thursday, September 7, 2023",User,2023
113,26,6,1,"Saturday, July 22, 2023",User,2023
295,26,198,1,"Saturday, November 4, 2023",User,2023
714,26,90,1,"Monday, June 12, 2023",User,2023
892,26,132,1,"Friday, August 18, 2023",User,2023
996,26,71,1,"Friday, February 17, 2023",User,2023
1239,26,22,1,"Friday, May 12, 2023",User,2023
1405,26,9,1,"Monday, May 15, 2023",User,2023
1914,26,49,1,"Monday, February 13, 2023",User,2023
2393,26,25,1,"Friday, February 24, 2023",User,2023
2528,26,11,1,"Sunday, November 19, 2023",User,2023
2697,26,147,1,"Wednesday, March 15, 2023",User,2023
3064,26,67,1,"Sunday, September 3, 2023",User,2023
3083,26,174,1,"Sunday, October 8, 2023",User,2023
3141,26,22,1,"Sunday, June 4, 2023",User,2023
3142,26,181,1,"Saturday, December 2, 2023",User,2023
3779,26,174,1,"Sunday, April 2, 2023",User,2023
3882,26,137,1,"Sunday, November 26, 2023",User,2023
3976,26,27,1,"Tuesday, October 17, 2023",User,2023
3996,26,196,1,"Saturday, August 5, 2023",User,2023
4258,26,2,1,"Monday, November 6, 2023",User,2023
4383,26,174,1,"Monday, February 27, 2023",User,2023
4496,26,90,1,"Saturday, April 15, 2023",User,2023
4516,26,143,1,"Wednesday, May 17, 2023",User,2023
4774,26,61,1,"Thursday, February 23, 2023",User,2023
4818,26,51,1,"Wednesday, February 22, 2023",User,2023
4888,26,14,1,"Wednesday, January 4, 2023",User,2023
4910,26,185,1,"Thursday, November 30, 2023",User,2023
4969,26,138,1,"Sunday, November 19, 2023",User,2023
4999,26,142,1,"Friday, June 2, 2023",User,2023
5144,26,87,1,"Tuesday, September 12, 2023",User,2023
5155,26,174,1,"Tuesday, September 5, 2023",User,2023
5223,26,58,1,"Saturday, July 29, 2023",User,2023
5787,26,40,1,"Wednesday, July 12, 2023",User,2023
5925,26,189,1,"Saturday, May 20, 2023",User,2023
5942,26,68,1,"Monday, May 8, 2023",User,2023
6120,26,112,1,"Thursday, December 21, 2023",User,2023
6169,26,198,1,"Thursday, August 10, 2023",User,2023
6378,26,31,1,"Monday, January 23, 2023",User,2023
6604,26,148,1,"Saturday, April 8, 2023",User,2023
6784,26,144,1,"Thursday, January 12, 2023",User,2023
6837,26,180,1,"Wednesday, August 2, 2023",User,2023
7008,26,12,1,"Monday, May 22, 2023",User,2023
7168,26,187,1,"Thursday, September 21, 2023",User,2023
7200,26,146,1,"Monday, March 6, 2023",User,2023
7356,26,21,1,"Friday, September 15, 2023",User,2023
7729,26,35,1,"Thursday, April 13, 2023",User,2023
7822,26,44,1,"Tuesday, October 17, 2023",User,2023
7869,26,46,1,"Thursday, May 25, 2023",User,2023
7923,26,105,1,"Wednesday, January 25, 2023",User,2023
8179,26,140,1,"Saturday, November 11, 2023",User,2023
8597,26,117,1,"Sunday, October 8, 2023",User,2023
8623,26,19,1,"Tuesday, October 24, 2023",User,2023
9092,26,20,1,"Tuesday, November 21, 2023",User,2023
9384,26,196,1,"Friday, October 13, 2023",User,2023
9488,26,107,1,"Tuesday, April 18, 2023",User,2023
9502,26,160,1,"Thursday, April 20, 2023",User,2023
9545,26,107,1,"Wednesday, June 28, 2023",User,2023
9715,26,111,1,"Thursday, January 5, 2023",User,2023
9798,26,3,1,"Friday, January 6, 2023",User,2023
50,26,144,1,"Thursday, October 19, 2023",User,2023
113,26,6,1,"Tuesday, January 16, 2024",User,2024
295,26,198,1,"Wednesday, August 23, 2023",User,2023
714,26,90,1,"Friday, February 24, 2023",User,2023
892,26,132,1,"Wednesday, January 11, 2023",User,2023
996,26,71,1,"Tuesday, March 26, 2024",User,2024
1239,26,22,1,"Friday, May 12, 2023",User,2023
1405,26,9,1,"Monday, May 15, 2023",User,2023
1914,26,49,1,"Monday, February 13, 2023",User,2023
2393,26,25,1,"Friday, February 24, 2023",User,2023
2528,26,11,1,"Sunday, November 19, 2023",User,2023
2697,26,147,1,"Wednesday, March 15, 2023",User,2023
3064,26,67,1,"Sunday, September 3, 2023",User,2023
3083,26,174,1,"Sunday, October 8, 2023",User,2023
3141,26,22,1,"Sunday, June 4, 2023",User,2023
3142,26,181,1,"Saturday, December 2, 2023",User,2023
3779,26,174,1,"Sunday, April 2, 2023",User,2023
3882,26,137,1,"Sunday, November 26, 2023",User,2023
3976,26,27,1,"Tuesday, October 17, 2023",User,2023
3996,26,196,1,"Saturday, August 5, 2023",User,2023
4258,26,2,1,"Monday, November 6, 2023",User,2023
4383,26,174,1,"Monday, February 27, 2023",User,2023
4496,26,90,1,"Saturday, April 15, 2023",User,2023
4516,26,143,1,"Wednesday, May 17, 2023",User,2023
4774,26,61,1,"Thursday, February 23, 2023",User,2023
838,26,165,1,"Wednesday, April 17, 2024",User,2024
981,26,21,1,"Tuesday, July 9, 2024",User,2024
1113,26,41,1,"Friday, January 17, 2025",User,2025
51,39,94,1,"Friday, April 21, 2023",User,2023
270,39,100,1,"Wednesday, July 19, 2023",User,2023
622,39,102,1,"Saturday, October 21, 2023",User,2023
854,39,31,1,"Tuesday, May 30, 2023",User,2023
865,39,89,1,"Saturday, October 14, 2023",User,2023
1065,39,27,1,"Sunday, April 9, 2023",User,2023
1096,39,145,1,"Tuesday, January 31, 2023",User,2023
1467,39,193,1,"Wednesday, July 12, 2023",User,2023
1878,39,183,1,"Saturday, March 25, 2023",User,2023
1956,39,70,1,"Monday, May 22, 2023",User,2023
2209,39,14,1,"Friday, April 21, 2023",User,2023
2212,39,131,1,"Thursday, November 16, 2023",User,2023
2418,39,41,1,"Sunday, April 23, 2023",User,2023
2445,39,198,1,"Sunday, January 22, 2023",User,2023
2668,39,107,1,"Friday, October 27, 2023",User,2023
2669,39,198,1,"Monday, March 20, 2023",User,2023
2891,39,39,1,"Saturday, January 28, 2023",User,2023
2932,39,129,1,"Sunday, April 16, 2023",User,2023
3130,39,88,1,"Tuesday, September 5, 2023",User,2023
3175,39,1,1,"Sunday, June 11, 2023",User,2023
3345,39,77,1,"Tuesday, September 12, 2023",User,2023
3361,39,146,1,"Wednesday, November 22, 2023",User,2023
3381,39,5,1,"Tuesday, December 19, 2023",User,2023
4317,39,46,1,"Monday, November 20, 2023",User,2023
4433,39,30,1,"Tuesday, April 4, 2023",User,2023
4454,39,75,1,"Wednesday, January 25, 2023",User,2023
4503,39,19,1,"Tuesday, June 6, 2023",User,2023
4593,39,183,1,"Monday, September 4, 2023",User,2023
4647,39,32,1,"Tuesday, May 30, 2023",User,2023
5128,39,28,1,"Sunday, April 30, 2023",User,2023
5166,39,124,1,"Saturday, October 21, 2023",User,2023
5190,39,48,1,"Friday, February 24, 2023",User,2023
5829,39,71,1,"Monday, May 1, 2023",User,2023
5905,39,29,1,"Friday, September 8, 2023",User,2023
6290,39,149,1,"Monday, November 6, 2023",User,2023
6571,39,137,1,"Saturday, October 21, 2023",User,2023
6658,39,166,1,"Friday, December 29, 2023",User,2023
6697,39,57,1,"Thursday, March 9, 2023",User,2023
6715,39,128,1,"Friday, January 27, 2023",User,2023
6792,39,54,1,"Saturday, January 21, 2023",User,2023
6800,39,86,1,"Tuesday, September 12, 2023",User,2023
6945,39,26,1,"Saturday, September 9, 2023",User,2023
7733,39,71,1,"Friday, December 8, 2023",User,2023
7810,39,186,1,"Friday, September 22, 2023",User,2023
7956,39,198,1,"Thursday, November 16, 2023",User,2023
8274,39,79,1,"Monday, March 20, 2023",User,2023
8345,39,108,1,"Sunday, May 21, 2023",User,2023
8382,39,114,1,"Monday, December 4, 2023",User,2023
8616,39,109,1,"Friday, April 21, 2023",User,2023
8776,39,87,1,"Thursday, May 4, 2023",User,2023
8955,39,69,1,"Sunday, November 5, 2023",User,2023
9084,39,51,1,"Saturday, October 14, 2023",User,2023
9265,39,161,1,"Saturday, June 17, 2023",User,2023
9548,39,69,1,"Thursday, July 6, 2023",User,2023
9631,39,168,1,"Sunday, January 8, 2023",User,2023
51,39,94,1,"Friday, October 20, 2023",User,2023
270,39,100,1,"Wednesday, July 19, 2023",User,2023
622,39,102,1,"Thursday, September 21, 2023",User,2023
854,39,31,1,"Wednesday, August 9, 2023",User,2023
865,39,89,1,"Monday, September 25, 2023",User,2023
1065,39,27,1,"Sunday, April 9, 2023",User,2023
1096,39,145,1,"Tuesday, January 31, 2023",User,2023
1467,39,193,1,"Wednesday, July 12, 2023",User,2023
1878,39,183,1,"Saturday, March 25, 2023",User,2023
1956,39,70,1,"Monday, May 22, 2023",User,2023
2209,39,14,1,"Friday, April 21, 2023",User,2023
2212,39,131,1,"Thursday, November 16, 2023",User,2023
2418,39,41,1,"Sunday, April 23, 2023",User,2023
2445,39,198,1,"Sunday, January 22, 2023",User,2023
2668,39,107,1,"Friday, October 27, 2023",User,2023
2669,39,198,1,"Monday, March 20, 2023",User,2023
2891,39,39,1,"Saturday, January 28, 2023",User,2023
2932,39,129,1,"Sunday, April 16, 2023",User,2023
3130,39,88,1,"Tuesday, September 5, 2023",User,2023
3175,39,1,1,"Sunday, June 11, 2023",User,2023
3345,39,77,1,"Tuesday, September 12, 2023",User,2023
3361,39,146,1,"Wednesday, November 22, 2023",User,2023
3381,39,5,1,"Tuesday, December 19, 2023",User,2023
4317,39,46,1,"Monday, November 20, 2023",User,2023
4433,39,30,1,"Tuesday, April 4, 2023",User,2023
4454,39,75,1,"Wednesday, January 25, 2023",User,2023
4503,39,19,1,"Tuesday, June 6, 2023",User,2023
4593,39,183,1,"Monday, September 4, 2023",User,2023
4647,39,32,1,"Tuesday, May 30, 2023",User,2023
364,39,83,1,"Friday, December 30, 2022",User,2022
432,39,178,1,"Thursday, August 3, 2023",User,2023
769,39,109,1,"Friday, August 2, 2024",User,2024
873,39,172,1,"Wednesday, May 22, 2024",User,2024
203,34,173,1,"Friday, June 30, 2023",User,2023
402,34,141,1,"Tuesday, January 3, 2023",User,2023
678,34,30,1,"Sunday, September 24, 2023",User,2023
690,34,183,1,"Thursday, January 12, 2023",User,2023
740,34,7,1,"Friday, November 17, 2023",User,2023
823,34,178,1,"Saturday, February 11, 2023",User,2023
1394,34,96,1,"Thursday, February 9, 2023",User,2023
1540,34,56,1,"Monday, September 18, 2023",User,2023
1573,34,104,1,"Tuesday, February 28, 2023",User,2023
1608,34,145,1,"Friday, May 19, 2023",User,2023
1846,34,131,1,"Saturday, June 17, 2023",User,2023
2017,34,107,1,"Sunday, July 2, 2023",User,2023
2265,34,85,1,"Saturday, December 23, 2023",User,2023
2304,34,39,1,"Sunday, April 9, 2023",User,2023
2594,34,153,1,"Monday, March 27, 2023",User,2023
2769,34,6,1,"Tuesday, August 8, 2023",User,2023
2840,34,55,1,"Sunday, April 30, 2023",User,2023
2967,34,127,1,"Thursday, August 24, 2023",User,2023
3115,34,73,1,"Saturday, February 4, 2023",User,2023
3276,34,91,1,"Sunday, October 8, 2023",User,2023
3282,34,121,1,"Sunday, December 10, 2023",User,2023
3741,34,114,1,"Sunday, October 15, 2023",User,2023
3789,34,92,1,"Monday, March 20, 2023",User,2023
3873,34,104,1,"Tuesday, September 26, 2023",User,2023
4057,34,29,1,"Friday, February 10, 2023",User,2023
4099,34,197,1,"Wednesday, May 24, 2023",User,2023
4596,34,85,1,"Wednesday, February 22, 2023",User,2023
4784,34,54,1,"Monday, June 12, 2023",User,2023
4828,34,68,1,"Friday, August 4, 2023",User,2023
4834,34,78,1,"Sunday, January 1, 2023",User,2023
4843,34,104,1,"Saturday, May 20, 2023",User,2023
4865,34,183,1,"Friday, September 22, 2023",User,2023
5432,34,146,1,"Thursday, August 17, 2023",User,2023
5610,34,41,1,"Sunday, January 15, 2023",User,2023
5619,34,10,1,"Sunday, April 23, 2023",User,2023
5636,34,114,1,"Friday, December 22, 2023",User,2023
5936,34,138,1,"Tuesday, May 2, 2023",User,2023
5975,34,114,1,"Monday, March 6, 2023",User,2023
6104,34,161,1,"Tuesday, September 12, 2023",User,2023
6179,34,57,1,"Sunday, May 28, 2023",User,2023
6292,34,183,1,"Wednesday, April 26, 2023",User,2023
6297,34,145,1,"Tuesday, April 4, 2023",User,2023
6361,34,24,1,"Monday, November 20, 2023",User,2023
6383,34,189,1,"Friday, June 30, 2023",User,2023
6517,34,87,1,"Friday, April 21, 2023",User,2023
7157,34,186,1,"Monday, March 20, 2023",User,2023
7638,34,32,1,"Sunday, October 1, 2023",User,2023
7914,34,8,1,"Sunday, December 24, 2023",User,2023
8101,34,20,1,"Friday, March 10, 2023",User,2023
8133,34,2,1,"Monday, July 24, 2023",User,2023
8366,34,35,1,"Sunday, April 16, 2023",User,2023
8586,34,153,1,"Tuesday, December 26, 2023",User,2023
9228,34,110,1,"Saturday, November 11, 2023",User,2023
9344,34,122,1,"Sunday, July 9, 2023",User,2023
9538,34,103,1,"Thursday, June 29, 2023",User,2023
9564,34,163,1,"Tuesday, March 28, 2023",User,2023
203,34,173,1,"Monday, April 17, 2023",User,2023
402,34,141,1,"Saturday, August 5, 2023",User,2023
678,34,30,1,"Saturday, August 12, 2023",User,2023
690,34,183,1,"Monday, January 23, 2023",User,2023
740,34,7,1,"Saturday, March 4, 2023",User,2023
823,34,178,1,"Thursday, July 27, 2023",User,2023
1394,34,96,1,"Thursday, February 9, 2023",User,2023
1540,34,56,1,"Monday, September 18, 2023",User,2023
1573,34,104,1,"Tuesday, February 28, 2023",User,2023
1608,34,145,1,"Friday, May 19, 2023",User,2023
1846,34,131,1,"Saturday, June 17, 2023",User,2023
2017,34,107,1,"Sunday, July 2, 2023",User,2023
2265,34,85,1,"Saturday, December 23, 2023",User,2023
2304,34,39,1,"Sunday, April 9, 2023",User,2023
2594,34,153,1,"Monday, March 27, 2023",User,2023
2769,34,6,1,"Tuesday, August 8, 2023",User,2023
2840,34,55,1,"Sunday, April 30, 2023",User,2023
2967,34,127,1,"Thursday, August 24, 2023",User,2023
3115,34,73,1,"Saturday, February 4, 2023",User,2023
3276,34,91,1,"Sunday, October 8, 2023",User,2023
3282,34,121,1,"Sunday, December 10, 2023",User,2023
3741,34,114,1,"Sunday, October 15, 2023",User,2023
3789,34,92,1,"Monday, March 20, 2023",User,2023
3873,34,104,1,"Tuesday, September 26, 2023",User,2023
4057,34,29,1,"Friday, February 10, 2023",User,2023
4099,34,197,1,"Wednesday, May 24, 2023",User,2023
4596,34,85,1,"Wednesday, February 22, 2023",User,2023
4784,34,54,1,"Monday, June 12, 2023",User,2023
186,34,87,1,"Saturday, May 7, 2022",User,2022
353,34,175,1,"Monday, December 19, 2022",User,2022
730,34,166,1,"Sunday, December 31, 2023",User,2023
1163,34,182,1,"Sunday, August 3, 2025",User,2025
1269,34,72,1,"Sunday, June 22, 2025",User,2025
347,21,101,1,"Tuesday, July 18, 2023",User,2023
348,21,54,1,"Wednesday, November 22, 2023",User,2023
637,21,64,1,"Saturday, October 28, 2023",User,2023
752,21,94,1,"Thursday, December 7, 2023",User,2023
830,21,53,1,"Saturday, March 18, 2023",User,2023
891,21,73,1,"Monday, June 19, 2023",User,2023
1026,21,7,1,"Wednesday, May 10, 2023",User,2023
1262,21,118,1,"Friday, June 16, 2023",User,2023
1393,21,194,1,"Friday, May 26, 2023",User,2023
1512,21,164,1,"Saturday, June 24, 2023",User,2023
1790,21,143,1,"Wednesday, November 8, 2023",User,2023
1865,21,127,1,"Thursday, August 10, 2023",User,2023
1923,21,48,1,"Sunday, February 19, 2023",User,2023
2023,21,88,1,"Friday, October 20, 2023",User,2023
2297,21,27,1,"Sunday, January 1, 2023",User,2023
2317,21,173,1,"Friday, April 21, 2023",User,2023
2543,21,86,1,"Sunday, August 27, 2023",User,2023
2653,21,22,1,"Saturday, December 2, 2023",User,2023
2757,21,119,1,"Tuesday, August 22, 2023",User,2023
2817,21,107,1,"Monday, March 6, 2023",User,2023
2893,21,50,1,"Tuesday, July 11, 2023",User,2023
3265,21,106,1,"Thursday, November 16, 2023",User,2023
3266,21,184,1,"Monday, March 27, 2023",User,2023
3635,21,93,1,"Wednesday, February 22, 2023",User,2023
3683,21,52,1,"Monday, September 4, 2023",User,2023
3955,21,48,1,"Tuesday, December 12, 2023",User,2023
3957,21,61,1,"Sunday, July 9, 2023",User,2023
4011,21,168,1,"Wednesday, October 4, 2023",User,2023
4022,21,183,1,"Sunday, June 11, 2023",User,2023
4474,21,171,1,"Sunday, September 10, 2023",User,2023
4770,21,119,1,"Saturday, December 16, 2023",User,2023
4944,21,44,1,"Monday, February 6, 2023",User,2023
5066,21,112,1,"Tuesday, June 6, 2023",User,2023
5075,21,105,1,"Monday, May 8, 2023",User,2023
5245,21,57,1,"Tuesday, March 28, 2023",User,2023
5274,21,91,1,"Wednesday, July 19, 2023",User,2023
5407,21,118,1,"Tuesday, August 8, 2023",User,2023
5424,21,60,1,"Saturday, November 25, 2023",User,2023
5440,21,111,1,"Tuesday, November 14, 2023",User,2023
5854,21,4,1,"Friday, December 8, 2023",User,2023
6431,21,151,1,"Saturday, May 6, 2023",User,2023
6634,21,154,1,"Thursday, August 10, 2023",User,2023
6686,21,19,1,"Thursday, April 20, 2023",User,2023
6726,21,69,1,"Monday, January 9, 2023",User,2023
6788,21,178,1,"Sunday, February 12, 2023",User,2023
7072,21,165,1,"Monday, August 7, 2023",User,2023
7114,21,14,1,"Wednesday, March 15, 2023",User,2023
7170,21,119,1,"Tuesday, July 11, 2023",User,2023
7179,21,135,1,"Monday, October 16, 2023",User,2023
7344,21,32,1,"Friday, December 29, 2023",User,2023
7467,21,64,1,"Monday, January 16, 2023",User,2023
8066,21,14,1,"Monday, September 11, 2023",User,2023
8173,21,70,1,"Wednesday, June 7, 2023",User,2023
8349,21,107,1,"Friday, October 6, 2023",User,2023
8903,21,6,1,"Thursday, June 22, 2023",User,2023
9027,21,130,1,"Tuesday, August 15, 2023",User,2023
9808,21,53,1,"Saturday, March 11, 2023",User,2023
9936,21,3,1,"Friday, March 17, 2023",User,2023
347,21,59,1,"Monday, February 20, 2023",User,2023
348,21,59,1,"Tuesday, February 21, 2023",User,2023
637,21,64,1,"Sunday, December 10, 2023",User,2023
752,21,94,1,"Wednesday, April 19, 2023",User,2023
830,21,53,1,"Saturday, July 8, 2023",User,2023
891,21,73,1,"Tuesday, October 31, 2023",User,2023
1026,21,7,1,"Wednesday, May 10, 2023",User,2023
1262,21,118,1,"Friday, June 16, 2023",User,2023
1393,21,194,1,"Friday, May 26, 2023",User,2023
1512,21,164,1,"Saturday, June 24, 2023",User,2023
1790,21,143,1,"Wednesday, November 8, 2023",User,2023
1865,21,127,1,"Thursday, August 10, 2023",User,2023
1923,21,48,1,"Sunday, February 19, 2023",User,2023
2023,21,88,1,"Friday, October 20, 2023",User,2023
2297,21,27,1,"Sunday, January 1, 2023",User,2023
2317,21,173,1,"Friday, April 21, 2023",User,2023
2543,21,86,1,"Sunday, August 27, 2023",User,2023
2653,21,22,1,"Saturday, December 2, 2023",User,2023
2757,21,119,1,"Tuesday, August 22, 2023",User,2023
2817,21,107,1,"Monday, March 6, 2023",User,2023
2893,21,50,1,"Tuesday, July 11, 2023",User,2023
3265,21,106,1,"Thursday, November 16, 2023",User,2023
3266,21,184,1,"Monday, March 27, 2023",User,2023
3635,21,93,1,"Wednesday, February 22, 2023",User,2023
3683,21,52,1,"Monday, September 4, 2023",User,2023
3955,21,48,1,"Tuesday, December 12, 2023",User,2023
3957,21,61,1,"Sunday, July 9, 2023",User,2023
4011,21,168,1,"Wednesday, October 4, 2023",User,2023
4022,21,183,1,"Sunday, June 11, 2023",User,2023
4474,21,171,1,"Sunday, September 10, 2023",User,2023
4770,21,119,1,"Saturday, December 16, 2023",User,2023
936,21,167,1,"Wednesday, July 24, 2024",User,2024
344,1,107,1,"Sunday, March 19, 2023",User,2023
502,1,68,1,"Thursday, March 16, 2023",User,2023
509,1,121,1,"Sunday, February 19, 2023",User,2023
525,1,179,1,"Monday, September 18, 2023",User,2023
732,1,192,1,"Tuesday, January 3, 2023",User,2023
786,1,181,1,"Saturday, October 7, 2023",User,2023
853,1,106,1,"Thursday, April 20, 2023",User,2023
956,1,106,1,"Monday, December 18, 2023",User,2023
971,1,166,1,"Thursday, March 16, 2023",User,2023
1272,1,107,1,"Sunday, September 10, 2023",User,2023
1884,1,175,1,"Tuesday, December 12, 2023",User,2023
2063,1,11,1,"Saturday, December 9, 2023",User,2023
2105,1,15,1,"Sunday, December 3, 2023",User,2023
2207,1,79,1,"Tuesday, August 1, 2023",User,2023
2592,1,161,1,"Wednesday, November 8, 2023",User,2023
2673,1,170,1,"Thursday, January 5, 2023",User,2023
2958,1,82,1,"Sunday, February 26, 2023",User,2023
3356,1,50,1,"Friday, August 18, 2023",User,2023
3462,1,73,1,"Saturday, February 18, 2023",User,2023
3554,1,115,1,"Tuesday, November 21, 2023",User,2023
3833,1,88,1,"Thursday, March 2, 2023",User,2023
4273,1,76,1,"Monday, December 4, 2023",User,2023
4309,1,197,1,"Wednesday, May 17, 2023",User,2023
4354,1,21,1,"Saturday, January 28, 2023",User,2023
4471,1,190,1,"Thursday, September 21, 2023",User,2023
4604,1,113,1,"Saturday, December 30, 2023",User,2023
5112,1,148,1,"Saturday, July 29, 2023",User,2023
5296,1,169,1,"Tuesday, November 7, 2023",User,2023
5309,1,184,1,"Friday, September 22, 2023",User,2023
5333,1,60,1,"Monday, April 24, 2023",User,2023
5413,1,109,1,"Saturday, March 11, 2023",User,2023
5603,1,182,1,"Saturday, September 23, 2023",User,2023
5611,1,181,1,"Monday, January 16, 2023",User,2023
5701,1,175,1,"Sunday, February 5, 2023",User,2023
6137,1,178,1,"Wednesday, June 14, 2023",User,2023
6242,1,135,1,"Sunday, May 14, 2023",User,2023
6286,1,147,1,"Tuesday, February 28, 2023",User,2023
6509,1,140,1,"Saturday, May 20, 2023",User,2023
6858,1,40,1,"Monday, June 12, 2023",User,2023
7042,1,59,1,"Saturday, August 12, 2023",User,2023
7278,1,41,1,"Sunday, May 14, 2023",User,2023
7475,1,141,1,"Thursday, November 30, 2023",User,2023
7496,1,193,1,"Monday, May 22, 2023",User,2023
7506,1,38,1,"Friday, February 17, 2023",User,2023
7550,1,2,1,"Wednesday, January 4, 2023",User,2023
7853,1,1,1,"Monday, August 28, 2023",User,2023
8117,1,33,1,"Sunday, August 27, 2023",User,2023
8195,1,71,1,"Saturday, September 30, 2023",User,2023
8221,1,86,1,"Tuesday, August 29, 2023",User,2023
8414,1,29,1,"Wednesday, November 8, 2023",User,2023
8435,1,186,1,"Friday, July 28, 2023",User,2023
8592,1,10,1,"Saturday, August 12, 2023",User,2023
8650,1,29,1,"Friday, March 3, 2023",User,2023
8712,1,95,1,"Saturday, May 6, 2023",User,2023
8932,1,80,1,"Friday, August 18, 2023",User,2023
9173,1,126,1,"Monday, October 9, 2023",User,2023
9307,1,150,1,"Sunday, May 14, 2023",User,2023
9416,1,167,1,"Sunday, January 1, 2023",User,2023
9536,1,161,1,"Friday, December 8, 2023",User,2023
9557,1,170,1,"Sunday, May 21, 2023",User,2023
9724,1,188,1,"Monday, July 10, 2023",User,2023
9773,1,85,1,"Sunday, June 4, 2023",User,2023
9822,1,86,1,"Wednesday, July 19, 2023",User,2023
9851,1,158,1,"Thursday, January 26, 2023",User,2023
9950,1,180,1,"Wednesday, February 15, 2023",User,2023
344,1,59,1,"Wednesday, February 15, 2023",User,2023
502,1,68,1,"Sunday, June 4, 2023",User,2023
509,1,121,1,"Monday, April 17, 2023",User,2023
525,1,179,1,"Tuesday, September 5, 2023",User,2023
732,1,192,1,"Wednesday, March 22, 2023",User,2023
786,1,181,1,"Tuesday, June 6, 2023",User,2023
853,1,106,1,"Sunday, July 9, 2023",User,2023
956,1,106,1,"Tuesday, January 30, 2024",User,2024
971,1,166,1,"Tuesday, February 20, 2024",User,2024
1272,1,107,1,"Sunday, September 10, 2023",User,2023
1884,1,175,1,"Tuesday, December 12, 2023",User,2023
2063,1,11,1,"Saturday, December 9, 2023",User,2023
2105,1,15,1,"Sunday, December 3, 2023",User,2023
2207,1,79,1,"Tuesday, August 1, 2023",User,2023
2592,1,161,1,"Wednesday, November 8, 2023",User,2023
2673,1,170,1,"Thursday, January 5, 2023",User,2023
2958,1,82,1,"Sunday, February 26, 2023",User,2023
3356,1,50,1,"Friday, August 18, 2023",User,2023
3462,1,73,1,"Saturday, February 18, 2023",User,2023
3554,1,115,1,"Tuesday, November 21, 2023",User,2023
3833,1,88,1,"Thursday, March 2, 2023",User,2023
4273,1,76,1,"Monday, December 4, 2023",User,2023
4309,1,197,1,"Wednesday, May 17, 2023",User,2023
4354,1,21,1,"Saturday, January 28, 2023",User,2023
4471,1,190,1,"Thursday, September 21, 2023",User,2023
4604,1,113,1,"Saturday, December 30, 2023",User,2023
766,1,78,1,"Thursday, May 2, 2024",User,2024
75,17,86,1,"Thursday, December 28, 2023",User,2023
142,17,188,1,"Sunday, April 16, 2023",User,2023
186,17,56,1,"Saturday, August 5, 2023",User,2023
322,17,20,1,"Sunday, June 18, 2023",User,2023
352,17,18,1,"Monday, November 20, 2023",User,2023
458,17,72,1,"Tuesday, February 28, 2023",User,2023
530,17,174,1,"Sunday, August 20, 2023",User,2023
700,17,27,1,"Thursday, January 26, 2023",User,2023
785,17,168,1,"Sunday, February 26, 2023",User,2023
828,17,35,1,"Tuesday, July 18, 2023",User,2023
894,17,172,1,"Wednesday, December 27, 2023",User,2023
924,17,85,1,"Friday, June 23, 2023",User,2023
1038,17,57,1,"Tuesday, January 10, 2023",User,2023
1240,17,95,1,"Tuesday, April 11, 2023",User,2023
1432,17,22,1,"Sunday, May 21, 2023",User,2023
1448,17,131,1,"Wednesday, December 6, 2023",User,2023
1520,17,119,1,"Thursday, May 11, 2023",User,2023
1710,17,145,1,"Wednesday, March 1, 2023",User,2023
1917,17,60,1,"Saturday, March 25, 2023",User,2023
2144,17,60,1,"Tuesday, February 14, 2023",User,2023
2358,17,188,1,"Thursday, November 9, 2023",User,2023
2505,17,16,1,"Friday, January 6, 2023",User,2023
2568,17,163,1,"Saturday, April 15, 2023",User,2023
2625,17,135,1,"Saturday, March 25, 2023",User,2023
2957,17,117,1,"Thursday, February 16, 2023",User,2023
2969,17,106,1,"Saturday, June 17, 2023",User,2023
3114,17,50,1,"Saturday, March 18, 2023",User,2023
3179,17,100,1,"Thursday, August 10, 2023",User,2023
3268,17,187,1,"Thursday, November 16, 2023",User,2023
3320,17,61,1,"Monday, May 15, 2023",User,2023
3512,17,25,1,"Saturday, December 23, 2023",User,2023
3650,17,40,1,"Monday, December 25, 2023",User,2023
3858,17,56,1,"Friday, June 30, 2023",User,2023
3977,17,172,1,"Tuesday, February 21, 2023",User,2023
4089,17,82,1,"Tuesday, August 1, 2023",User,2023
4110,17,127,1,"Friday, April 21, 2023",User,2023
4161,17,111,1,"Thursday, January 26, 2023",User,2023
4177,17,67,1,"Wednesday, September 27, 2023",User,2023
5011,17,62,1,"Thursday, January 5, 2023",User,2023
5165,17,168,1,"Wednesday, April 26, 2023",User,2023
6458,17,121,1,"Monday, January 23, 2023",User,2023
6536,17,95,1,"Thursday, August 24, 2023",User,2023
6540,17,180,1,"Tuesday, January 24, 2023",User,2023
6602,17,104,1,"Thursday, June 22, 2023",User,2023
6670,17,59,1,"Sunday, January 1, 2023",User,2023
6901,17,19,1,"Monday, October 23, 2023",User,2023
6951,17,106,1,"Wednesday, December 20, 2023",User,2023
7045,17,139,1,"Saturday, October 7, 2023",User,2023
7519,17,87,1,"Sunday, November 5, 2023",User,2023
7590,17,154,1,"Thursday, September 21, 2023",User,2023
7663,17,156,1,"Thursday, March 23, 2023",User,2023
7871,17,196,1,"Wednesday, November 15, 2023",User,2023
8284,17,61,1,"Tuesday, March 21, 2023",User,2023
8655,17,110,1,"Monday, April 10, 2023",User,2023
9501,17,91,1,"Wednesday, July 12, 2023",User,2023
9803,17,166,1,"Thursday, April 27, 2023",User,2023
9854,17,11,1,"Thursday, December 7, 2023",User,2023
9899,17,73,1,"Tuesday, July 18, 2023",User,2023
9942,17,113,1,"Monday, November 13, 2023",User,2023
75,17,145,1,"Thursday, November 23, 2023",User,2023
142,17,188,1,"Friday, January 20, 2023",User,2023
186,17,56,1,"Thursday, March 23, 2023",User,2023
322,17,20,1,"Monday, January 16, 2023",User,2023
352,17,18,1,"Monday, February 27, 2023",User,2023
458,17,72,1,"Tuesday, July 25, 2023",User,2023
530,17,174,1,"Tuesday, May 16, 2023",User,2023
700,17,27,1,"Friday, June 2, 2023",User,2023
785,17,168,1,"Saturday, May 6, 2023",User,2023
828,17,35,1,"Wednesday, March 8, 2023",User,2023
894,17,172,1,"Saturday, March 11, 2023",User,2023
924,17,85,1,"Friday, December 15, 2023",User,2023
1038,17,57,1,"Tuesday, January 10, 2023",User,2023
1240,17,95,1,"Tuesday, April 11, 2023",User,2023
1432,17,22,1,"Sunday, May 21, 2023",User,2023
1448,17,131,1,"Wednesday, December 6, 2023",User,2023
1520,17,119,1,"Thursday, May 11, 2023",User,2023
1710,17,145,1,"Wednesday, March 1, 2023",User,2023
1917,17,60,1,"Saturday, March 25, 2023",User,2023
2144,17,60,1,"Tuesday, February 14, 2023",User,2023
2358,17,188,1,"Thursday, November 9, 2023",User,2023
2505,17,16,1,"Friday, January 6, 2023",User,2023
2568,17,163,1,"Saturday, April 15, 2023",User,2023
2625,17,135,1,"Saturday, March 25, 2023",User,2023
2957,17,117,1,"Thursday, February 16, 2023",User,2023
2969,17,106,1,"Saturday, June 17, 2023",User,2023
3114,17,50,1,"Saturday, March 18, 2023",User,2023
3179,17,100,1,"Thursday, August 10, 2023",User,2023
3268,17,187,1,"Thursday, November 16, 2023",User,2023
3320,17,61,1,"Monday, May 15, 2023",User,2023
3512,17,25,1,"Saturday, December 23, 2023",User,2023
3650,17,40,1,"Monday, December 25, 2023",User,2023
3858,17,56,1,"Friday, June 30, 2023",User,2023
3977,17,172,1,"Tuesday, February 21, 2023",User,2023
4089,17,82,1,"Tuesday, August 1, 2023",User,2023
4110,17,127,1,"Friday, April 21, 2023",User,2023
4161,17,111,1,"Thursday, January 26, 2023",User,2023
4177,17,67,1,"Wednesday, September 27, 2023",User,2023
167,17,129,1,"Thursday, June 16, 2022",User,2022
28,14,103,2,"Thursday, March 30, 2023",User,2023
165,14,116,2,"Saturday, August 19, 2023",User,2023
263,14,99,2,"Tuesday, November 28, 2023",User,2023
441,14,178,2,"Monday, November 20, 2023",User,2023
666,14,67,2,"Saturday, December 23, 2023",User,2023
869,14,95,2,"Tuesday, April 4, 2023",User,2023
938,14,76,2,"Tuesday, August 29, 2023",User,2023
1092,14,79,2,"Sunday, May 7, 2023",User,2023
1241,14,48,2,"Monday, February 6, 2023",User,2023
1362,14,62,2,"Wednesday, August 16, 2023",User,2023
1517,14,75,2,"Tuesday, June 6, 2023",User,2023
2228,14,54,2,"Friday, December 1, 2023",User,2023
2780,14,97,2,"Wednesday, March 1, 2023",User,2023
2793,14,11,2,"Friday, December 22, 2023",User,2023
2808,14,193,2,"Monday, January 23, 2023",User,2023
2904,14,57,2,"Friday, August 25, 2023",User,2023
3211,14,87,2,"Saturday, July 29, 2023",User,2023
3232,14,39,2,"Thursday, April 27, 2023",User,2023
3355,14,89,2,"Monday, August 28, 2023",User,2023
3532,14,133,2,"Tuesday, June 20, 2023",User,2023
3603,14,73,2,"Friday, November 17, 2023",User,2023
3923,14,154,2,"Monday, July 10, 2023",User,2023
4046,14,87,2,"Saturday, November 25, 2023",User,2023
4123,14,109,2,"Thursday, January 19, 2023",User,2023
4304,14,180,2,"Wednesday, December 6, 2023",User,2023
4408,14,117,2,"Tuesday, August 22, 2023",User,2023
4424,14,59,2,"Sunday, October 29, 2023",User,2023
4525,14,190,2,"Wednesday, September 13, 2023",User,2023
4576,14,151,2,"Saturday, January 28, 2023",User,2023
4629,14,103,2,"Thursday, August 3, 2023",User,2023
4633,14,156,2,"Sunday, August 6, 2023",User,2023
4685,14,140,2,"Saturday, July 1, 2023",User,2023
4966,14,23,2,"Sunday, July 16, 2023",User,2023
5197,14,89,2,"Thursday, October 26, 2023",User,2023
5390,14,48,2,"Wednesday, July 12, 2023",User,2023
5402,14,28,2,"Saturday, October 14, 2023",User,2023
5556,14,137,2,"Thursday, May 18, 2023",User,2023
6217,14,194,2,"Tuesday, November 21, 2023",User,2023
6827,14,89,2,"Thursday, February 23, 2023",User,2023
6984,14,15,2,"Tuesday, September 5, 2023",User,2023
7144,14,34,2,"Friday, January 6, 2023",User,2023
7216,14,79,2,"Friday, April 28, 2023",User,2023
7300,14,171,2,"Friday, June 30, 2023",User,2023
7408,14,182,2,"Monday, September 11, 2023",User,2023
7551,14,77,2,"Tuesday, November 14, 2023",User,2023
7876,14,113,2,"Sunday, July 9, 2023",User,2023
8385,14,130,2,"Wednesday, June 7, 2023",User,2023
8436,14,17,2,"Monday, January 2, 2023",User,2023
8451,14,168,2,"Saturday, September 23, 2023",User,2023
8633,14,18,2,"Monday, March 27, 2023",User,2023
8874,14,197,2,"Sunday, March 12, 2023",User,2023
9033,14,54,2,"Thursday, August 17, 2023",User,2023
9213,14,3,2,"Friday, May 19, 2023",User,2023
9332,14,15,2,"Saturday, July 22, 2023",User,2023
9506,14,132,2,"Wednesday, November 29, 2023",User,2023
9655,14,192,2,"Wednesday, April 5, 2023",User,2023
9748,14,134,2,"Tuesday, June 20, 2023",User,2023
28,14,130,2,"Tuesday, September 19, 2023",User,2023
165,14,116,2,"Wednesday, February 22, 2023",User,2023
263,14,99,2,"Saturday, October 7, 2023",User,2023
441,14,178,2,"Friday, June 30, 2023",User,2023
666,14,67,2,"Wednesday, November 22, 2023",User,2023
869,14,95,2,"Friday, September 29, 2023",User,2023
938,14,76,2,"Monday, April 1, 2024",User,2024
1092,14,79,2,"Sunday, May 7, 2023",User,2023
1241,14,48,2,"Monday, February 6, 2023",User,2023
1362,14,62,2,"Wednesday, August 16, 2023",User,2023
1517,14,75,2,"Tuesday, June 6, 2023",User,2023
2228,14,54,2,"Friday, December 1, 2023",User,2023
2780,14,97,2,"Wednesday, March 1, 2023",User,2023
2793,14,11,2,"Friday, December 22, 2023",User,2023
2808,14,193,2,"Monday, January 23, 2023",User,2023
2904,14,57,2,"Friday, August 25, 2023",User,2023
3211,14,87,2,"Saturday, July 29, 2023",User,2023
3232,14,39,2,"Thursday, April 27, 2023",User,2023
3355,14,89,2,"Monday, August 28, 2023",User,2023
3532,14,133,2,"Tuesday, June 20, 2023",User,2023
3603,14,73,2,"Friday, November 17, 2023",User,2023
3923,14,154,2,"Monday, July 10, 2023",User,2023
4046,14,87,2,"Saturday, November 25, 2023",User,2023
4123,14,109,2,"Thursday, January 19, 2023",User,2023
4304,14,180,2,"Wednesday, December 6, 2023",User,2023
4408,14,117,2,"Tuesday, August 22, 2023",User,2023
4424,14,59,2,"Sunday, October 29, 2023",User,2023
4525,14,190,2,"Wednesday, September 13, 2023",User,2023
4576,14,151,2,"Saturday, January 28, 2023",User,2023
4629,14,103,2,"Thursday, August 3, 2023",User,2023
4633,14,156,2,"Sunday, August 6, 2023",User,2023
4685,14,140,2,"Saturday, July 1, 2023",User,2023
62,14,24,2,"Thursday, March 3, 2022",User,2022
139,14,113,2,"Thursday, May 19, 2022",User,2022
166,14,122,2,"Wednesday, June 15, 2022",User,2022
202,14,80,2,"Thursday, July 21, 2022",User,2022
1301,14,162,2,"Thursday, July 24, 2025",User,2025
236,26,36,2,"Tuesday, May 16, 2023",User,2023
319,26,163,2,"Monday, January 30, 2023",User,2023
453,26,81,2,"Sunday, July 30, 2023",User,2023
505,26,67,2,"Tuesday, December 12, 2023",User,2023
563,26,47,2,"Friday, December 22, 2023",User,2023
1001,26,59,2,"Sunday, February 12, 2023",User,2023
1041,26,55,2,"Monday, December 4, 2023",User,2023
1050,26,165,2,"Saturday, October 21, 2023",User,2023
1726,26,11,2,"Sunday, November 19, 2023",User,2023
1851,26,181,2,"Thursday, July 20, 2023",User,2023
2251,26,186,2,"Saturday, July 15, 2023",User,2023
2277,26,27,2,"Sunday, February 19, 2023",User,2023
2342,26,168,2,"Wednesday, August 23, 2023",User,2023
2420,26,1,2,"Saturday, February 25, 2023",User,2023
2449,26,115,2,"Tuesday, November 28, 2023",User,2023
2575,26,189,2,"Thursday, October 26, 2023",User,2023
2632,26,150,2,"Thursday, January 19, 2023",User,2023
2732,26,118,2,"Thursday, September 14, 2023",User,2023
2736,26,15,2,"Saturday, May 20, 2023",User,2023
2990,26,32,2,"Sunday, April 30, 2023",User,2023
3094,26,61,2,"Thursday, October 19, 2023",User,2023
3375,26,181,2,"Sunday, February 19, 2023",User,2023
3414,26,193,2,"Saturday, August 26, 2023",User,2023
3542,26,184,2,"Wednesday, August 30, 2023",User,2023
3689,26,103,2,"Tuesday, September 26, 2023",User,2023
4042,26,28,2,"Saturday, April 1, 2023",User,2023
4387,26,125,2,"Wednesday, September 13, 2023",User,2023
4704,26,26,2,"Wednesday, March 15, 2023",User,2023
5219,26,16,2,"Friday, November 24, 2023",User,2023
5521,26,97,2,"Sunday, August 27, 2023",User,2023
6095,26,185,2,"Friday, September 1, 2023",User,2023
6150,26,167,2,"Sunday, March 12, 2023",User,2023
6373,26,149,2,"Friday, May 12, 2023",User,2023
6382,26,175,2,"Tuesday, August 29, 2023",User,2023
6630,26,145,2,"Monday, December 18, 2023",User,2023
6641,26,61,2,"Tuesday, October 31, 2023",User,2023
6644,26,137,2,"Wednesday, November 29, 2023",User,2023
6975,26,52,2,"Wednesday, April 12, 2023",User,2023
7058,26,37,2,"Saturday, March 25, 2023",User,2023
7480,26,139,2,"Wednesday, January 11, 2023",User,2023
7594,26,200,2,"Friday, June 2, 2023",User,2023
7635,26,157,2,"Tuesday, August 8, 2023",User,2023
7918,26,139,2,"Saturday, March 11, 2023",User,2023
8278,26,133,2,"Tuesday, September 26, 2023",User,2023
8502,26,81,2,"Tuesday, August 15, 2023",User,2023
8632,26,10,2,"Friday, October 13, 2023",User,2023
8646,26,129,2,"Friday, July 21, 2023",User,2023
8648,26,16,2,"Wednesday, January 4, 2023",User,2023
8976,26,52,2,"Thursday, December 28, 2023",User,2023
9215,26,173,2,"Thursday, February 16, 2023",User,2023
9433,26,126,2,"Monday, June 12, 2023",User,2023
9775,26,10,2,"Wednesday, July 12, 2023",User,2023
9875,26,104,2,"Sunday, February 12, 2023",User,2023
9967,26,133,2,"Thursday, February 2, 2023",User,2023
236,26,36,2,"Friday, January 6, 2023",User,2023
319,26,163,2,"Wednesday, November 1, 2023",User,2023
453,26,81,2,"Tuesday, July 18, 2023",User,2023
505,26,67,2,"Saturday, November 4, 2023",User,2023
563,26,47,2,"Friday, June 30, 2023",User,2023
1001,26,59,2,"Sunday, February 4, 2024",User,2024
1041,26,55,2,"Monday, December 4, 2023",User,2023
1050,26,165,2,"Saturday, October 21, 2023",User,2023
1726,26,11,2,"Sunday, November 19, 2023",User,2023
1851,26,181,2,"Thursday, July 20, 2023",User,2023
2251,26,186,2,"Saturday, July 15, 2023",User,2023
2277,26,27,2,"Sunday, February 19, 2023",User,2023
2342,26,168,2,"Wednesday, August 23, 2023",User,2023
2420,26,1,2,"Saturday, February 25, 2023",User,2023
2449,26,115,2,"Tuesday, November 28, 2023",User,2023
2575,26,189,2,"Thursday, October 26, 2023",User,2023
2632,26,150,2,"Thursday, January 19, 2023",User,2023
2732,26,118,2,"Thursday, September 14, 2023",User,2023
2736,26,15,2,"Saturday, May 20, 2023",User,2023
2990,26,32,2,"Sunday, April 30, 2023",User,2023
3094,26,61,2,"Thursday, October 19, 2023",User,2023
3375,26,181,2,"Sunday, February 19, 2023",User,2023
3414,26,193,2,"Saturday, August 26, 2023",User,2023
3542,26,184,2,"Wednesday, August 30, 2023",User,2023
3689,26,103,2,"Tuesday, September 26, 2023",User,2023
4042,26,28,2,"Saturday, April 1, 2023",User,2023
4387,26,125,2,"Wednesday, September 13, 2023",User,2023
4704,26,26,2,"Wednesday, March 15, 2023",User,2023
182,26,14,2,"Friday, January 7, 2022",User,2022
151,27,111,2,"Wednesday, February 15, 2023",User,2023
178,27,74,2,"Wednesday, June 28, 2023",User,2023
658,27,28,2,"Saturday, July 1, 2023",User,2023
937,27,110,2,"Thursday, July 27, 2023",User,2023
969,27,34,2,"Saturday, July 22, 2023",User,2023
999,27,4,2,"Monday, December 11, 2023",User,2023
1151,27,25,2,"Tuesday, May 2, 2023",User,2023
1347,27,143,2,"Tuesday, January 10, 2023",User,2023
1541,27,192,2,"Tuesday, October 31, 2023",User,2023
1673,27,106,2,"Thursday, February 16, 2023",User,2023
1749,27,66,2,"Saturday, April 8, 2023",User,2023
2621,27,93,2,"Monday, December 18, 2023",User,2023
2671,27,16,2,"Thursday, June 22, 2023",User,2023
2907,27,100,2,"Saturday, February 18, 2023",User,2023
3362,27,119,2,"Wednesday, September 13, 2023",User,2023
3391,27,145,2,"Monday, May 15, 2023",User,2023
3457,27,42,2,"Tuesday, May 30, 2023",User,2023
3708,27,93,2,"Wednesday, November 15, 2023",User,2023
3895,27,195,2,"Wednesday, July 26, 2023",User,2023
4044,27,109,2,"Tuesday, August 8, 2023",User,2023
4391,27,198,2,"Thursday, August 3, 2023",User,2023
4421,27,89,2,"Tuesday, December 19, 2023",User,2023
4472,27,91,2,"Sunday, August 20, 2023",User,2023
4539,27,85,2,"Thursday, April 20, 2023",User,2023
4786,27,140,2,"Sunday, January 29, 2023",User,2023
4814,27,155,2,"Tuesday, July 4, 2023",User,2023
4912,27,154,2,"Wednesday, January 4, 2023",User,2023
5125,27,146,2,"Sunday, January 15, 2023",User,2023
5228,27,185,2,"Wednesday, September 6, 2023",User,2023
5405,27,85,2,"Thursday, December 28, 2023",User,2023
5584,27,127,2,"Tuesday, October 24, 2023",User,2023
5750,27,157,2,"Monday, June 5, 2023",User,2023
5765,27,82,2,"Sunday, October 29, 2023",User,2023
5866,27,102,2,"Tuesday, July 11, 2023",User,2023
5919,27,14,2,"Sunday, March 19, 2023",User,2023
6057,27,175,2,"Tuesday, February 7, 2023",User,2023
6269,27,71,2,"Tuesday, January 31, 2023",User,2023
6473,27,71,2,"Friday, May 5, 2023",User,2023
6647,27,27,2,"Tuesday, January 31, 2023",User,2023
7075,27,194,2,"Thursday, June 15, 2023",User,2023
7091,27,23,2,"Sunday, October 15, 2023",User,2023
7251,27,68,2,"Wednesday, May 31, 2023",User,2023
7394,27,191,2,"Tuesday, September 5, 2023",User,2023
7684,27,44,2,"Wednesday, February 1, 2023",User,2023
7851,27,61,2,"Friday, July 7, 2023",User,2023
8465,27,55,2,"Thursday, April 13, 2023",User,2023
8770,27,26,2,"Tuesday, December 26, 2023",User,2023
9094,27,102,2,"Tuesday, August 8, 2023",User,2023
9157,27,61,2,"Wednesday, May 17, 2023",User,2023
9204,27,23,2,"Sunday, May 14, 2023",User,2023
9245,27,81,2,"Saturday, March 11, 2023",User,2023
9278,27,104,2,"Thursday, September 28, 2023",User,2023
9790,27,128,2,"Saturday, December 30, 2023",User,2023
9837,27,72,2,"Tuesday, September 12, 2023",User,2023
9864,27,110,2,"Sunday, September 17, 2023",User,2023
151,27,111,2,"Thursday, February 2, 2023",User,2023
178,27,74,2,"Monday, March 13, 2023",User,2023
658,27,28,2,"Wednesday, October 11, 2023",User,2023
937,27,110,2,"Friday, March 1, 2024",User,2024
969,27,34,2,"Friday, February 16, 2024",User,2024
999,27,4,2,"Friday, March 29, 2024",User,2024
1151,27,25,2,"Tuesday, May 2, 2023",User,2023
1347,27,143,2,"Tuesday, January 10, 2023",User,2023
1541,27,192,2,"Tuesday, October 31, 2023",User,2023
1673,27,106,2,"Thursday, February 16, 2023",User,2023
1749,27,66,2,"Saturday, April 8, 2023",User,2023
2621,27,93,2,"Monday, December 18, 2023",User,2023
2671,27,16,2,"Thursday, June 22, 2023",User,2023
2907,27,100,2,"Saturday, February 18, 2023",User,2023
3362,27,119,2,"Wednesday, September 13, 2023",User,2023
3391,27,145,2,"Monday, May 15, 2023",User,2023
3457,27,42,2,"Tuesday, May 30, 2023",User,2023
3708,27,93,2,"Wednesday, November 15, 2023",User,2023
3895,27,195,2,"Wednesday, July 26, 2023",User,2023
4044,27,109,2,"Tuesday, August 8, 2023",User,2023
4391,27,198,2,"Thursday, August 3, 2023",User,2023
4421,27,89,2,"Tuesday, December 19, 2023",User,2023
4472,27,91,2,"Sunday, August 20, 2023",User,2023
4539,27,85,2,"Thursday, April 20, 2023",User,2023
4786,27,140,2,"Sunday, January 29, 2023",User,2023
4814,27,155,2,"Tuesday, July 4, 2023",User,2023
92,27,196,2,"Friday, February 4, 2022",User,2022
163,20,13,2,"Friday, May 5, 2023",User,2023
436,20,16,2,"Thursday, January 12, 2023",User,2023
463,20,12,2,"Monday, August 28, 2023",User,2023
508,20,129,2,"Sunday, September 24, 2023",User,2023
973,20,49,2,"Sunday, June 25, 2023",User,2023
1073,20,45,2,"Saturday, November 25, 2023",User,2023
1269,20,33,2,"Thursday, February 16, 2023",User,2023
1279,20,146,2,"Monday, July 10, 2023",User,2023
1584,20,7,2,"Wednesday, February 22, 2023",User,2023
1670,20,198,2,"Saturday, November 18, 2023",User,2023
1839,20,24,2,"Wednesday, October 18, 2023",User,2023
2010,20,173,2,"Sunday, July 23, 2023",User,2023
2283,20,65,2,"Wednesday, August 23, 2023",User,2023
2751,20,188,2,"Friday, April 14, 2023",User,2023
2810,20,40,2,"Sunday, June 11, 2023",User,2023
2812,20,55,2,"Saturday, October 21, 2023",User,2023
2999,20,159,2,"Friday, October 6, 2023",User,2023
3007,20,135,2,"Thursday, December 21, 2023",User,2023
3009,20,58,2,"Saturday, December 2, 2023",User,2023
3398,20,28,2,"Sunday, November 26, 2023",User,2023
3448,20,125,2,"Sunday, April 30, 2023",User,2023
3509,20,50,2,"Thursday, February 23, 2023",User,2023
3547,20,33,2,"Wednesday, July 5, 2023",User,2023
3582,20,142,2,"Tuesday, December 19, 2023",User,2023
3838,20,4,2,"Tuesday, March 14, 2023",User,2023
4271,20,101,2,"Saturday, January 28, 2023",User,2023
4426,20,44,2,"Sunday, September 24, 2023",User,2023
4671,20,141,2,"Monday, February 27, 2023",User,2023
4758,20,115,2,"Tuesday, August 29, 2023",User,2023
5355,20,24,2,"Sunday, December 10, 2023",User,2023
5695,20,164,2,"Friday, July 7, 2023",User,2023
6126,20,97,2,"Thursday, June 8, 2023",User,2023
6512,20,141,2,"Monday, November 27, 2023",User,2023
6614,20,36,2,"Saturday, February 18, 2023",User,2023
6740,20,103,2,"Friday, January 27, 2023",User,2023
6741,20,174,2,"Monday, November 20, 2023",User,2023
6804,20,171,2,"Wednesday, August 2, 2023",User,2023
7926,20,150,2,"Monday, July 31, 2023",User,2023
8104,20,166,2,"Saturday, November 25, 2023",User,2023
8672,20,113,2,"Saturday, August 5, 2023",User,2023
8775,20,165,2,"Thursday, July 27, 2023",User,2023
8785,20,159,2,"Wednesday, November 29, 2023",User,2023
8816,20,25,2,"Tuesday, April 25, 2023",User,2023
8943,20,45,2,"Tuesday, May 2, 2023",User,2023
9037,20,42,2,"Monday, January 23, 2023",User,2023
9040,20,191,2,"Wednesday, November 1, 2023",User,2023
9625,20,22,2,"Saturday, January 21, 2023",User,2023
9727,20,47,2,"Sunday, April 9, 2023",User,2023
9739,20,85,2,"Saturday, June 17, 2023",User,2023
9784,20,64,2,"Saturday, June 17, 2023",User,2023
9786,20,115,2,"Sunday, June 4, 2023",User,2023
9902,20,104,2,"Friday, October 6, 2023",User,2023
163,20,13,2,"Monday, February 20, 2023",User,2023
436,20,16,2,"Friday, June 23, 2023",User,2023
463,20,12,2,"Sunday, January 8, 2023",User,2023
508,20,129,2,"Friday, April 14, 2023",User,2023
973,20,49,2,"Thursday, February 22, 2024",User,2024
1073,20,45,2,"Saturday, November 25, 2023",User,2023
1269,20,33,2,"Thursday, February 16, 2023",User,2023
1279,20,146,2,"Monday, July 10, 2023",User,2023
1584,20,7,2,"Wednesday, February 22, 2023",User,2023
1670,20,198,2,"Saturday, November 18, 2023",User,2023
1839,20,24,2,"Wednesday, October 18, 2023",User,2023
2010,20,173,2,"Sunday, July 23, 2023",User,2023
2283,20,65,2,"Wednesday, August 23, 2023",User,2023
2751,20,188,2,"Friday, April 14, 2023",User,2023
2810,20,40,2,"Sunday, June 11, 2023",User,2023
2812,20,55,2,"Saturday, October 21, 2023",User,2023
2999,20,159,2,"Friday, October 6, 2023",User,2023
3007,20,135,2,"Thursday, December 21, 2023",User,2023
3009,20,58,2,"Saturday, December 2, 2023",User,2023
3398,20,28,2,"Sunday, November 26, 2023",User,2023
3448,20,125,2,"Sunday, April 30, 2023",User,2023
3509,20,50,2,"Thursday, February 23, 2023",User,2023
3547,20,33,2,"Wednesday, July 5, 2023",User,2023
3582,20,142,2,"Tuesday, December 19, 2023",User,2023
3838,20,4,2,"Tuesday, March 14, 2023",User,2023
4271,20,101,2,"Saturday, January 28, 2023",User,2023
4426,20,44,2,"Sunday, September 24, 2023",User,2023
4671,20,141,2,"Monday, February 27, 2023",User,2023
4758,20,115,2,"Tuesday, August 29, 2023",User,2023
246,20,89,2,"Wednesday, March 9, 2022",User,2022
536,19,70,2,"Friday, June 30, 2023",User,2023
716,19,45,2,"Monday, June 12, 2023",User,2023
1146,19,5,2,"Sunday, September 24, 2023",User,2023
1167,19,123,2,"Saturday, December 16, 2023",User,2023
1185,19,78,2,"Wednesday, May 17, 2023",User,2023
1700,19,21,2,"Saturday, July 22, 2023",User,2023
1893,19,162,2,"Friday, October 20, 2023",User,2023
2095,19,143,2,"Sunday, February 19, 2023",User,2023
2147,19,133,2,"Sunday, March 5, 2023",User,2023
2296,19,1,2,"Sunday, July 2, 2023",User,2023
2384,19,149,2,"Thursday, May 18, 2023",User,2023
2531,19,83,2,"Thursday, November 9, 2023",User,2023
2548,19,117,2,"Friday, February 10, 2023",User,2023
2558,19,170,2,"Wednesday, May 17, 2023",User,2023
2979,19,141,2,"Wednesday, August 23, 2023",User,2023
3005,19,149,2,"Saturday, December 9, 2023",User,2023
3155,19,56,2,"Friday, May 19, 2023",User,2023
3327,19,42,2,"Wednesday, June 14, 2023",User,2023
3556,19,138,2,"Wednesday, June 28, 2023",User,2023
3796,19,49,2,"Sunday, September 24, 2023",User,2023
3797,19,118,2,"Monday, January 30, 2023",User,2023
3963,19,188,2,"Tuesday, February 21, 2023",User,2023
4000,19,11,2,"Monday, May 22, 2023",User,2023
4082,19,179,2,"Sunday, October 1, 2023",User,2023
4143,19,86,2,"Saturday, February 11, 2023",User,2023
4240,19,65,2,"Wednesday, October 25, 2023",User,2023
4894,19,83,2,"Wednesday, August 9, 2023",User,2023
5109,19,97,2,"Friday, January 6, 2023",User,2023
5227,19,4,2,"Sunday, February 19, 2023",User,2023
5571,19,55,2,"Monday, October 23, 2023",User,2023
5902,19,60,2,"Saturday, June 24, 2023",User,2023
6112,19,115,2,"Thursday, September 7, 2023",User,2023
6189,19,78,2,"Sunday, January 22, 2023",User,2023
6212,19,185,2,"Friday, December 1, 2023",User,2023
6435,19,90,2,"Saturday, December 30, 2023",User,2023
7002,19,102,2,"Sunday, June 25, 2023",User,2023
7250,19,37,2,"Saturday, November 4, 2023",User,2023
7443,19,83,2,"Tuesday, December 26, 2023",User,2023
7609,19,17,2,"Thursday, November 23, 2023",User,2023
8170,19,104,2,"Monday, August 28, 2023",User,2023
8283,19,90,2,"Saturday, April 29, 2023",User,2023
8481,19,9,2,"Thursday, August 10, 2023",User,2023
8553,19,61,2,"Monday, May 15, 2023",User,2023
8733,19,159,2,"Tuesday, December 5, 2023",User,2023
8739,19,11,2,"Tuesday, December 19, 2023",User,2023
8929,19,91,2,"Monday, January 9, 2023",User,2023
8938,19,132,2,"Wednesday, September 27, 2023",User,2023
9386,19,57,2,"Saturday, June 3, 2023",User,2023
9451,19,8,2,"Monday, May 8, 2023",User,2023
9486,19,39,2,"Tuesday, June 27, 2023",User,2023
9819,19,184,2,"Saturday, August 26, 2023",User,2023
9847,19,140,2,"Saturday, April 1, 2023",User,2023
536,19,70,2,"Wednesday, May 24, 2023",User,2023
716,19,45,2,"Tuesday, February 28, 2023",User,2023
1146,19,5,2,"Sunday, September 24, 2023",User,2023
1167,19,123,2,"Saturday, December 16, 2023",User,2023
1185,19,78,2,"Wednesday, May 17, 2023",User,2023
1700,19,21,2,"Saturday, July 22, 2023",User,2023
1893,19,162,2,"Friday, October 20, 2023",User,2023
2095,19,143,2,"Sunday, February 19, 2023",User,2023
2147,19,133,2,"Sunday, March 5, 2023",User,2023
2296,19,1,2,"Sunday, July 2, 2023",User,2023
2384,19,149,2,"Thursday, May 18, 2023",User,2023
2531,19,83,2,"Thursday, November 9, 2023",User,2023
2548,19,117,2,"Friday, February 10, 2023",User,2023
2558,19,170,2,"Wednesday, May 17, 2023",User,2023
2979,19,141,2,"Wednesday, August 23, 2023",User,2023
3005,19,149,2,"Saturday, December 9, 2023",User,2023
3155,19,56,2,"Friday, May 19, 2023",User,2023
3327,19,42,2,"Wednesday, June 14, 2023",User,2023
3556,19,138,2,"Wednesday, June 28, 2023",User,2023
3796,19,49,2,"Sunday, September 24, 2023",User,2023
3797,19,118,2,"Monday, January 30, 2023",User,2023
3963,19,188,2,"Tuesday, February 21, 2023",User,2023
4000,19,11,2,"Monday, May 22, 2023",User,2023
4082,19,179,2,"Sunday, October 1, 2023",User,2023
4143,19,86,2,"Saturday, February 11, 2023",User,2023
4240,19,65,2,"Wednesday, October 25, 2023",User,2023
22,19,28,2,"Saturday, January 22, 2022",User,2022
945,19,102,2,"Thursday, February 8, 2024",User,2024
1019,19,86,2,"Tuesday, October 15, 2024",User,2024
1043,19,58,2,"Sunday, August 11, 2024",User,2024
7,2,67,2,"Monday, August 7, 2023",User,2023
25,2,130,2,"Friday, February 10, 2023",User,2023
109,2,37,2,"Sunday, March 5, 2023",User,2023
116,2,110,2,"Wednesday, June 14, 2023",User,2023
225,2,76,2,"Wednesday, May 31, 2023",User,2023
643,2,92,2,"Monday, May 15, 2023",User,2023
804,2,108,2,"Tuesday, June 27, 2023",User,2023
1007,2,55,2,"Friday, May 12, 2023",User,2023
1357,2,151,2,"Friday, January 20, 2023",User,2023
1504,2,101,2,"Monday, July 17, 2023",User,2023
1624,2,29,2,"Tuesday, July 25, 2023",User,2023
1665,2,122,2,"Saturday, November 18, 2023",User,2023
1712,2,63,2,"Friday, May 12, 2023",User,2023
1941,2,61,2,"Monday, February 27, 2023",User,2023
1960,2,158,2,"Monday, June 12, 2023",User,2023
2253,2,19,2,"Saturday, March 18, 2023",User,2023
2372,2,112,2,"Wednesday, November 8, 2023",User,2023
2422,2,53,2,"Saturday, June 10, 2023",User,2023
2629,2,15,2,"Thursday, February 9, 2023",User,2023
2854,2,53,2,"Monday, May 29, 2023",User,2023
3379,2,188,2,"Tuesday, February 14, 2023",User,2023
3787,2,8,2,"Wednesday, February 8, 2023",User,2023
3933,2,78,2,"Tuesday, July 18, 2023",User,2023
3949,2,174,2,"Sunday, September 10, 2023",User,2023
4638,2,2,2,"Wednesday, June 21, 2023",User,2023
4803,2,179,2,"Thursday, November 9, 2023",User,2023
5036,2,37,2,"Tuesday, October 10, 2023",User,2023
5039,2,11,2,"Friday, February 17, 2023",User,2023
5103,2,2,2,"Monday, November 6, 2023",User,2023
5252,2,153,2,"Monday, January 9, 2023",User,2023
5795,2,133,2,"Wednesday, September 20, 2023",User,2023
6065,2,16,2,"Thursday, October 12, 2023",User,2023
6111,2,105,2,"Friday, April 28, 2023",User,2023
6216,2,37,2,"Wednesday, June 28, 2023",User,2023
6324,2,106,2,"Wednesday, February 1, 2023",User,2023
6529,2,123,2,"Thursday, August 10, 2023",User,2023
6618,2,95,2,"Tuesday, November 21, 2023",User,2023
6817,2,13,2,"Tuesday, January 3, 2023",User,2023
7118,2,122,2,"Tuesday, July 25, 2023",User,2023
7545,2,171,2,"Tuesday, June 6, 2023",User,2023
7546,2,132,2,"Monday, August 14, 2023",User,2023
7804,2,41,2,"Sunday, November 26, 2023",User,2023
8253,2,178,2,"Sunday, May 28, 2023",User,2023
8354,2,35,2,"Wednesday, August 23, 2023",User,2023
8457,2,115,2,"Friday, January 27, 2023",User,2023
8484,2,108,2,"Wednesday, April 26, 2023",User,2023
9196,2,171,2,"Monday, March 13, 2023",User,2023
9234,2,165,2,"Tuesday, April 25, 2023",User,2023
9327,2,49,2,"Saturday, October 14, 2023",User,2023
9396,2,118,2,"Sunday, August 27, 2023",User,2023
9660,2,155,2,"Sunday, December 31, 2023",User,2023
9758,2,127,2,"Tuesday, November 14, 2023",User,2023
9976,2,116,2,"Saturday, May 6, 2023",User,2023
25,2,130,2,"Thursday, September 14, 2023",User,2023
109,2,37,2,"Tuesday, October 1, 2024",User,2024
116,2,110,2,"Friday, January 19, 2024",User,2024
225,2,76,2,"Wednesday, May 17, 2023",User,2023
643,2,92,2,"Friday, October 20, 2023",User,2023
804,2,108,2,"Friday, June 30, 2023",User,2023
1007,2,55,2,"Friday, October 4, 2024",User,2024
1357,2,151,2,"Friday, January 20, 2023",User,2023
1504,2,101,2,"Monday, July 17, 2023",User,2023
1624,2,29,2,"Tuesday, July 25, 2023",User,2023
1665,2,122,2,"Saturday, November 18, 2023",User,2023
1712,2,63,2,"Friday, May 12, 2023",User,2023
1941,2,61,2,"Monday, February 27, 2023",User,2023
1960,2,158,2,"Monday, June 12, 2023",User,2023
2253,2,19,2,"Saturday, March 18, 2023",User,2023
2372,2,112,2,"Wednesday, November 8, 2023",User,2023
2422,2,53,2,"Saturday, June 10, 2023",User,2023
2629,2,15,2,"Thursday, February 9, 2023",User,2023
2854,2,53,2,"Monday, May 29, 2023",User,2023
3379,2,188,2,"Tuesday, February 14, 2023",User,2023
3787,2,8,2,"Wednesday, February 8, 2023",User,2023
3933,2,78,2,"Tuesday, July 18, 2023",User,2023
3949,2,174,2,"Sunday, September 10, 2023",User,2023
4638,2,2,2,"Wednesday, June 21, 2023",User,2023
4803,2,179,2,"Thursday, November 9, 2023",User,2023
45,2,196,2,"Monday, February 14, 2022",User,2022
652,2,75,2,"Saturday, October 14, 2023",User,2023
240,15,107,2,"Thursday, May 25, 2023",User,2023
321,15,172,2,"Wednesday, August 30, 2023",User,2023
1193,15,133,2,"Monday, April 24, 2023",User,2023
1245,15,114,2,"Wednesday, May 3, 2023",User,2023
1396,15,175,2,"Monday, July 3, 2023",User,2023
1490,15,32,2,"Tuesday, January 17, 2023",User,2023
1498,15,129,2,"Thursday, February 23, 2023",User,2023
2062,15,13,2,"Thursday, September 28, 2023",User,2023
2464,15,135,2,"Sunday, November 5, 2023",User,2023
2599,15,81,2,"Thursday, February 23, 2023",User,2023
2681,15,2,2,"Tuesday, August 15, 2023",User,2023
2701,15,7,2,"Tuesday, June 27, 2023",User,2023
3102,15,41,2,"Saturday, April 1, 2023",User,2023
3436,15,19,2,"Wednesday, December 27, 2023",User,2023
3627,15,34,2,"Sunday, April 16, 2023",User,2023
3802,15,93,2,"Thursday, August 3, 2023",User,2023
3900,15,30,2,"Wednesday, November 15, 2023",User,2023
4136,15,154,2,"Sunday, December 3, 2023",User,2023
4180,15,141,2,"Sunday, April 16, 2023",User,2023
4252,15,53,2,"Thursday, January 12, 2023",User,2023
4365,15,195,2,"Tuesday, August 22, 2023",User,2023
4573,15,134,2,"Tuesday, September 12, 2023",User,2023
5097,15,80,2,"Monday, November 13, 2023",User,2023
5142,15,5,2,"Thursday, September 7, 2023",User,2023
5210,15,187,2,"Monday, October 23, 2023",User,2023
5370,15,89,2,"Wednesday, November 29, 2023",User,2023
5403,15,172,2,"Sunday, June 18, 2023",User,2023
5877,15,12,2,"Monday, October 9, 2023",User,2023
5891,15,143,2,"Saturday, January 28, 2023",User,2023
5920,15,52,2,"Monday, May 1, 2023",User,2023
6415,15,118,2,"Wednesday, March 1, 2023",User,2023
6631,15,187,2,"Thursday, November 9, 2023",User,2023
6721,15,83,2,"Tuesday, November 21, 2023",User,2023
7272,15,187,2,"Thursday, July 6, 2023",User,2023
7665,15,26,2,"Friday, July 21, 2023",User,2023
7821,15,24,2,"Saturday, May 27, 2023",User,2023
7927,15,46,2,"Tuesday, October 31, 2023",User,2023
7958,15,198,2,"Sunday, March 12, 2023",User,2023
8019,15,110,2,"Saturday, June 17, 2023",User,2023
8023,15,119,2,"Saturday, November 18, 2023",User,2023
8220,15,131,2,"Wednesday, January 25, 2023",User,2023
8279,15,12,2,"Friday, April 14, 2023",User,2023
8287,15,130,2,"Tuesday, June 6, 2023",User,2023
8314,15,153,2,"Monday, December 11, 2023",User,2023
8432,15,11,2,"Thursday, April 20, 2023",User,2023
8462,15,150,2,"Monday, October 9, 2023",User,2023
8575,15,2,2,"Thursday, November 30, 2023",User,2023
8607,15,42,2,"Wednesday, November 29, 2023",User,2023
8735,15,168,2,"Friday, January 27, 2023",User,2023
8960,15,68,2,"Saturday, July 15, 2023",User,2023
9015,15,159,2,"Saturday, May 27, 2023",User,2023
9020,15,26,2,"Saturday, April 22, 2023",User,2023
9191,15,170,2,"Thursday, April 27, 2023",User,2023
9246,15,163,2,"Monday, October 23, 2023",User,2023
9446,15,42,2,"Wednesday, January 4, 2023",User,2023
240,15,107,2,"Thursday, July 6, 2023",User,2023
321,15,172,2,"Friday, January 13, 2023",User,2023
1193,15,133,2,"Monday, April 24, 2023",User,2023
1245,15,114,2,"Wednesday, May 3, 2023",User,2023
1396,15,175,2,"Monday, July 3, 2023",User,2023
1490,15,32,2,"Tuesday, January 17, 2023",User,2023
1498,15,129,2,"Thursday, February 23, 2023",User,2023
2062,15,13,2,"Thursday, September 28, 2023",User,2023
2464,15,135,2,"Sunday, November 5, 2023",User,2023
2599,15,81,2,"Thursday, February 23, 2023",User,2023
2681,15,2,2,"Tuesday, August 15, 2023",User,2023
2701,15,7,2,"Tuesday, June 27, 2023",User,2023
3102,15,41,2,"Saturday, April 1, 2023",User,2023
3436,15,19,2,"Wednesday, December 27, 2023",User,2023
3627,15,34,2,"Sunday, April 16, 2023",User,2023
3802,15,93,2,"Thursday, August 3, 2023",User,2023
3900,15,30,2,"Wednesday, November 15, 2023",User,2023
4136,15,154,2,"Sunday, December 3, 2023",User,2023
4180,15,141,2,"Sunday, April 16, 2023",User,2023
4252,15,53,2,"Thursday, January 12, 2023",User,2023
4365,15,195,2,"Tuesday, August 22, 2023",User,2023
4573,15,134,2,"Tuesday, September 12, 2023",User,2023
671,15,189,2,"Saturday, February 11, 2023",User,2023
997,15,49,2,"Monday, September 23, 2024",User,2024
1000,15,117,2,"Thursday, September 26, 2024",User,2024
171,29,52,2,"Sunday, March 5, 2023",User,2023
189,29,190,2,"Saturday, April 8, 2023",User,2023
278,29,26,2,"Thursday, November 16, 2023",User,2023
359,29,165,2,"Sunday, September 10, 2023",User,2023
543,29,135,2,"Sunday, December 24, 2023",User,2023
653,29,184,2,"Thursday, March 23, 2023",User,2023
746,29,44,2,"Sunday, November 26, 2023",User,2023
926,29,58,2,"Saturday, November 4, 2023",User,2023
976,29,199,2,"Sunday, May 14, 2023",User,2023
1103,29,20,2,"Thursday, March 23, 2023",User,2023
1109,29,167,2,"Saturday, April 22, 2023",User,2023
1226,29,94,2,"Monday, July 24, 2023",User,2023
1296,29,162,2,"Saturday, October 21, 2023",User,2023
1516,29,121,2,"Thursday, April 6, 2023",User,2023
1891,29,110,2,"Sunday, September 3, 2023",User,2023
2244,29,196,2,"Sunday, March 5, 2023",User,2023
2496,29,183,2,"Friday, October 27, 2023",User,2023
2584,29,1,2,"Wednesday, January 11, 2023",User,2023
3464,29,42,2,"Thursday, August 3, 2023",User,2023
3466,29,120,2,"Friday, November 17, 2023",User,2023
3480,29,43,2,"Saturday, April 22, 2023",User,2023
3834,29,89,2,"Saturday, November 11, 2023",User,2023
3932,29,156,2,"Monday, December 11, 2023",User,2023
3986,29,3,2,"Monday, July 3, 2023",User,2023
4106,29,66,2,"Tuesday, March 14, 2023",User,2023
4147,29,168,2,"Saturday, August 12, 2023",User,2023
5044,29,20,2,"Sunday, August 20, 2023",User,2023
5583,29,114,2,"Friday, May 12, 2023",User,2023
5685,29,76,2,"Wednesday, February 22, 2023",User,2023
5894,29,175,2,"Thursday, February 2, 2023",User,2023
5967,29,127,2,"Wednesday, April 19, 2023",User,2023
5988,29,76,2,"Tuesday, February 21, 2023",User,2023
6476,29,113,2,"Monday, April 24, 2023",User,2023
6551,29,199,2,"Tuesday, September 5, 2023",User,2023
6588,29,89,2,"Sunday, September 3, 2023",User,2023
6660,29,197,2,"Tuesday, August 1, 2023",User,2023
6683,29,17,2,"Sunday, August 13, 2023",User,2023
6772,29,142,2,"Tuesday, June 27, 2023",User,2023
6875,29,129,2,"Saturday, July 15, 2023",User,2023
6933,29,20,2,"Sunday, July 23, 2023",User,2023
7192,29,108,2,"Friday, April 14, 2023",User,2023
7540,29,188,2,"Thursday, June 29, 2023",User,2023
7815,29,200,2,"Tuesday, December 5, 2023",User,2023
8081,29,92,2,"Sunday, September 17, 2023",User,2023
8288,29,131,2,"Friday, February 17, 2023",User,2023
8331,29,147,2,"Friday, July 28, 2023",User,2023
8415,29,15,2,"Sunday, July 16, 2023",User,2023
8927,29,185,2,"Wednesday, October 4, 2023",User,2023
8942,29,116,2,"Saturday, July 15, 2023",User,2023
9668,29,136,2,"Monday, January 16, 2023",User,2023
9789,29,123,2,"Wednesday, July 5, 2023",User,2023
171,29,52,2,"Friday, February 3, 2023",User,2023
189,29,190,2,"Tuesday, March 28, 2023",User,2023
278,29,26,2,"Monday, July 31, 2023",User,2023
359,29,14,2,"Thursday, August 3, 2023",User,2023
543,29,135,2,"Monday, February 6, 2023",User,2023
653,29,184,2,"Saturday, March 11, 2023",User,2023
746,29,44,2,"Saturday, November 4, 2023",User,2023
926,29,58,2,"Tuesday, December 19, 2023",User,2023
976,29,199,2,"Tuesday, February 27, 2024",User,2024
1103,29,20,2,"Thursday, March 23, 2023",User,2023
1109,29,167,2,"Saturday, April 22, 2023",User,2023
1226,29,94,2,"Monday, July 24, 2023",User,2023
1296,29,162,2,"Saturday, October 21, 2023",User,2023
1516,29,121,2,"Thursday, April 6, 2023",User,2023
1891,29,110,2,"Sunday, September 3, 2023",User,2023
2244,29,196,2,"Sunday, March 5, 2023",User,2023
2496,29,183,2,"Friday, October 27, 2023",User,2023
2584,29,1,2,"Wednesday, January 11, 2023",User,2023
3464,29,42,2,"Thursday, August 3, 2023",User,2023
3466,29,120,2,"Friday, November 17, 2023",User,2023
3480,29,43,2,"Saturday, April 22, 2023",User,2023
3834,29,89,2,"Saturday, November 11, 2023",User,2023
3932,29,156,2,"Monday, December 11, 2023",User,2023
3986,29,3,2,"Monday, July 3, 2023",User,2023
4106,29,66,2,"Tuesday, March 14, 2023",User,2023
4147,29,168,2,"Saturday, August 12, 2023",User,2023
183,29,98,2,"Monday, February 7, 2022",User,2022
753,29,178,2,"Tuesday, January 23, 2024",User,2024
1367,29,190,2,"Sunday, September 28, 2025",User,2025
74,39,103,2,"Saturday, August 26, 2023",User,2023
343,39,59,2,"Tuesday, April 25, 2023",User,2023
416,39,63,2,"Sunday, July 9, 2023",User,2023
517,39,177,2,"Tuesday, November 7, 2023",User,2023
718,39,89,2,"Saturday, August 5, 2023",User,2023
984,39,132,2,"Monday, July 10, 2023",User,2023
1505,39,55,2,"Thursday, November 30, 2023",User,2023
1565,39,98,2,"Thursday, June 15, 2023",User,2023
1896,39,150,2,"Saturday, May 20, 2023",User,2023
1908,39,65,2,"Saturday, February 18, 2023",User,2023
2050,39,102,2,"Monday, March 13, 2023",User,2023
2140,39,198,2,"Monday, December 4, 2023",User,2023
2307,39,88,2,"Wednesday, June 14, 2023",User,2023
2982,39,195,2,"Tuesday, March 28, 2023",User,2023
3038,39,59,2,"Saturday, September 9, 2023",User,2023
3253,39,110,2,"Tuesday, September 12, 2023",User,2023
3322,39,12,2,"Wednesday, March 15, 2023",User,2023
3330,39,38,2,"Tuesday, February 28, 2023",User,2023
3477,39,168,2,"Monday, March 6, 2023",User,2023
3798,39,38,2,"Thursday, August 3, 2023",User,2023
3832,39,13,2,"Thursday, November 9, 2023",User,2023
3903,39,119,2,"Friday, June 30, 2023",User,2023
4037,39,28,2,"Monday, April 24, 2023",User,2023
4048,39,139,2,"Monday, May 15, 2023",User,2023
4326,39,172,2,"Tuesday, November 14, 2023",User,2023
4358,39,80,2,"Thursday, June 1, 2023",User,2023
4407,39,146,2,"Sunday, December 10, 2023",User,2023
4634,39,88,2,"Wednesday, November 29, 2023",User,2023
4810,39,84,2,"Thursday, May 25, 2023",User,2023
5451,39,21,2,"Sunday, January 15, 2023",User,2023
5647,39,185,2,"Tuesday, December 5, 2023",User,2023
5823,39,45,2,"Friday, August 18, 2023",User,2023
5904,39,6,2,"Wednesday, March 15, 2023",User,2023
5960,39,98,2,"Monday, January 30, 2023",User,2023
7112,39,101,2,"Saturday, April 29, 2023",User,2023
7287,39,58,2,"Tuesday, October 10, 2023",User,2023
7323,39,46,2,"Friday, May 12, 2023",User,2023
7758,39,48,2,"Tuesday, August 1, 2023",User,2023
7941,39,11,2,"Tuesday, November 7, 2023",User,2023
8313,39,106,2,"Tuesday, January 10, 2023",User,2023
8514,39,6,2,"Friday, May 12, 2023",User,2023
8706,39,123,2,"Sunday, January 29, 2023",User,2023
8950,39,180,2,"Wednesday, October 25, 2023",User,2023
8978,39,31,2,"Thursday, April 6, 2023",User,2023
9281,39,1,2,"Friday, August 18, 2023",User,2023
9457,39,65,2,"Sunday, April 23, 2023",User,2023
9860,39,176,2,"Wednesday, July 12, 2023",User,2023
74,39,145,2,"Wednesday, November 22, 2023",User,2023
343,39,59,2,"Tuesday, February 14, 2023",User,2023
416,39,63,2,"Friday, May 26, 2023",User,2023
517,39,177,2,"Thursday, April 27, 2023",User,2023
718,39,89,2,"Friday, February 3, 2023",User,2023
984,39,132,2,"Saturday, August 3, 2024",User,2024
1505,39,55,2,"Thursday, November 30, 2023",User,2023
1565,39,98,2,"Thursday, June 15, 2023",User,2023
1896,39,150,2,"Saturday, May 20, 2023",User,2023
1908,39,65,2,"Saturday, February 18, 2023",User,2023
2050,39,102,2,"Monday, March 13, 2023",User,2023
2140,39,198,2,"Monday, December 4, 2023",User,2023
2307,39,88,2,"Wednesday, June 14, 2023",User,2023
2982,39,195,2,"Tuesday, March 28, 2023",User,2023
3038,39,59,2,"Saturday, September 9, 2023",User,2023
3253,39,110,2,"Tuesday, September 12, 2023",User,2023
3322,39,12,2,"Wednesday, March 15, 2023",User,2023
3330,39,38,2,"Tuesday, February 28, 2023",User,2023
3477,39,168,2,"Monday, March 6, 2023",User,2023
3798,39,38,2,"Thursday, August 3, 2023",User,2023
3832,39,13,2,"Thursday, November 9, 2023",User,2023
3903,39,119,2,"Friday, June 30, 2023",User,2023
4037,39,28,2,"Monday, April 24, 2023",User,2023
4048,39,139,2,"Monday, May 15, 2023",User,2023
4326,39,172,2,"Tuesday, November 14, 2023",User,2023
4358,39,80,2,"Thursday, June 1, 2023",User,2023
4407,39,146,2,"Sunday, December 10, 2023",User,2023
4634,39,88,2,"Wednesday, November 29, 2023",User,2023
4810,39,84,2,"Thursday, May 25, 2023",User,2023
303,39,163,2,"Sunday, October 30, 2022",User,2022
824,39,196,2,"Monday, March 4, 2024",User,2024
1391,39,102,2,"Wednesday, October 22, 2025",User,2025
1650,16,131,2,"Friday, January 13, 2023",User,2023
1707,16,35,2,"Thursday, April 20, 2023",User,2023
1713,16,34,2,"Monday, July 24, 2023",User,2023
1737,16,164,2,"Friday, July 28, 2023",User,2023
1946,16,44,2,"Sunday, April 23, 2023",User,2023
2100,16,171,2,"Sunday, June 4, 2023",User,2023
2128,16,72,2,"Friday, July 21, 2023",User,2023
2192,16,83,2,"Saturday, January 7, 2023",User,2023
2392,16,191,2,"Sunday, November 19, 2023",User,2023
2711,16,157,2,"Tuesday, October 24, 2023",User,2023
3120,16,88,2,"Saturday, June 3, 2023",User,2023
3280,16,36,2,"Sunday, March 5, 2023",User,2023
3378,16,21,2,"Monday, July 17, 2023",User,2023
3481,16,26,2,"Friday, October 20, 2023",User,2023
3531,16,128,2,"Tuesday, January 10, 2023",User,2023
3606,16,140,2,"Saturday, January 21, 2023",User,2023
3760,16,150,2,"Saturday, February 18, 2023",User,2023
4146,16,161,2,"Friday, January 20, 2023",User,2023
4163,16,93,2,"Monday, July 17, 2023",User,2023
4206,16,31,2,"Thursday, June 15, 2023",User,2023
4216,16,173,2,"Monday, May 8, 2023",User,2023
4462,16,99,2,"Sunday, August 20, 2023",User,2023
4691,16,159,2,"Wednesday, May 31, 2023",User,2023
4699,16,108,2,"Thursday, April 27, 2023",User,2023
5298,16,30,2,"Wednesday, June 7, 2023",User,2023
5341,16,44,2,"Saturday, October 7, 2023",User,2023
5348,16,185,2,"Monday, October 23, 2023",User,2023
5742,16,15,2,"Sunday, March 26, 2023",User,2023
5767,16,36,2,"Tuesday, April 18, 2023",User,2023
6141,16,28,2,"Friday, October 13, 2023",User,2023
6283,16,46,2,"Tuesday, July 25, 2023",User,2023
6587,16,118,2,"Tuesday, August 8, 2023",User,2023
6620,16,56,2,"Friday, March 3, 2023",User,2023
6818,16,32,2,"Sunday, April 30, 2023",User,2023
7037,16,151,2,"Monday, July 24, 2023",User,2023
7094,16,86,2,"Saturday, August 5, 2023",User,2023
7209,16,16,2,"Tuesday, December 19, 2023",User,2023
7276,16,101,2,"Wednesday, August 23, 2023",User,2023
7293,16,50,2,"Thursday, November 2, 2023",User,2023
7552,16,124,2,"Sunday, March 5, 2023",User,2023
7679,16,165,2,"Tuesday, July 4, 2023",User,2023
7780,16,159,2,"Tuesday, March 21, 2023",User,2023
7986,16,22,2,"Tuesday, July 18, 2023",User,2023
8004,16,155,2,"Monday, February 20, 2023",User,2023
8168,16,182,2,"Wednesday, February 22, 2023",User,2023
8193,16,175,2,"Wednesday, June 7, 2023",User,2023
8308,16,8,2,"Saturday, July 22, 2023",User,2023
8989,16,158,2,"Friday, June 2, 2023",User,2023
9366,16,10,2,"Friday, September 22, 2023",User,2023
9445,16,119,2,"Thursday, May 11, 2023",User,2023
9656,16,6,2,"Wednesday, June 7, 2023",User,2023
9817,16,78,2,"Sunday, November 12, 2023",User,2023
1650,16,131,2,"Friday, January 13, 2023",User,2023
1707,16,35,2,"Thursday, April 20, 2023",User,2023
1713,16,34,2,"Monday, July 24, 2023",User,2023
1737,16,164,2,"Friday, July 28, 2023",User,2023
1946,16,44,2,"Sunday, April 23, 2023",User,2023
2100,16,171,2,"Sunday, June 4, 2023",User,2023
2128,16,72,2,"Friday, July 21, 2023",User,2023
2192,16,83,2,"Saturday, January 7, 2023",User,2023
2392,16,191,2,"Sunday, November 19, 2023",User,2023
2711,16,157,2,"Tuesday, October 24, 2023",User,2023
3120,16,88,2,"Saturday, June 3, 2023",User,2023
3280,16,36,2,"Sunday, March 5, 2023",User,2023
3378,16,21,2,"Monday, July 17, 2023",User,2023
3481,16,26,2,"Friday, October 20, 2023",User,2023
3531,16,128,2,"Tuesday, January 10, 2023",User,2023
3606,16,140,2,"Saturday, January 21, 2023",User,2023
3760,16,150,2,"Saturday, February 18, 2023",User,2023
4146,16,161,2,"Friday, January 20, 2023",User,2023
4163,16,93,2,"Monday, July 17, 2023",User,2023
4206,16,31,2,"Thursday, June 15, 2023",User,2023
4216,16,173,2,"Monday, May 8, 2023",User,2023
4462,16,99,2,"Sunday, August 20, 2023",User,2023
4691,16,159,2,"Wednesday, May 31, 2023",User,2023
4699,16,108,2,"Thursday, April 27, 2023",User,2023
347,16,56,2,"Tuesday, December 13, 2022",User,2022
686,16,91,2,"Friday, November 17, 2023",User,2023
72,3,128,2,"Wednesday, April 26, 2023",User,2023
374,3,136,2,"Sunday, January 8, 2023",User,2023
390,3,151,2,"Wednesday, October 25, 2023",User,2023
438,3,11,2,"Wednesday, September 13, 2023",User,2023
472,3,191,2,"Friday, January 27, 2023",User,2023
603,3,50,2,"Tuesday, September 5, 2023",User,2023
1100,3,97,2,"Wednesday, January 4, 2023",User,2023
1125,3,104,2,"Wednesday, April 5, 2023",User,2023
1145,3,9,2,"Sunday, September 10, 2023",User,2023
1322,3,169,2,"Sunday, August 20, 2023",User,2023
1326,3,61,2,"Sunday, January 1, 2023",User,2023
1810,3,114,2,"Sunday, May 7, 2023",User,2023
2160,3,48,2,"Wednesday, February 15, 2023",User,2023
2162,3,82,2,"Wednesday, June 21, 2023",User,2023
2190,3,61,2,"Sunday, October 1, 2023",User,2023
2413,3,87,2,"Tuesday, March 7, 2023",User,2023
2494,3,136,2,"Wednesday, May 10, 2023",User,2023
2546,3,34,2,"Thursday, March 9, 2023",User,2023
2555,3,166,2,"Friday, June 9, 2023",User,2023
2747,3,7,2,"Tuesday, April 25, 2023",User,2023
3447,3,102,2,"Tuesday, October 10, 2023",User,2023
3562,3,184,2,"Saturday, August 19, 2023",User,2023
3694,3,87,2,"Tuesday, June 6, 2023",User,2023
3886,3,122,2,"Tuesday, February 28, 2023",User,2023
4402,3,22,2,"Tuesday, February 14, 2023",User,2023
4836,3,98,2,"Wednesday, September 20, 2023",User,2023
5107,3,28,2,"Saturday, December 23, 2023",User,2023
5127,3,42,2,"Tuesday, January 31, 2023",User,2023
5269,3,1,2,"Monday, July 31, 2023",User,2023
5372,3,97,2,"Saturday, July 29, 2023",User,2023
5460,3,199,2,"Saturday, May 20, 2023",User,2023
5535,3,108,2,"Thursday, January 12, 2023",User,2023
5654,3,156,2,"Wednesday, January 18, 2023",User,2023
5720,3,161,2,"Saturday, December 23, 2023",User,2023
6410,3,6,2,"Thursday, September 28, 2023",User,2023
6580,3,175,2,"Tuesday, October 3, 2023",User,2023
6810,3,125,2,"Thursday, November 9, 2023",User,2023
7145,3,87,2,"Monday, January 9, 2023",User,2023
7308,3,76,2,"Monday, April 24, 2023",User,2023
7565,3,37,2,"Sunday, November 12, 2023",User,2023
7644,3,147,2,"Sunday, May 7, 2023",User,2023
7998,3,12,2,"Thursday, March 9, 2023",User,2023
8501,3,61,2,"Saturday, December 16, 2023",User,2023
8511,3,87,2,"Monday, February 20, 2023",User,2023
8516,3,168,2,"Friday, May 5, 2023",User,2023
8638,3,37,2,"Monday, July 24, 2023",User,2023
8673,3,142,2,"Friday, November 17, 2023",User,2023
9184,3,133,2,"Tuesday, September 12, 2023",User,2023
9280,3,9,2,"Wednesday, August 2, 2023",User,2023
9293,3,53,2,"Sunday, July 23, 2023",User,2023
9914,3,108,2,"Wednesday, October 4, 2023",User,2023
72,3,128,2,"Monday, November 20, 2023",User,2023
374,3,136,2,"Wednesday, March 29, 2023",User,2023
390,3,151,2,"Thursday, April 20, 2023",User,2023
438,3,11,2,"Tuesday, June 27, 2023",User,2023
472,3,191,2,"Monday, August 14, 2023",User,2023
603,3,50,2,"Friday, August 25, 2023",User,2023
1100,3,97,2,"Wednesday, January 4, 2023",User,2023
1125,3,104,2,"Wednesday, April 5, 2023",User,2023
1145,3,9,2,"Sunday, September 10, 2023",User,2023
1322,3,169,2,"Sunday, August 20, 2023",User,2023
1326,3,61,2,"Sunday, January 1, 2023",User,2023
1810,3,114,2,"Sunday, May 7, 2023",User,2023
2160,3,48,2,"Wednesday, February 15, 2023",User,2023
2162,3,82,2,"Wednesday, June 21, 2023",User,2023
2190,3,61,2,"Sunday, October 1, 2023",User,2023
2413,3,87,2,"Tuesday, March 7, 2023",User,2023
2494,3,136,2,"Wednesday, May 10, 2023",User,2023
2546,3,34,2,"Thursday, March 9, 2023",User,2023
2555,3,166,2,"Friday, June 9, 2023",User,2023
2747,3,7,2,"Tuesday, April 25, 2023",User,2023
3447,3,102,2,"Tuesday, October 10, 2023",User,2023
3562,3,184,2,"Saturday, August 19, 2023",User,2023
3694,3,87,2,"Tuesday, June 6, 2023",User,2023
3886,3,122,2,"Tuesday, February 28, 2023",User,2023
4402,3,22,2,"Tuesday, February 14, 2023",User,2023
212,3,26,2,"Sunday, July 31, 2022",User,2022
687,3,179,2,"Saturday, November 18, 2023",User,2023
233,37,14,2,"Sunday, November 12, 2023",User,2023
873,37,60,2,"Wednesday, June 21, 2023",User,2023
881,37,78,2,"Thursday, July 13, 2023",User,2023
1121,37,179,2,"Sunday, December 10, 2023",User,2023
1618,37,18,2,"Saturday, December 9, 2023",User,2023
1628,37,80,2,"Tuesday, February 28, 2023",User,2023
1783,37,44,2,"Sunday, August 13, 2023",User,2023
2013,37,71,2,"Wednesday, July 19, 2023",User,2023
2056,37,41,2,"Tuesday, September 5, 2023",User,2023
2659,37,197,2,"Wednesday, June 28, 2023",User,2023
2844,37,194,2,"Saturday, December 9, 2023",User,2023
3377,37,35,2,"Friday, November 24, 2023",User,2023
3548,37,198,2,"Thursday, June 22, 2023",User,2023
3569,37,166,2,"Monday, January 2, 2023",User,2023
3824,37,55,2,"Friday, January 20, 2023",User,2023
4068,37,89,2,"Monday, December 11, 2023",User,2023
4255,37,118,2,"Tuesday, July 4, 2023",User,2023
4350,37,120,2,"Thursday, January 5, 2023",User,2023
4641,37,163,2,"Sunday, July 9, 2023",User,2023
4757,37,168,2,"Thursday, December 21, 2023",User,2023
4807,37,145,2,"Thursday, February 9, 2023",User,2023
4826,37,63,2,"Monday, September 11, 2023",User,2023
4853,37,39,2,"Friday, September 22, 2023",User,2023
4933,37,160,2,"Thursday, February 9, 2023",User,2023
5001,37,11,2,"Monday, February 20, 2023",User,2023
5012,37,181,2,"Wednesday, February 22, 2023",User,2023
5207,37,92,2,"Sunday, December 10, 2023",User,2023
5408,37,25,2,"Friday, March 3, 2023",User,2023
5715,37,57,2,"Friday, October 27, 2023",User,2023
5863,37,117,2,"Sunday, January 1, 2023",User,2023
5938,37,48,2,"Monday, November 13, 2023",User,2023
6134,37,43,2,"Sunday, September 10, 2023",User,2023
6160,37,86,2,"Tuesday, September 19, 2023",User,2023
6305,37,46,2,"Monday, May 22, 2023",User,2023
6496,37,137,2,"Saturday, February 18, 2023",User,2023
6699,37,3,2,"Tuesday, April 25, 2023",User,2023
6734,37,46,2,"Sunday, October 15, 2023",User,2023
7257,37,85,2,"Saturday, May 6, 2023",User,2023
7264,37,123,2,"Saturday, June 24, 2023",User,2023
7524,37,62,2,"Saturday, June 24, 2023",User,2023
7761,37,175,2,"Friday, September 22, 2023",User,2023
7925,37,111,2,"Monday, January 23, 2023",User,2023
8256,37,35,2,"Sunday, December 31, 2023",User,2023
8393,37,149,2,"Wednesday, August 9, 2023",User,2023
8545,37,135,2,"Monday, November 27, 2023",User,2023
8922,37,97,2,"Tuesday, September 26, 2023",User,2023
9240,37,109,2,"Monday, April 17, 2023",User,2023
9266,37,169,2,"Tuesday, January 3, 2023",User,2023
9309,37,193,2,"Saturday, May 13, 2023",User,2023
9326,37,31,2,"Friday, August 11, 2023",User,2023
9710,37,50,2,"Thursday, November 23, 2023",User,2023
9754,37,167,2,"Monday, October 23, 2023",User,2023
9794,37,85,2,"Thursday, December 28, 2023",User,2023
233,37,14,2,"Monday, May 29, 2023",User,2023
873,37,60,2,"Wednesday, May 10, 2023",User,2023
881,37,78,2,"Tuesday, October 17, 2023",User,2023
1121,37,179,2,"Sunday, December 10, 2023",User,2023
1618,37,18,2,"Saturday, December 9, 2023",User,2023
1628,37,80,2,"Tuesday, February 28, 2023",User,2023
1783,37,44,2,"Sunday, August 13, 2023",User,2023
2013,37,71,2,"Wednesday, July 19, 2023",User,2023
2056,37,41,2,"Tuesday, September 5, 2023",User,2023
2659,37,197,2,"Wednesday, June 28, 2023",User,2023
2844,37,194,2,"Saturday, December 9, 2023",User,2023
3377,37,35,2,"Friday, November 24, 2023",User,2023
3548,37,198,2,"Thursday, June 22, 2023",User,2023
3569,37,166,2,"Monday, January 2, 2023",User,2023
3824,37,55,2,"Friday, January 20, 2023",User,2023
4068,37,89,2,"Monday, December 11, 2023",User,2023
4255,37,118,2,"Tuesday, July 4, 2023",User,2023
4350,37,120,2,"Thursday, January 5, 2023",User,2023
4641,37,163,2,"Sunday, July 9, 2023",User,2023
4757,37,168,2,"Thursday, December 21, 2023",User,2023
4807,37,145,2,"Thursday, February 9, 2023",User,2023
220,37,124,2,"Monday, August 8, 2022",User,2022
339,37,153,2,"Thursday, May 12, 2022",User,2022
398,37,173,2,"Thursday, February 2, 2023",User,2023
962,37,67,2,"Monday, August 19, 2024",User,2024
80,17,1,2,"Thursday, June 15, 2023",User,2023
89,17,146,2,"Friday, March 10, 2023",User,2023
518,17,136,2,"Friday, June 30, 2023",User,2023
555,17,62,2,"Tuesday, October 24, 2023",User,2023
633,17,68,2,"Thursday, May 4, 2023",User,2023
852,17,28,2,"Monday, January 9, 2023",User,2023
945,17,160,2,"Tuesday, November 7, 2023",User,2023
967,17,188,2,"Thursday, May 18, 2023",User,2023
982,17,72,2,"Thursday, October 5, 2023",User,2023
1104,17,10,2,"Friday, June 30, 2023",User,2023
1466,17,69,2,"Wednesday, August 2, 2023",User,2023
2179,17,131,2,"Monday, April 10, 2023",User,2023
2226,17,130,2,"Wednesday, December 13, 2023",User,2023
2468,17,65,2,"Tuesday, January 10, 2023",User,2023
2537,17,172,2,"Thursday, May 4, 2023",User,2023
2640,17,74,2,"Monday, December 18, 2023",User,2023
2878,17,23,2,"Friday, February 17, 2023",User,2023
3357,17,22,2,"Saturday, June 17, 2023",User,2023
3372,17,129,2,"Tuesday, May 30, 2023",User,2023
3513,17,128,2,"Wednesday, May 10, 2023",User,2023
3580,17,47,2,"Saturday, July 22, 2023",User,2023
3682,17,186,2,"Thursday, May 18, 2023",User,2023
4185,17,100,2,"Saturday, August 26, 2023",User,2023
4374,17,122,2,"Monday, October 2, 2023",User,2023
4463,17,42,2,"Thursday, September 28, 2023",User,2023
5023,17,68,2,"Thursday, May 25, 2023",User,2023
5382,17,56,2,"Friday, January 13, 2023",User,2023
5569,17,135,2,"Tuesday, July 11, 2023",User,2023
5723,17,147,2,"Tuesday, February 7, 2023",User,2023
5726,17,184,2,"Friday, December 1, 2023",User,2023
5732,17,69,2,"Tuesday, January 3, 2023",User,2023
6261,17,195,2,"Wednesday, July 19, 2023",User,2023
6358,17,168,2,"Friday, April 7, 2023",User,2023
6585,17,46,2,"Friday, August 11, 2023",User,2023
7030,17,190,2,"Sunday, November 12, 2023",User,2023
7152,17,84,2,"Sunday, April 16, 2023",User,2023
7153,17,100,2,"Sunday, September 3, 2023",User,2023
7229,17,4,2,"Saturday, April 15, 2023",User,2023
7457,17,8,2,"Saturday, June 3, 2023",User,2023
7528,17,60,2,"Friday, February 24, 2023",User,2023
7562,17,101,2,"Wednesday, July 26, 2023",User,2023
8054,17,20,2,"Friday, January 27, 2023",User,2023
8701,17,57,2,"Tuesday, May 16, 2023",User,2023
9286,17,92,2,"Monday, August 28, 2023",User,2023
9544,17,143,2,"Wednesday, July 5, 2023",User,2023
9609,17,146,2,"Thursday, May 25, 2023",User,2023
9785,17,186,2,"Tuesday, November 28, 2023",User,2023
9965,17,158,2,"Friday, January 6, 2023",User,2023
80,17,145,2,"Thursday, November 30, 2023",User,2023
89,17,146,2,"Wednesday, December 13, 2023",User,2023
518,17,136,2,"Friday, April 28, 2023",User,2023
555,17,62,2,"Tuesday, June 20, 2023",User,2023
633,17,68,2,"Saturday, June 10, 2023",User,2023
852,17,28,2,"Friday, June 9, 2023",User,2023
945,17,160,2,"Monday, January 15, 2024",User,2024
967,17,188,2,"Wednesday, February 14, 2024",User,2024
982,17,72,2,"Monday, June 3, 2024",User,2024
1104,17,10,2,"Friday, June 30, 2023",User,2023
1466,17,69,2,"Wednesday, August 2, 2023",User,2023
2179,17,131,2,"Monday, April 10, 2023",User,2023
2226,17,130,2,"Wednesday, December 13, 2023",User,2023
2468,17,65,2,"Tuesday, January 10, 2023",User,2023
2537,17,172,2,"Thursday, May 4, 2023",User,2023
2640,17,74,2,"Monday, December 18, 2023",User,2023
2878,17,23,2,"Friday, February 17, 2023",User,2023
3357,17,22,2,"Saturday, June 17, 2023",User,2023
3372,17,129,2,"Tuesday, May 30, 2023",User,2023
3513,17,128,2,"Wednesday, May 10, 2023",User,2023
3580,17,47,2,"Saturday, July 22, 2023",User,2023
3682,17,186,2,"Thursday, May 18, 2023",User,2023
4185,17,100,2,"Saturday, August 26, 2023",User,2023
4374,17,122,2,"Monday, October 2, 2023",User,2023
4463,17,42,2,"Thursday, September 28, 2023",User,2023
20,17,86,2,"Thursday, January 20, 2022",User,2022
654,17,14,2,"Monday, October 16, 2023",User,2023
844,17,114,2,"Tuesday, April 23, 2024",User,2024
1216,17,146,2,"Wednesday, April 30, 2025",User,2025
5,23,118,2,"Saturday, June 10, 2023",User,2023
428,23,1,2,"Monday, November 6, 2023",User,2023
537,23,126,2,"Saturday, August 19, 2023",User,2023
576,23,106,2,"Saturday, January 7, 2023",User,2023
819,23,184,2,"Sunday, November 12, 2023",User,2023
961,23,156,2,"Sunday, January 8, 2023",User,2023
1128,23,82,2,"Saturday, October 21, 2023",User,2023
1254,23,68,2,"Monday, December 11, 2023",User,2023
1339,23,186,2,"Wednesday, January 11, 2023",User,2023
1519,23,47,2,"Thursday, January 5, 2023",User,2023
1548,23,148,2,"Sunday, May 7, 2023",User,2023
1613,23,73,2,"Saturday, November 18, 2023",User,2023
1718,23,10,2,"Tuesday, September 19, 2023",User,2023
2080,23,35,2,"Sunday, May 7, 2023",User,2023
2264,23,79,2,"Saturday, July 29, 2023",User,2023
2324,23,170,2,"Wednesday, August 30, 2023",User,2023
2452,23,175,2,"Sunday, October 15, 2023",User,2023
3000,23,132,2,"Sunday, October 1, 2023",User,2023
3493,23,2,2,"Friday, July 28, 2023",User,2023
3662,23,199,2,"Wednesday, June 28, 2023",User,2023
4250,23,45,2,"Saturday, May 13, 2023",User,2023
4292,23,198,2,"Friday, January 20, 2023",User,2023
4533,23,55,2,"Friday, March 3, 2023",User,2023
5000,23,134,2,"Tuesday, May 30, 2023",User,2023
5003,23,9,2,"Monday, February 13, 2023",User,2023
5270,23,169,2,"Sunday, June 25, 2023",User,2023
5527,23,115,2,"Monday, September 4, 2023",User,2023
5622,23,134,2,"Friday, August 4, 2023",User,2023
5699,23,176,2,"Sunday, August 13, 2023",User,2023
5820,23,33,2,"Thursday, October 12, 2023",User,2023
6222,23,146,2,"Saturday, June 10, 2023",User,2023
6625,23,72,2,"Wednesday, December 6, 2023",User,2023
6789,23,14,2,"Friday, March 10, 2023",User,2023
6865,23,179,2,"Friday, September 1, 2023",User,2023
6890,23,100,2,"Thursday, December 14, 2023",User,2023
6943,23,66,2,"Wednesday, June 14, 2023",User,2023
6985,23,175,2,"Monday, August 14, 2023",User,2023
7172,23,113,2,"Friday, March 10, 2023",User,2023
7367,23,126,2,"Tuesday, September 26, 2023",User,2023
7516,23,116,2,"Saturday, September 23, 2023",User,2023
7650,23,188,2,"Saturday, December 30, 2023",User,2023
8097,23,78,2,"Tuesday, January 17, 2023",User,2023
8098,23,4,2,"Monday, May 15, 2023",User,2023
8658,23,161,2,"Wednesday, October 11, 2023",User,2023
9122,23,36,2,"Sunday, October 1, 2023",User,2023
9363,23,176,2,"Monday, January 9, 2023",User,2023
9421,23,24,2,"Tuesday, January 31, 2023",User,2023
9427,23,76,2,"Friday, October 13, 2023",User,2023
9508,23,26,2,"Tuesday, September 12, 2023",User,2023
9552,23,144,2,"Friday, February 3, 2023",User,2023
5,23,118,2,"Thursday, August 17, 2023",User,2023
428,23,1,2,"Tuesday, June 13, 2023",User,2023
537,23,126,2,"Thursday, May 25, 2023",User,2023
576,23,106,2,"Wednesday, July 19, 2023",User,2023
819,23,184,2,"Friday, July 21, 2023",User,2023
961,23,156,2,"Sunday, June 2, 2024",User,2024
1128,23,82,2,"Saturday, October 21, 2023",User,2023
1254,23,68,2,"Monday, December 11, 2023",User,2023
1339,23,186,2,"Wednesday, January 11, 2023",User,2023
1519,23,47,2,"Thursday, January 5, 2023",User,2023
1548,23,148,2,"Sunday, May 7, 2023",User,2023
1613,23,73,2,"Saturday, November 18, 2023",User,2023
1718,23,10,2,"Tuesday, September 19, 2023",User,2023
2080,23,35,2,"Sunday, May 7, 2023",User,2023
2264,23,79,2,"Saturday, July 29, 2023",User,2023
2324,23,170,2,"Wednesday, August 30, 2023",User,2023
2452,23,175,2,"Sunday, October 15, 2023",User,2023
3000,23,132,2,"Sunday, October 1, 2023",User,2023
3493,23,2,2,"Friday, July 28, 2023",User,2023
3662,23,199,2,"Wednesday, June 28, 2023",User,2023
4250,23,45,2,"Saturday, May 13, 2023",User,2023
4292,23,198,2,"Friday, January 20, 2023",User,2023
4533,23,55,2,"Friday, March 3, 2023",User,2023
665,23,130,2,"Friday, October 27, 2023",User,2023
898,23,101,2,"Sunday, June 16, 2024",User,2024
943,23,195,2,"Wednesday, July 31, 2024",User,2024
43,18,118,2,"Tuesday, June 20, 2023",User,2023
264,18,11,2,"Friday, August 18, 2023",User,2023
610,18,43,2,"Thursday, October 12, 2023",User,2023
639,18,34,2,"Sunday, July 2, 2023",User,2023
704,18,74,2,"Thursday, December 21, 2023",User,2023
863,18,101,2,"Friday, August 25, 2023",User,2023
1232,18,25,2,"Thursday, January 26, 2023",User,2023
1354,18,84,2,"Sunday, September 24, 2023",User,2023
1761,18,77,2,"Thursday, November 30, 2023",User,2023
2405,18,145,2,"Monday, January 9, 2023",User,2023
2501,18,55,2,"Monday, January 23, 2023",User,2023
2786,18,80,2,"Thursday, April 20, 2023",User,2023
2920,18,98,2,"Monday, June 26, 2023",User,2023
3645,18,21,2,"Sunday, October 22, 2023",User,2023
3831,18,193,2,"Sunday, December 10, 2023",User,2023
3954,18,8,2,"Thursday, October 5, 2023",User,2023
4150,18,173,2,"Saturday, January 21, 2023",User,2023
4436,18,98,2,"Friday, August 11, 2023",User,2023
4448,18,110,2,"Saturday, January 7, 2023",User,2023
4478,18,94,2,"Wednesday, September 27, 2023",User,2023
4723,18,88,2,"Monday, December 11, 2023",User,2023
4875,18,75,2,"Friday, August 25, 2023",User,2023
5092,18,85,2,"Thursday, August 3, 2023",User,2023
5216,18,74,2,"Saturday, December 16, 2023",User,2023
5330,18,93,2,"Thursday, June 8, 2023",User,2023
5433,18,141,2,"Wednesday, July 19, 2023",User,2023
5878,18,84,2,"Thursday, June 15, 2023",User,2023
5999,18,25,2,"Tuesday, June 27, 2023",User,2023
6087,18,187,2,"Sunday, March 5, 2023",User,2023
6131,18,8,2,"Wednesday, February 8, 2023",User,2023
6197,18,122,2,"Thursday, March 23, 2023",User,2023
6581,18,49,2,"Sunday, August 6, 2023",User,2023
6731,18,69,2,"Monday, October 9, 2023",User,2023
6738,18,125,2,"Friday, March 31, 2023",User,2023
6793,18,109,2,"Sunday, October 1, 2023",User,2023
6802,18,196,2,"Tuesday, April 25, 2023",User,2023
6944,18,94,2,"Thursday, March 9, 2023",User,2023
7244,18,134,2,"Sunday, December 31, 2023",User,2023
7405,18,124,2,"Wednesday, May 3, 2023",User,2023
7415,18,177,2,"Monday, October 9, 2023",User,2023
8190,18,187,2,"Sunday, October 29, 2023",User,2023
8375,18,32,2,"Wednesday, November 15, 2023",User,2023
8391,18,191,2,"Tuesday, September 12, 2023",User,2023
8422,18,63,2,"Friday, October 27, 2023",User,2023
8479,18,51,2,"Thursday, June 22, 2023",User,2023
8555,18,54,2,"Thursday, February 9, 2023",User,2023
8595,18,26,2,"Sunday, December 17, 2023",User,2023
8934,18,54,2,"Monday, June 19, 2023",User,2023
9364,18,43,2,"Monday, August 7, 2023",User,2023
9418,18,86,2,"Monday, October 30, 2023",User,2023
9586,18,186,2,"Monday, January 23, 2023",User,2023
264,18,11,2,"Tuesday, November 7, 2023",User,2023
610,18,43,2,"Tuesday, May 9, 2023",User,2023
639,18,34,2,"Monday, October 16, 2023",User,2023
704,18,74,2,"Monday, October 2, 2023",User,2023
863,18,101,2,"Thursday, September 21, 2023",User,2023
1232,18,25,2,"Thursday, January 26, 2023",User,2023
1354,18,84,2,"Sunday, September 24, 2023",User,2023
1761,18,77,2,"Thursday, November 30, 2023",User,2023
2405,18,145,2,"Monday, January 9, 2023",User,2023
2501,18,55,2,"Monday, January 23, 2023",User,2023
2786,18,80,2,"Thursday, April 20, 2023",User,2023
2920,18,98,2,"Monday, June 26, 2023",User,2023
3645,18,21,2,"Sunday, October 22, 2023",User,2023
3831,18,193,2,"Sunday, December 10, 2023",User,2023
3954,18,8,2,"Thursday, October 5, 2023",User,2023
4150,18,173,2,"Saturday, January 21, 2023",User,2023
4436,18,98,2,"Friday, August 11, 2023",User,2023
4448,18,110,2,"Saturday, January 7, 2023",User,2023
4478,18,94,2,"Wednesday, September 27, 2023",User,2023
4723,18,88,2,"Monday, December 11, 2023",User,2023
321,18,32,2,"Thursday, November 17, 2022",User,2022
408,18,33,2,"Saturday, December 2, 2023",User,2023
1457,18,197,2,"Saturday, December 27, 2025",User,2025
206,31,190,2,"Saturday, November 4, 2023",User,2023
332,31,12,2,"Thursday, July 20, 2023",User,2023
778,31,163,2,"Saturday, November 4, 2023",User,2023
944,31,106,2,"Sunday, April 2, 2023",User,2023
990,31,51,2,"Sunday, August 13, 2023",User,2023
1034,31,129,2,"Monday, October 16, 2023",User,2023
1120,31,144,2,"Thursday, April 20, 2023",User,2023
1619,31,83,2,"Sunday, March 26, 2023",User,2023
1722,31,35,2,"Monday, May 1, 2023",User,2023
2260,31,75,2,"Saturday, March 18, 2023",User,2023
2273,31,136,2,"Friday, November 3, 2023",User,2023
2571,31,139,2,"Wednesday, October 11, 2023",User,2023
2588,31,17,2,"Sunday, April 16, 2023",User,2023
2704,31,38,2,"Sunday, December 10, 2023",User,2023
3056,31,3,2,"Thursday, September 7, 2023",User,2023
3071,31,44,2,"Thursday, March 16, 2023",User,2023
3169,31,152,2,"Tuesday, September 26, 2023",User,2023
3705,31,183,2,"Thursday, September 28, 2023",User,2023
3991,31,67,2,"Saturday, October 28, 2023",User,2023
4054,31,48,2,"Sunday, August 27, 2023",User,2023
4134,31,75,2,"Monday, April 24, 2023",User,2023
4201,31,35,2,"Saturday, April 15, 2023",User,2023
4615,31,173,2,"Thursday, August 10, 2023",User,2023
4964,31,177,2,"Monday, December 11, 2023",User,2023
4989,31,89,2,"Friday, November 24, 2023",User,2023
5342,31,81,2,"Saturday, October 7, 2023",User,2023
5876,31,81,2,"Wednesday, September 20, 2023",User,2023
6021,31,89,2,"Monday, February 20, 2023",User,2023
6041,31,188,2,"Saturday, January 28, 2023",User,2023
6309,31,186,2,"Thursday, March 9, 2023",User,2023
6409,31,177,2,"Sunday, July 23, 2023",User,2023
6445,31,176,2,"Saturday, April 22, 2023",User,2023
6461,31,165,2,"Thursday, December 28, 2023",User,2023
6690,31,172,2,"Friday, February 3, 2023",User,2023
6752,31,168,2,"Friday, October 27, 2023",User,2023
7099,31,56,2,"Tuesday, July 25, 2023",User,2023
7108,31,51,2,"Monday, March 6, 2023",User,2023
7110,31,132,2,"Friday, June 9, 2023",User,2023
7878,31,114,2,"Saturday, August 5, 2023",User,2023
8001,31,126,2,"Wednesday, March 1, 2023",User,2023
8241,31,146,2,"Saturday, January 7, 2023",User,2023
8264,31,114,2,"Sunday, December 10, 2023",User,2023
8881,31,101,2,"Wednesday, February 1, 2023",User,2023
8966,31,46,2,"Tuesday, February 7, 2023",User,2023
9163,31,146,2,"Friday, October 6, 2023",User,2023
9726,31,136,2,"Tuesday, November 28, 2023",User,2023
9741,31,11,2,"Thursday, November 30, 2023",User,2023
206,31,190,2,"Thursday, April 20, 2023",User,2023
332,31,12,2,"Monday, January 30, 2023",User,2023
778,31,163,2,"Thursday, May 25, 2023",User,2023
944,31,106,2,"Sunday, December 1, 2024",User,2024
990,31,51,2,"Monday, March 18, 2024",User,2024
1034,31,129,2,"Monday, October 16, 2023",User,2023
1120,31,144,2,"Thursday, April 20, 2023",User,2023
1619,31,83,2,"Sunday, March 26, 2023",User,2023
1722,31,35,2,"Monday, May 1, 2023",User,2023
2260,31,75,2,"Saturday, March 18, 2023",User,2023
2273,31,136,2,"Friday, November 3, 2023",User,2023
2571,31,139,2,"Wednesday, October 11, 2023",User,2023
2588,31,17,2,"Sunday, April 16, 2023",User,2023
2704,31,38,2,"Sunday, December 10, 2023",User,2023
3056,31,3,2,"Thursday, September 7, 2023",User,2023
3071,31,44,2,"Thursday, March 16, 2023",User,2023
3169,31,152,2,"Tuesday, September 26, 2023",User,2023
3705,31,183,2,"Thursday, September 28, 2023",User,2023
3991,31,67,2,"Saturday, October 28, 2023",User,2023
4054,31,48,2,"Sunday, August 27, 2023",User,2023
4134,31,75,2,"Monday, April 24, 2023",User,2023
4201,31,35,2,"Saturday, April 15, 2023",User,2023
4615,31,173,2,"Thursday, August 10, 2023",User,2023
56,31,31,2,"Friday, February 25, 2022",User,2022
312,31,21,2,"Thursday, August 11, 2022",User,2022
168,34,22,2,"Thursday, September 21, 2023",User,2023
239,34,75,2,"Sunday, August 27, 2023",User,2023
276,34,86,2,"Saturday, September 23, 2023",User,2023
466,34,13,2,"Monday, October 30, 2023",User,2023
759,34,100,2,"Thursday, October 26, 2023",User,2023
867,34,197,2,"Thursday, November 2, 2023",User,2023
1150,34,14,2,"Friday, December 29, 2023",User,2023
1163,34,156,2,"Saturday, December 2, 2023",User,2023
1196,34,55,2,"Thursday, March 9, 2023",User,2023
1856,34,86,2,"Monday, September 4, 2023",User,2023
1877,34,168,2,"Friday, March 10, 2023",User,2023
2182,34,33,2,"Saturday, December 2, 2023",User,2023
2929,34,98,2,"Saturday, May 27, 2023",User,2023
3249,34,75,2,"Wednesday, August 2, 2023",User,2023
3640,34,4,2,"Thursday, March 30, 2023",User,2023
3791,34,17,2,"Saturday, November 11, 2023",User,2023
3853,34,71,2,"Saturday, June 10, 2023",User,2023
3950,34,4,2,"Sunday, November 26, 2023",User,2023
4067,34,8,2,"Monday, June 26, 2023",User,2023
4112,34,142,2,"Friday, October 20, 2023",User,2023
4162,34,21,2,"Friday, November 10, 2023",User,2023
4517,34,111,2,"Wednesday, July 19, 2023",User,2023
5351,34,164,2,"Sunday, April 16, 2023",User,2023
5406,34,42,2,"Friday, December 22, 2023",User,2023
5489,34,178,2,"Saturday, June 17, 2023",User,2023
5574,34,147,2,"Monday, December 11, 2023",User,2023
6050,34,142,2,"Monday, March 27, 2023",User,2023
6088,34,172,2,"Saturday, June 3, 2023",User,2023
6145,34,4,2,"Monday, February 27, 2023",User,2023
6418,34,180,2,"Friday, June 16, 2023",User,2023
6572,34,181,2,"Friday, February 24, 2023",User,2023
6679,34,125,2,"Friday, June 2, 2023",User,2023
6881,34,132,2,"Friday, March 10, 2023",User,2023
6899,34,15,2,"Thursday, May 4, 2023",User,2023
6924,34,175,2,"Wednesday, June 21, 2023",User,2023
6956,34,142,2,"Saturday, June 3, 2023",User,2023
7242,34,51,2,"Friday, January 6, 2023",User,2023
7755,34,81,2,"Wednesday, October 18, 2023",User,2023
8273,34,196,2,"Wednesday, October 11, 2023",User,2023
8294,34,174,2,"Wednesday, May 17, 2023",User,2023
8428,34,192,2,"Thursday, September 7, 2023",User,2023
9054,34,123,2,"Sunday, July 23, 2023",User,2023
9066,34,17,2,"Saturday, December 30, 2023",User,2023
9298,34,172,2,"Monday, March 27, 2023",User,2023
9343,34,106,2,"Friday, November 3, 2023",User,2023
9377,34,105,2,"Sunday, June 25, 2023",User,2023
9657,34,81,2,"Wednesday, January 18, 2023",User,2023
9911,34,53,2,"Wednesday, December 27, 2023",User,2023
168,34,22,2,"Monday, February 27, 2023",User,2023
239,34,75,2,"Tuesday, June 6, 2023",User,2023
276,34,86,2,"Thursday, July 27, 2023",User,2023
466,34,13,2,"Saturday, April 8, 2023",User,2023
759,34,100,2,"Friday, April 28, 2023",User,2023
867,34,197,2,"Wednesday, September 27, 2023",User,2023
1150,34,14,2,"Friday, December 29, 2023",User,2023
1163,34,156,2,"Saturday, December 2, 2023",User,2023
1196,34,55,2,"Thursday, March 9, 2023",User,2023
1856,34,86,2,"Monday, September 4, 2023",User,2023
1877,34,168,2,"Friday, March 10, 2023",User,2023
2182,34,33,2,"Saturday, December 2, 2023",User,2023
2929,34,98,2,"Saturday, May 27, 2023",User,2023
3249,34,75,2,"Wednesday, August 2, 2023",User,2023
3640,34,4,2,"Thursday, March 30, 2023",User,2023
3791,34,17,2,"Saturday, November 11, 2023",User,2023
3853,34,71,2,"Saturday, June 10, 2023",User,2023
3950,34,4,2,"Sunday, November 26, 2023",User,2023
4067,34,8,2,"Monday, June 26, 2023",User,2023
4112,34,142,2,"Friday, October 20, 2023",User,2023
4162,34,21,2,"Friday, November 10, 2023",User,2023
4517,34,111,2,"Wednesday, July 19, 2023",User,2023
604,34,57,2,"Sunday, August 27, 2023",User,2023
1086,34,152,2,"Saturday, December 21, 2024",User,2024
105,25,146,2,"Friday, March 24, 2023",User,2023
108,25,41,2,"Monday, August 28, 2023",User,2023
316,25,143,2,"Thursday, July 13, 2023",User,2023
392,25,200,2,"Thursday, February 2, 2023",User,2023
465,25,161,2,"Monday, December 4, 2023",User,2023
473,25,99,2,"Wednesday, February 8, 2023",User,2023
489,25,8,2,"Friday, May 5, 2023",User,2023
851,25,118,2,"Saturday, April 8, 2023",User,2023
934,25,39,2,"Saturday, September 30, 2023",User,2023
1107,25,47,2,"Friday, November 17, 2023",User,2023
1529,25,62,2,"Monday, November 27, 2023",User,2023
2113,25,50,2,"Monday, April 17, 2023",User,2023
2293,25,153,2,"Thursday, April 6, 2023",User,2023
2383,25,148,2,"Wednesday, November 22, 2023",User,2023
2724,25,167,2,"Thursday, July 27, 2023",User,2023
2741,25,20,2,"Tuesday, November 7, 2023",User,2023
3152,25,140,2,"Thursday, March 30, 2023",User,2023
3691,25,168,2,"Saturday, April 8, 2023",User,2023
3921,25,172,2,"Sunday, September 10, 2023",User,2023
4186,25,24,2,"Wednesday, April 12, 2023",User,2023
4351,25,9,2,"Sunday, October 1, 2023",User,2023
4488,25,129,2,"Sunday, May 14, 2023",User,2023
4924,25,122,2,"Friday, August 4, 2023",User,2023
5367,25,142,2,"Saturday, March 4, 2023",User,2023
5515,25,134,2,"Monday, May 29, 2023",User,2023
5738,25,94,2,"Monday, February 13, 2023",User,2023
6129,25,7,2,"Monday, March 20, 2023",User,2023
6151,25,161,2,"Saturday, November 18, 2023",User,2023
6267,25,119,2,"Tuesday, July 18, 2023",User,2023
6374,25,37,2,"Wednesday, November 8, 2023",User,2023
6546,25,188,2,"Thursday, May 25, 2023",User,2023
7221,25,158,2,"Monday, January 9, 2023",User,2023
7434,25,117,2,"Saturday, January 21, 2023",User,2023
7742,25,65,2,"Wednesday, July 5, 2023",User,2023
7785,25,69,2,"Thursday, February 9, 2023",User,2023
7809,25,49,2,"Tuesday, December 26, 2023",User,2023
8153,25,186,2,"Sunday, February 19, 2023",User,2023
8199,25,169,2,"Friday, December 1, 2023",User,2023
8380,25,32,2,"Wednesday, February 8, 2023",User,2023
8493,25,169,2,"Tuesday, September 5, 2023",User,2023
8520,25,146,2,"Wednesday, March 22, 2023",User,2023
8930,25,74,2,"Wednesday, January 18, 2023",User,2023
8969,25,192,2,"Wednesday, November 15, 2023",User,2023
9672,25,21,2,"Friday, August 25, 2023",User,2023
9691,25,140,2,"Friday, December 29, 2023",User,2023
9966,25,187,2,"Sunday, January 22, 2023",User,2023
7,25,86,2,"Monday, August 21, 2023",User,2023
8,25,86,2,"Tuesday, August 22, 2023",User,2023
105,25,146,2,"Monday, April 1, 2024",User,2024
108,25,41,2,"Sunday, September 1, 2024",User,2024
316,25,143,2,"Thursday, September 21, 2023",User,2023
392,25,200,2,"Monday, April 24, 2023",User,2023
465,25,161,2,"Wednesday, March 8, 2023",User,2023
473,25,99,2,"Tuesday, August 15, 2023",User,2023
489,25,8,2,"Friday, June 9, 2023",User,2023
851,25,118,2,"Tuesday, May 9, 2023",User,2023
934,25,39,2,"Friday, December 29, 2023",User,2023
1107,25,47,2,"Friday, November 17, 2023",User,2023
1529,25,62,2,"Monday, November 27, 2023",User,2023
2113,25,50,2,"Monday, April 17, 2023",User,2023
2293,25,153,2,"Thursday, April 6, 2023",User,2023
2383,25,148,2,"Wednesday, November 22, 2023",User,2023
2724,25,167,2,"Thursday, July 27, 2023",User,2023
2741,25,20,2,"Tuesday, November 7, 2023",User,2023
3152,25,140,2,"Thursday, March 30, 2023",User,2023
3691,25,168,2,"Saturday, April 8, 2023",User,2023
3921,25,172,2,"Sunday, September 10, 2023",User,2023
4186,25,24,2,"Wednesday, April 12, 2023",User,2023
4351,25,9,2,"Sunday, October 1, 2023",User,2023
4488,25,129,2,"Sunday, May 14, 2023",User,2023
870,25,68,2,"Sunday, May 19, 2024",User,2024
1325,25,15,2,"Sunday, August 17, 2025",User,2025
272,1,43,2,"Saturday, July 1, 2023",User,2023
310,1,134,2,"Tuesday, October 31, 2023",User,2023
425,1,193,2,"Wednesday, September 20, 2023",User,2023
726,1,91,2,"Monday, September 4, 2023",User,2023
1194,1,160,2,"Tuesday, July 18, 2023",User,2023
1213,1,6,2,"Monday, July 31, 2023",User,2023
1223,1,68,2,"Wednesday, November 22, 2023",User,2023
1321,1,151,2,"Wednesday, April 5, 2023",User,2023
1337,1,124,2,"Thursday, July 6, 2023",User,2023
1455,1,80,2,"Wednesday, May 24, 2023",User,2023
1708,1,56,2,"Friday, June 23, 2023",User,2023
2308,1,92,2,"Wednesday, February 22, 2023",User,2023
2525,1,71,2,"Sunday, May 14, 2023",User,2023
2566,1,34,2,"Monday, January 16, 2023",User,2023
2837,1,74,2,"Thursday, November 30, 2023",User,2023
2910,1,91,2,"Friday, September 29, 2023",User,2023
3085,1,170,2,"Thursday, August 24, 2023",User,2023
3793,1,49,2,"Tuesday, December 19, 2023",User,2023
4197,1,17,2,"Tuesday, June 6, 2023",User,2023
4239,1,117,2,"Wednesday, March 29, 2023",User,2023
4384,1,197,2,"Wednesday, September 20, 2023",User,2023
4466,1,133,2,"Tuesday, September 5, 2023",User,2023
4897,1,30,2,"Sunday, June 4, 2023",User,2023
4973,1,25,2,"Friday, March 17, 2023",User,2023
5042,1,69,2,"Monday, October 16, 2023",User,2023
5244,1,130,2,"Tuesday, June 6, 2023",User,2023
5435,1,129,2,"Friday, October 13, 2023",User,2023
5579,1,69,2,"Friday, November 3, 2023",User,2023
6032,1,66,2,"Saturday, August 26, 2023",User,2023
6425,1,97,2,"Thursday, September 7, 2023",User,2023
6796,1,166,2,"Sunday, July 2, 2023",User,2023
6895,1,148,2,"Sunday, August 13, 2023",User,2023
6976,1,42,2,"Thursday, November 16, 2023",User,2023
6981,1,28,2,"Sunday, November 19, 2023",User,2023
6982,1,104,2,"Friday, October 13, 2023",User,2023
7184,1,131,2,"Tuesday, May 2, 2023",User,2023
7275,1,81,2,"Thursday, May 11, 2023",User,2023
7678,1,187,2,"Saturday, September 30, 2023",User,2023
7688,1,62,2,"Friday, December 15, 2023",User,2023
7706,1,20,2,"Monday, May 22, 2023",User,2023
8184,1,75,2,"Tuesday, August 15, 2023",User,2023
8257,1,107,2,"Sunday, November 26, 2023",User,2023
8399,1,153,2,"Saturday, July 22, 2023",User,2023
8920,1,104,2,"Wednesday, September 13, 2023",User,2023
9235,1,3,2,"Sunday, December 3, 2023",User,2023
9440,1,146,2,"Saturday, October 28, 2023",User,2023
9645,1,1,2,"Tuesday, April 4, 2023",User,2023
9663,1,26,2,"Wednesday, March 1, 2023",User,2023
272,1,43,2,"Friday, July 21, 2023",User,2023
310,1,134,2,"Wednesday, September 13, 2023",User,2023
425,1,193,2,"Sunday, August 6, 2023",User,2023
726,1,91,2,"Tuesday, March 14, 2023",User,2023
1194,1,160,2,"Tuesday, July 18, 2023",User,2023
1213,1,6,2,"Monday, July 31, 2023",User,2023
1223,1,68,2,"Wednesday, November 22, 2023",User,2023
1321,1,151,2,"Wednesday, April 5, 2023",User,2023
1337,1,124,2,"Thursday, July 6, 2023",User,2023
1455,1,80,2,"Wednesday, May 24, 2023",User,2023
1708,1,56,2,"Friday, June 23, 2023",User,2023
2308,1,92,2,"Wednesday, February 22, 2023",User,2023
2525,1,71,2,"Sunday, May 14, 2023",User,2023
2566,1,34,2,"Monday, January 16, 2023",User,2023
2837,1,74,2,"Thursday, November 30, 2023",User,2023
2910,1,91,2,"Friday, September 29, 2023",User,2023
3085,1,170,2,"Thursday, August 24, 2023",User,2023
3793,1,49,2,"Tuesday, December 19, 2023",User,2023
4197,1,17,2,"Tuesday, June 6, 2023",User,2023
4239,1,117,2,"Wednesday, March 29, 2023",User,2023
4384,1,197,2,"Wednesday, September 20, 2023",User,2023
4466,1,133,2,"Tuesday, September 5, 2023",User,2023
487,1,76,2,"Sunday, February 5, 2023",User,2023
479,35,173,2,"Tuesday, May 16, 2023",User,2023
557,35,29,2,"Saturday, February 18, 2023",User,2023
578,35,184,2,"Wednesday, January 11, 2023",User,2023
960,35,100,2,"Friday, May 26, 2023",User,2023
1037,35,8,2,"Saturday, October 14, 2023",User,2023
1091,35,172,2,"Monday, October 23, 2023",User,2023
1093,35,87,2,"Saturday, October 14, 2023",User,2023
1818,35,19,2,"Wednesday, December 13, 2023",User,2023
1868,35,92,2,"Saturday, January 7, 2023",User,2023
2191,35,161,2,"Friday, June 23, 2023",User,2023
2315,35,53,2,"Thursday, January 19, 2023",User,2023
2536,35,158,2,"Thursday, June 15, 2023",User,2023
2585,35,11,2,"Sunday, April 30, 2023",User,2023
2898,35,73,2,"Friday, August 18, 2023",User,2023
3336,35,186,2,"Saturday, June 24, 2023",User,2023
3463,35,112,2,"Thursday, July 27, 2023",User,2023
3984,35,189,2,"Wednesday, November 15, 2023",User,2023
4605,35,89,2,"Monday, December 18, 2023",User,2023
4735,35,116,2,"Friday, June 16, 2023",User,2023
4768,35,71,2,"Friday, March 10, 2023",User,2023
4849,35,50,2,"Monday, December 11, 2023",User,2023
4859,35,61,2,"Monday, May 8, 2023",User,2023
4887,35,194,2,"Thursday, March 16, 2023",User,2023
5411,35,79,2,"Wednesday, October 11, 2023",User,2023
6037,35,61,2,"Monday, May 15, 2023",User,2023
6739,35,71,2,"Thursday, February 2, 2023",User,2023
6759,35,70,2,"Wednesday, March 1, 2023",User,2023
7283,35,80,2,"Saturday, August 5, 2023",User,2023
7416,35,189,2,"Sunday, May 28, 2023",User,2023
7612,35,75,2,"Sunday, September 10, 2023",User,2023
7666,35,103,2,"Thursday, December 21, 2023",User,2023
7843,35,2,2,"Thursday, March 23, 2023",User,2023
8029,35,13,2,"Saturday, August 5, 2023",User,2023
8080,35,104,2,"Thursday, March 23, 2023",User,2023
8405,35,174,2,"Sunday, December 24, 2023",User,2023
8442,35,124,2,"Saturday, January 21, 2023",User,2023
8731,35,78,2,"Wednesday, January 25, 2023",User,2023
8864,35,198,2,"Friday, September 29, 2023",User,2023
9001,35,140,2,"Friday, March 24, 2023",User,2023
9071,35,29,2,"Sunday, November 19, 2023",User,2023
9272,35,71,2,"Thursday, September 21, 2023",User,2023
9304,35,77,2,"Thursday, February 2, 2023",User,2023
9756,35,75,2,"Wednesday, May 10, 2023",User,2023
9815,35,124,2,"Sunday, January 8, 2023",User,2023
9870,35,95,2,"Sunday, October 1, 2023",User,2023
9982,35,154,2,"Tuesday, August 8, 2023",User,2023
479,35,173,2,"Wednesday, August 23, 2023",User,2023
557,35,29,2,"Thursday, June 22, 2023",User,2023
578,35,184,2,"Friday, July 21, 2023",User,2023
960,35,100,2,"Thursday, May 2, 2024",User,2024
1037,35,8,2,"Saturday, October 14, 2023",User,2023
1091,35,172,2,"Monday, October 23, 2023",User,2023
1093,35,87,2,"Saturday, October 14, 2023",User,2023
1818,35,19,2,"Wednesday, December 13, 2023",User,2023
1868,35,92,2,"Saturday, January 7, 2023",User,2023
2191,35,161,2,"Friday, June 23, 2023",User,2023
2315,35,53,2,"Thursday, January 19, 2023",User,2023
2536,35,158,2,"Thursday, June 15, 2023",User,2023
2585,35,11,2,"Sunday, April 30, 2023",User,2023
2898,35,73,2,"Friday, August 18, 2023",User,2023
3336,35,186,2,"Saturday, June 24, 2023",User,2023
3463,35,112,2,"Thursday, July 27, 2023",User,2023
3984,35,189,2,"Wednesday, November 15, 2023",User,2023
4605,35,89,2,"Monday, December 18, 2023",User,2023
4735,35,116,2,"Friday, June 16, 2023",User,2023
4768,35,71,2,"Friday, March 10, 2023",User,2023
455,35,169,2,"Friday, March 31, 2023",User,2023
583,35,49,2,"Thursday, June 8, 2023",User,2023
736,35,64,2,"Saturday, June 1, 2024",User,2024
1435,35,9,2,"Monday, May 12, 2025",User,2025
1469,35,197,2,"Saturday, August 1, 2026",User,2026
547,12,120,2,"Saturday, August 12, 2023",User,2023
864,12,14,2,"Tuesday, September 19, 2023",User,2023
1175,12,181,2,"Friday, May 12, 2023",User,2023
1211,12,27,2,"Monday, November 6, 2023",User,2023
1287,12,70,2,"Sunday, March 5, 2023",User,2023
1373,12,9,2,"Sunday, July 16, 2023",User,2023
1501,12,200,2,"Wednesday, May 17, 2023",User,2023
1833,12,156,2,"Sunday, March 5, 2023",User,2023
1894,12,191,2,"Monday, June 19, 2023",User,2023
2639,12,93,2,"Wednesday, November 8, 2023",User,2023
2703,12,143,2,"Tuesday, May 9, 2023",User,2023
2993,12,119,2,"Sunday, July 9, 2023",User,2023
3091,12,17,2,"Sunday, April 30, 2023",User,2023
3501,12,55,2,"Tuesday, May 16, 2023",User,2023
3595,12,149,2,"Monday, November 6, 2023",User,2023
3781,12,83,2,"Wednesday, January 4, 2023",User,2023
3828,12,86,2,"Wednesday, November 8, 2023",User,2023
4008,12,31,2,"Sunday, November 12, 2023",User,2023
4144,12,161,2,"Tuesday, March 7, 2023",User,2023
4625,12,42,2,"Friday, November 3, 2023",User,2023
4741,12,63,2,"Thursday, September 21, 2023",User,2023
5048,12,54,2,"Tuesday, January 24, 2023",User,2023
5387,12,191,2,"Saturday, February 25, 2023",User,2023
5852,12,19,2,"Thursday, November 2, 2023",User,2023
5962,12,24,2,"Sunday, April 23, 2023",User,2023
5992,12,189,2,"Friday, June 9, 2023",User,2023
6206,12,87,2,"Sunday, June 25, 2023",User,2023
6999,12,1,2,"Thursday, July 13, 2023",User,2023
7181,12,80,2,"Wednesday, January 4, 2023",User,2023
7451,12,96,2,"Saturday, September 16, 2023",User,2023
7499,12,62,2,"Thursday, August 10, 2023",User,2023
7586,12,126,2,"Saturday, May 13, 2023",User,2023
8069,12,73,2,"Wednesday, January 25, 2023",User,2023
8123,12,121,2,"Tuesday, June 27, 2023",User,2023
8206,12,154,2,"Wednesday, December 6, 2023",User,2023
8538,12,78,2,"Monday, August 7, 2023",User,2023
8821,12,83,2,"Sunday, July 30, 2023",User,2023
8826,12,101,2,"Saturday, October 14, 2023",User,2023
9003,12,28,2,"Saturday, October 28, 2023",User,2023
9039,12,137,2,"Monday, May 1, 2023",User,2023
9117,12,154,2,"Saturday, August 12, 2023",User,2023
9385,12,195,2,"Tuesday, October 10, 2023",User,2023
9531,12,26,2,"Sunday, March 26, 2023",User,2023
9675,12,56,2,"Friday, June 23, 2023",User,2023
9694,12,173,2,"Tuesday, March 7, 2023",User,2023
9901,12,179,2,"Monday, December 18, 2023",User,2023
547,12,120,2,"Sunday, August 6, 2023",User,2023
864,12,14,2,"Friday, September 22, 2023",User,2023
1175,12,181,2,"Friday, May 12, 2023",User,2023
1211,12,27,2,"Monday, November 6, 2023",User,2023
1287,12,70,2,"Sunday, March 5, 2023",User,2023
1373,12,9,2,"Sunday, July 16, 2023",User,2023
1501,12,200,2,"Wednesday, May 17, 2023",User,2023
1833,12,156,2,"Sunday, March 5, 2023",User,2023
1894,12,191,2,"Monday, June 19, 2023",User,2023
2639,12,93,2,"Wednesday, November 8, 2023",User,2023
2703,12,143,2,"Tuesday, May 9, 2023",User,2023
2993,12,119,2,"Sunday, July 9, 2023",User,2023
3091,12,17,2,"Sunday, April 30, 2023",User,2023
3501,12,55,2,"Tuesday, May 16, 2023",User,2023
3595,12,149,2,"Monday, November 6, 2023",User,2023
3781,12,83,2,"Wednesday, January 4, 2023",User,2023
3828,12,86,2,"Wednesday, November 8, 2023",User,2023
4008,12,31,2,"Sunday, November 12, 2023",User,2023
4144,12,161,2,"Tuesday, March 7, 2023",User,2023
4625,12,42,2,"Friday, November 3, 2023",User,2023
4741,12,63,2,"Thursday, September 21, 2023",User,2023
1315,12,186,2,"Tuesday, July 8, 2025",User,2025
1429,12,37,2,"Saturday, November 29, 2025",User,2025
121,10,87,2,"Monday, May 15, 2023",User,2023
297,10,111,2,"Friday, December 29, 2023",User,2023
931,10,2,2,"Friday, October 13, 2023",User,2023
998,10,71,2,"Tuesday, October 3, 2023",User,2023
1370,10,66,2,"Monday, May 22, 2023",User,2023
1463,10,193,2,"Thursday, December 21, 2023",User,2023
1485,10,30,2,"Sunday, September 17, 2023",User,2023
1492,10,132,2,"Saturday, October 28, 2023",User,2023
1812,10,33,2,"Friday, March 3, 2023",User,2023
1869,10,132,2,"Friday, November 24, 2023",User,2023
1945,10,152,2,"Saturday, March 18, 2023",User,2023
2163,10,82,2,"Wednesday, November 1, 2023",User,2023
2326,10,160,2,"Tuesday, October 10, 2023",User,2023
2441,10,13,2,"Sunday, July 16, 2023",User,2023
2664,10,107,2,"Saturday, March 25, 2023",User,2023
3308,10,60,2,"Wednesday, May 3, 2023",User,2023
3324,10,28,2,"Thursday, May 4, 2023",User,2023
3965,10,100,2,"Monday, January 2, 2023",User,2023
4203,10,82,2,"Friday, January 13, 2023",User,2023
4322,10,73,2,"Friday, February 24, 2023",User,2023
4690,10,51,2,"Sunday, July 16, 2023",User,2023
4942,10,190,2,"Sunday, July 30, 2023",User,2023
5026,10,33,2,"Saturday, July 29, 2023",User,2023
5217,10,100,2,"Wednesday, November 8, 2023",User,2023
5271,10,26,2,"Monday, June 5, 2023",User,2023
5388,10,61,2,"Thursday, December 7, 2023",User,2023
5848,10,163,2,"Monday, September 25, 2023",User,2023
6033,10,124,2,"Friday, November 10, 2023",User,2023
6117,10,197,2,"Friday, October 13, 2023",User,2023
6395,10,42,2,"Monday, April 17, 2023",User,2023
6459,10,11,2,"Wednesday, November 15, 2023",User,2023
6695,10,70,2,"Tuesday, November 21, 2023",User,2023
6926,10,118,2,"Monday, November 20, 2023",User,2023
7018,10,153,2,"Sunday, August 27, 2023",User,2023
7364,10,93,2,"Wednesday, June 7, 2023",User,2023
7454,10,141,2,"Tuesday, December 5, 2023",User,2023
7510,10,156,2,"Saturday, January 28, 2023",User,2023
7611,10,173,2,"Thursday, November 9, 2023",User,2023
8046,10,41,2,"Wednesday, May 31, 2023",User,2023
8067,10,169,2,"Monday, October 9, 2023",User,2023
8724,10,197,2,"Sunday, January 8, 2023",User,2023
9572,10,199,2,"Thursday, July 20, 2023",User,2023
9664,10,180,2,"Friday, July 14, 2023",User,2023
9709,10,193,2,"Monday, September 4, 2023",User,2023
9945,10,111,2,"Thursday, October 26, 2023",User,2023
121,10,87,2,"Friday, January 26, 2024",User,2024
297,10,111,2,"Friday, August 25, 2023",User,2023
931,10,2,2,"Tuesday, December 26, 2023",User,2023
998,10,71,2,"Thursday, March 28, 2024",User,2024
1370,10,66,2,"Monday, May 22, 2023",User,2023
1463,10,193,2,"Thursday, December 21, 2023",User,2023
1485,10,30,2,"Sunday, September 17, 2023",User,2023
1492,10,132,2,"Saturday, October 28, 2023",User,2023
1812,10,33,2,"Friday, March 3, 2023",User,2023
1869,10,132,2,"Friday, November 24, 2023",User,2023
1945,10,152,2,"Saturday, March 18, 2023",User,2023
2163,10,82,2,"Wednesday, November 1, 2023",User,2023
2326,10,160,2,"Tuesday, October 10, 2023",User,2023
2441,10,13,2,"Sunday, July 16, 2023",User,2023
2664,10,107,2,"Saturday, March 25, 2023",User,2023
3308,10,60,2,"Wednesday, May 3, 2023",User,2023
3324,10,28,2,"Thursday, May 4, 2023",User,2023
3965,10,100,2,"Monday, January 2, 2023",User,2023
4203,10,82,2,"Friday, January 13, 2023",User,2023
4322,10,73,2,"Friday, February 24, 2023",User,2023
4690,10,51,2,"Sunday, July 16, 2023",User,2023
252,10,44,2,"Friday, September 9, 2022",User,2022
505,10,152,2,"Saturday, May 20, 2023",User,2023
170,21,27,2,"Tuesday, January 24, 2023",User,2023
383,21,152,2,"Friday, September 8, 2023",User,2023
456,21,31,2,"Tuesday, July 18, 2023",User,2023
627,21,117,2,"Sunday, August 13, 2023",User,2023
766,21,59,2,"Wednesday, December 13, 2023",User,2023
801,21,191,2,"Tuesday, August 29, 2023",User,2023
1622,21,191,2,"Tuesday, September 5, 2023",User,2023
1623,21,31,2,"Sunday, June 4, 2023",User,2023
1675,21,38,2,"Saturday, June 24, 2023",User,2023
1897,21,159,2,"Tuesday, February 14, 2023",User,2023
1916,21,122,2,"Friday, June 9, 2023",User,2023
2122,21,109,2,"Monday, February 27, 2023",User,2023
2245,21,133,2,"Thursday, December 7, 2023",User,2023
2789,21,7,2,"Wednesday, October 4, 2023",User,2023
3168,21,79,2,"Saturday, November 4, 2023",User,2023
3410,21,160,2,"Monday, June 19, 2023",User,2023
3515,21,159,2,"Thursday, January 5, 2023",User,2023
3594,21,96,2,"Saturday, July 22, 2023",User,2023
4016,21,176,2,"Saturday, July 22, 2023",User,2023
4548,21,167,2,"Tuesday, October 31, 2023",User,2023
4885,21,126,2,"Tuesday, March 7, 2023",User,2023
4936,21,127,2,"Saturday, October 21, 2023",User,2023
4977,21,74,2,"Thursday, April 6, 2023",User,2023
5414,21,54,2,"Monday, December 4, 2023",User,2023
5417,21,85,2,"Wednesday, December 20, 2023",User,2023
5561,21,29,2,"Friday, June 16, 2023",User,2023
5606,21,99,2,"Friday, December 1, 2023",User,2023
5973,21,60,2,"Wednesday, November 15, 2023",User,2023
6159,21,166,2,"Friday, September 29, 2023",User,2023
6440,21,197,2,"Thursday, August 17, 2023",User,2023
6568,21,79,2,"Tuesday, March 14, 2023",User,2023
6826,21,194,2,"Tuesday, October 31, 2023",User,2023
6832,21,173,2,"Wednesday, October 18, 2023",User,2023
7370,21,68,2,"Wednesday, December 13, 2023",User,2023
7471,21,121,2,"Sunday, October 1, 2023",User,2023
7919,21,110,2,"Sunday, January 1, 2023",User,2023
8071,21,189,2,"Sunday, December 24, 2023",User,2023
8410,21,37,2,"Tuesday, July 25, 2023",User,2023
8895,21,142,2,"Thursday, June 8, 2023",User,2023
8961,21,50,2,"Tuesday, April 18, 2023",User,2023
9042,21,87,2,"Sunday, November 26, 2023",User,2023
9139,21,96,2,"Monday, December 11, 2023",User,2023
9170,21,52,2,"Monday, January 16, 2023",User,2023
9243,21,78,2,"Thursday, July 13, 2023",User,2023
9295,21,151,2,"Monday, October 16, 2023",User,2023
9523,21,134,2,"Saturday, February 4, 2023",User,2023
170,21,27,2,"Tuesday, January 3, 2023",User,2023
383,21,152,2,"Saturday, November 4, 2023",User,2023
456,21,31,2,"Friday, July 21, 2023",User,2023
627,21,117,2,"Thursday, September 28, 2023",User,2023
766,21,59,2,"Tuesday, September 5, 2023",User,2023
801,21,191,2,"Tuesday, June 27, 2023",User,2023
1622,21,191,2,"Tuesday, September 5, 2023",User,2023
1623,21,31,2,"Sunday, June 4, 2023",User,2023
1675,21,38,2,"Saturday, June 24, 2023",User,2023
1897,21,159,2,"Tuesday, February 14, 2023",User,2023
1916,21,122,2,"Friday, June 9, 2023",User,2023
2122,21,109,2,"Monday, February 27, 2023",User,2023
2245,21,133,2,"Thursday, December 7, 2023",User,2023
2789,21,7,2,"Wednesday, October 4, 2023",User,2023
3168,21,79,2,"Saturday, November 4, 2023",User,2023
3410,21,160,2,"Monday, June 19, 2023",User,2023
3515,21,159,2,"Thursday, January 5, 2023",User,2023
3594,21,96,2,"Saturday, July 22, 2023",User,2023
4016,21,176,2,"Saturday, July 22, 2023",User,2023
4548,21,167,2,"Tuesday, October 31, 2023",User,2023
916,21,95,2,"Sunday, April 7, 2024",User,2024
231,9,126,2,"Sunday, April 16, 2023",User,2023
262,9,98,2,"Wednesday, June 7, 2023",User,2023
478,9,150,2,"Sunday, March 26, 2023",User,2023
1044,9,33,2,"Tuesday, October 3, 2023",User,2023
1117,9,146,2,"Monday, November 20, 2023",User,2023
1142,9,26,2,"Thursday, September 7, 2023",User,2023
1469,9,139,2,"Thursday, May 4, 2023",User,2023
1553,9,60,2,"Friday, October 27, 2023",User,2023
1681,9,74,2,"Friday, October 20, 2023",User,2023
2219,9,99,2,"Thursday, January 12, 2023",User,2023
2281,9,74,2,"Thursday, July 20, 2023",User,2023
2623,9,192,2,"Tuesday, October 10, 2023",User,2023
2875,9,100,2,"Saturday, May 27, 2023",User,2023
2890,9,197,2,"Tuesday, November 14, 2023",User,2023
3416,9,42,2,"Thursday, June 8, 2023",User,2023
3589,9,101,2,"Wednesday, March 15, 2023",User,2023
3604,9,95,2,"Friday, December 15, 2023",User,2023
3884,9,83,2,"Saturday, July 15, 2023",User,2023
4247,9,189,2,"Wednesday, May 31, 2023",User,2023
4438,9,182,2,"Thursday, April 13, 2023",User,2023
4909,9,73,2,"Monday, October 2, 2023",User,2023
4976,9,111,2,"Tuesday, March 14, 2023",User,2023
5059,9,94,2,"Monday, June 19, 2023",User,2023
5311,9,168,2,"Wednesday, February 1, 2023",User,2023
5602,9,102,2,"Monday, July 24, 2023",User,2023
5666,9,113,2,"Tuesday, June 13, 2023",User,2023
5712,9,75,2,"Friday, February 17, 2023",User,2023
5756,9,143,2,"Monday, September 4, 2023",User,2023
5964,9,180,2,"Tuesday, June 13, 2023",User,2023
6108,9,136,2,"Wednesday, December 6, 2023",User,2023
6841,9,72,2,"Tuesday, June 27, 2023",User,2023
6846,9,63,2,"Sunday, October 1, 2023",User,2023
6898,9,169,2,"Thursday, January 5, 2023",User,2023
7169,9,86,2,"Friday, June 16, 2023",User,2023
7239,9,22,2,"Monday, April 17, 2023",User,2023
7947,9,62,2,"Wednesday, January 18, 2023",User,2023
8037,9,118,2,"Friday, September 29, 2023",User,2023
8490,9,22,2,"Monday, January 9, 2023",User,2023
8654,9,97,2,"Sunday, April 9, 2023",User,2023
8762,9,182,2,"Saturday, December 30, 2023",User,2023
9083,9,4,2,"Wednesday, October 18, 2023",User,2023
9148,9,33,2,"Tuesday, October 24, 2023",User,2023
9413,9,169,2,"Friday, April 21, 2023",User,2023
9646,9,166,2,"Sunday, May 28, 2023",User,2023
231,9,126,2,"Thursday, May 25, 2023",User,2023
262,9,98,2,"Friday, July 7, 2023",User,2023
478,9,150,2,"Tuesday, August 22, 2023",User,2023
1044,9,33,2,"Tuesday, October 3, 2023",User,2023
1117,9,146,2,"Monday, November 20, 2023",User,2023
1142,9,26,2,"Thursday, September 7, 2023",User,2023
1469,9,139,2,"Thursday, May 4, 2023",User,2023
1553,9,60,2,"Friday, October 27, 2023",User,2023
1681,9,74,2,"Friday, October 20, 2023",User,2023
2219,9,99,2,"Thursday, January 12, 2023",User,2023
2281,9,74,2,"Thursday, July 20, 2023",User,2023
2623,9,192,2,"Tuesday, October 10, 2023",User,2023
2875,9,100,2,"Saturday, May 27, 2023",User,2023
2890,9,197,2,"Tuesday, November 14, 2023",User,2023
3416,9,42,2,"Thursday, June 8, 2023",User,2023
3589,9,101,2,"Wednesday, March 15, 2023",User,2023
3604,9,95,2,"Friday, December 15, 2023",User,2023
3884,9,83,2,"Saturday, July 15, 2023",User,2023
4247,9,189,2,"Wednesday, May 31, 2023",User,2023
4438,9,182,2,"Thursday, April 13, 2023",User,2023
433,9,155,2,"Sunday, September 3, 2023",User,2023
750,9,97,2,"Saturday, January 20, 2024",User,2024
27,24,96,2,"Wednesday, September 6, 2023",User,2023
399,24,22,2,"Wednesday, April 26, 2023",User,2023
503,24,188,2,"Monday, March 20, 2023",User,2023
513,24,159,2,"Saturday, July 8, 2023",User,2023
843,24,74,2,"Wednesday, January 4, 2023",User,2023
1019,24,118,2,"Saturday, November 25, 2023",User,2023
1174,24,91,2,"Wednesday, August 16, 2023",User,2023
1283,24,167,2,"Wednesday, June 7, 2023",User,2023
1576,24,165,2,"Tuesday, April 18, 2023",User,2023
1809,24,187,2,"Sunday, April 23, 2023",User,2023
2437,24,129,2,"Wednesday, November 1, 2023",User,2023
2475,24,142,2,"Saturday, November 4, 2023",User,2023
2672,24,18,2,"Sunday, April 30, 2023",User,2023
3019,24,46,2,"Tuesday, September 12, 2023",User,2023
3031,24,104,2,"Saturday, October 21, 2023",User,2023
3591,24,97,2,"Tuesday, July 25, 2023",User,2023
3816,24,44,2,"Friday, May 5, 2023",User,2023
4141,24,33,2,"Monday, May 22, 2023",User,2023
4320,24,124,2,"Saturday, April 29, 2023",User,2023
5120,24,188,2,"Thursday, June 8, 2023",User,2023
5187,24,61,2,"Friday, December 1, 2023",User,2023
5506,24,152,2,"Monday, July 10, 2023",User,2023
5592,24,111,2,"Tuesday, November 21, 2023",User,2023
5775,24,181,2,"Thursday, July 13, 2023",User,2023
6186,24,67,2,"Saturday, April 15, 2023",User,2023
6339,24,15,2,"Monday, July 31, 2023",User,2023
6590,24,159,2,"Thursday, May 25, 2023",User,2023
6619,24,172,2,"Friday, December 22, 2023",User,2023
6691,24,123,2,"Tuesday, April 4, 2023",User,2023
6720,24,106,2,"Monday, September 4, 2023",User,2023
7493,24,198,2,"Friday, November 10, 2023",User,2023
7675,24,117,2,"Friday, August 25, 2023",User,2023
8163,24,196,2,"Monday, September 11, 2023",User,2023
8544,24,72,2,"Friday, September 22, 2023",User,2023
8887,24,196,2,"Wednesday, September 27, 2023",User,2023
8936,24,44,2,"Monday, August 21, 2023",User,2023
9045,24,33,2,"Thursday, December 28, 2023",User,2023
9156,24,37,2,"Friday, August 18, 2023",User,2023
9322,24,40,2,"Friday, June 2, 2023",User,2023
9338,24,14,2,"Saturday, January 14, 2023",User,2023
9429,24,26,2,"Sunday, September 3, 2023",User,2023
9454,24,30,2,"Thursday, April 20, 2023",User,2023
9770,24,87,2,"Friday, June 23, 2023",User,2023
9797,24,161,2,"Saturday, August 5, 2023",User,2023
9833,24,155,2,"Saturday, April 29, 2023",User,2023
27,24,130,2,"Monday, September 18, 2023",User,2023
399,24,22,2,"Sunday, March 5, 2023",User,2023
503,24,188,2,"Tuesday, July 4, 2023",User,2023
513,24,18,2,"Friday, April 21, 2023",User,2023
843,24,74,2,"Thursday, August 24, 2023",User,2023
1019,24,118,2,"Saturday, November 25, 2023",User,2023
1174,24,91,2,"Wednesday, August 16, 2023",User,2023
1283,24,167,2,"Wednesday, June 7, 2023",User,2023
1576,24,165,2,"Tuesday, April 18, 2023",User,2023
1809,24,187,2,"Sunday, April 23, 2023",User,2023
2437,24,129,2,"Wednesday, November 1, 2023",User,2023
2475,24,142,2,"Saturday, November 4, 2023",User,2023
2672,24,18,2,"Sunday, April 30, 2023",User,2023
3019,24,46,2,"Tuesday, September 12, 2023",User,2023
3031,24,104,2,"Saturday, October 21, 2023",User,2023
3591,24,97,2,"Tuesday, July 25, 2023",User,2023
3816,24,44,2,"Friday, May 5, 2023",User,2023
4141,24,33,2,"Monday, May 22, 2023",User,2023
4320,24,124,2,"Saturday, April 29, 2023",User,2023
679,24,189,2,"Wednesday, October 11, 2023",User,2023
777,24,162,2,"Friday, February 16, 2024",User,2024
1488,24,96,2,"Tuesday, January 27, 2026",User,2026
96,32,22,2,"Wednesday, August 2, 2023",User,2023
366,32,163,2,"Sunday, July 9, 2023",User,2023
599,32,115,2,"Sunday, January 29, 2023",User,2023
764,32,163,2,"Thursday, October 19, 2023",User,2023
972,32,145,2,"Thursday, June 1, 2023",User,2023
1415,32,126,2,"Thursday, July 27, 2023",User,2023
1610,32,182,2,"Friday, June 2, 2023",User,2023
2068,32,61,2,"Tuesday, October 10, 2023",User,2023
2282,32,77,2,"Friday, December 15, 2023",User,2023
2646,32,32,2,"Tuesday, July 18, 2023",User,2023
2723,32,189,2,"Tuesday, December 26, 2023",User,2023
3016,32,178,2,"Wednesday, November 1, 2023",User,2023
3153,32,199,2,"Tuesday, November 7, 2023",User,2023
3438,32,88,2,"Thursday, January 26, 2023",User,2023
3519,32,55,2,"Tuesday, March 14, 2023",User,2023
3644,32,124,2,"Friday, January 20, 2023",User,2023
4062,32,58,2,"Tuesday, March 7, 2023",User,2023
4128,32,198,2,"Wednesday, November 22, 2023",User,2023
4288,32,97,2,"Wednesday, June 14, 2023",User,2023
4305,32,30,2,"Tuesday, October 3, 2023",User,2023
4359,32,95,2,"Monday, November 27, 2023",User,2023
4381,32,153,2,"Friday, February 24, 2023",User,2023
4418,32,22,2,"Friday, March 31, 2023",User,2023
5326,32,102,2,"Saturday, September 9, 2023",User,2023
6534,32,50,2,"Tuesday, August 29, 2023",User,2023
7025,32,166,2,"Tuesday, December 26, 2023",User,2023
7054,32,44,2,"Thursday, September 7, 2023",User,2023
7071,32,153,2,"Saturday, February 11, 2023",User,2023
7307,32,178,2,"Saturday, March 25, 2023",User,2023
7452,32,48,2,"Wednesday, February 1, 2023",User,2023
7576,32,61,2,"Saturday, March 4, 2023",User,2023
7867,32,9,2,"Wednesday, June 21, 2023",User,2023
8138,32,79,2,"Tuesday, February 14, 2023",User,2023
8324,32,164,2,"Sunday, March 26, 2023",User,2023
8408,32,191,2,"Monday, March 20, 2023",User,2023
8972,32,173,2,"Monday, August 28, 2023",User,2023
9261,32,22,2,"Wednesday, March 8, 2023",User,2023
9262,32,126,2,"Thursday, October 26, 2023",User,2023
9566,32,148,2,"Tuesday, September 26, 2023",User,2023
9813,32,92,2,"Friday, May 26, 2023",User,2023
96,32,22,2,"Friday, December 22, 2023",User,2023
366,32,163,2,"Friday, March 17, 2023",User,2023
599,32,115,2,"Monday, August 21, 2023",User,2023
764,32,163,2,"Friday, May 5, 2023",User,2023
972,32,145,2,"Wednesday, February 21, 2024",User,2024
1415,32,126,2,"Thursday, July 27, 2023",User,2023
1610,32,182,2,"Friday, June 2, 2023",User,2023
2068,32,61,2,"Tuesday, October 10, 2023",User,2023
2282,32,77,2,"Friday, December 15, 2023",User,2023
2646,32,32,2,"Tuesday, July 18, 2023",User,2023
2723,32,189,2,"Tuesday, December 26, 2023",User,2023
3016,32,178,2,"Wednesday, November 1, 2023",User,2023
3153,32,199,2,"Tuesday, November 7, 2023",User,2023
3438,32,88,2,"Thursday, January 26, 2023",User,2023
3519,32,55,2,"Tuesday, March 14, 2023",User,2023
3644,32,124,2,"Friday, January 20, 2023",User,2023
4062,32,58,2,"Tuesday, March 7, 2023",User,2023
4128,32,198,2,"Wednesday, November 22, 2023",User,2023
4288,32,97,2,"Wednesday, June 14, 2023",User,2023
4305,32,30,2,"Tuesday, October 3, 2023",User,2023
4359,32,95,2,"Monday, November 27, 2023",User,2023
4381,32,153,2,"Friday, February 24, 2023",User,2023
4418,32,22,2,"Friday, March 31, 2023",User,2023
305,32,191,2,"Tuesday, January 11, 2022",User,2022
569,32,120,2,"Sunday, July 23, 2023",User,2023
1290,32,40,2,"Sunday, July 13, 2025",User,2025
494,38,35,2,"Tuesday, January 17, 2023",User,2023
569,38,57,2,"Thursday, November 2, 2023",User,2023
585,38,192,2,"Sunday, March 19, 2023",User,2023
794,38,121,2,"Tuesday, August 29, 2023",User,2023
832,38,29,2,"Wednesday, December 27, 2023",User,2023
1514,38,109,2,"Sunday, July 16, 2023",User,2023
1943,38,110,2,"Tuesday, April 25, 2023",User,2023
2111,38,160,2,"Saturday, July 1, 2023",User,2023
2168,38,57,2,"Friday, August 25, 2023",User,2023
2331,38,133,2,"Friday, August 4, 2023",User,2023
2750,38,18,2,"Sunday, January 22, 2023",User,2023
3025,38,115,2,"Monday, October 30, 2023",User,2023
3034,38,128,2,"Monday, May 22, 2023",User,2023
3146,38,5,2,"Thursday, September 28, 2023",User,2023
3250,38,173,2,"Tuesday, February 14, 2023",User,2023
3871,38,12,2,"Saturday, December 23, 2023",User,2023
3893,38,166,2,"Sunday, September 10, 2023",User,2023
3916,38,59,2,"Wednesday, July 26, 2023",User,2023
4592,38,88,2,"Sunday, November 12, 2023",User,2023
4852,38,91,2,"Saturday, April 15, 2023",User,2023
4883,38,124,2,"Thursday, September 14, 2023",User,2023
5153,38,67,2,"Saturday, March 11, 2023",User,2023
5183,38,8,2,"Friday, July 14, 2023",User,2023
5659,38,112,2,"Thursday, December 21, 2023",User,2023
5755,38,111,2,"Saturday, May 27, 2023",User,2023
6074,38,162,2,"Wednesday, March 22, 2023",User,2023
6543,38,139,2,"Saturday, April 15, 2023",User,2023
6712,38,119,2,"Monday, June 12, 2023",User,2023
6928,38,197,2,"Thursday, September 7, 2023",User,2023
7103,38,101,2,"Wednesday, April 19, 2023",User,2023
7130,38,84,2,"Tuesday, April 4, 2023",User,2023
7332,38,144,2,"Monday, September 25, 2023",User,2023
7345,38,176,2,"Wednesday, April 26, 2023",User,2023
7357,38,171,2,"Thursday, September 7, 2023",User,2023
7897,38,1,2,"Sunday, June 25, 2023",User,2023
7981,38,97,2,"Thursday, January 26, 2023",User,2023
8222,38,64,2,"Saturday, March 25, 2023",User,2023
8237,38,20,2,"Friday, May 5, 2023",User,2023
8851,38,109,2,"Saturday, July 29, 2023",User,2023
9022,38,75,2,"Friday, August 4, 2023",User,2023
9103,38,137,2,"Friday, December 1, 2023",User,2023
9480,38,56,2,"Friday, April 7, 2023",User,2023
9528,38,112,2,"Thursday, January 5, 2023",User,2023
9753,38,92,2,"Monday, May 1, 2023",User,2023
494,38,35,2,"Wednesday, September 13, 2023",User,2023
569,38,57,2,"Saturday, October 7, 2023",User,2023
585,38,192,2,"Sunday, January 8, 2023",User,2023
794,38,121,2,"Friday, June 16, 2023",User,2023
832,38,29,2,"Friday, September 8, 2023",User,2023
1514,38,109,2,"Sunday, July 16, 2023",User,2023
1943,38,110,2,"Tuesday, April 25, 2023",User,2023
2111,38,160,2,"Saturday, July 1, 2023",User,2023
2168,38,57,2,"Friday, August 25, 2023",User,2023
2331,38,133,2,"Friday, August 4, 2023",User,2023
2750,38,18,2,"Sunday, January 22, 2023",User,2023
3025,38,115,2,"Monday, October 30, 2023",User,2023
3034,38,128,2,"Monday, May 22, 2023",User,2023
3146,38,5,2,"Thursday, September 28, 2023",User,2023
3250,38,173,2,"Tuesday, February 14, 2023",User,2023
3871,38,12,2,"Saturday, December 23, 2023",User,2023
3893,38,166,2,"Sunday, September 10, 2023",User,2023
3916,38,59,2,"Wednesday, July 26, 2023",User,2023
4592,38,88,2,"Sunday, November 12, 2023",User,2023
629,38,182,2,"Thursday, September 21, 2023",User,2023
723,38,172,2,"Sunday, December 24, 2023",User,2023
102,11,51,2,"Saturday, February 18, 2023",User,2023
357,11,28,2,"Friday, January 20, 2023",User,2023
811,11,115,2,"Thursday, March 16, 2023",User,2023
888,11,106,2,"Tuesday, October 10, 2023",User,2023
994,11,40,2,"Tuesday, January 24, 2023",User,2023
1248,11,16,2,"Monday, November 20, 2023",User,2023
1784,11,18,2,"Tuesday, October 3, 2023",User,2023
1867,11,94,2,"Monday, May 8, 2023",User,2023
1961,11,155,2,"Wednesday, October 4, 2023",User,2023
2376,11,198,2,"Sunday, January 1, 2023",User,2023
2617,11,136,2,"Monday, May 1, 2023",User,2023
3162,11,96,2,"Wednesday, February 8, 2023",User,2023
3216,11,13,2,"Monday, November 13, 2023",User,2023
3742,11,78,2,"Sunday, November 12, 2023",User,2023
3978,11,81,2,"Saturday, August 12, 2023",User,2023
4183,11,47,2,"Tuesday, February 14, 2023",User,2023
4223,11,42,2,"Tuesday, April 4, 2023",User,2023
4544,11,159,2,"Tuesday, July 4, 2023",User,2023
4636,11,36,2,"Tuesday, March 28, 2023",User,2023
5179,11,143,2,"Monday, March 27, 2023",User,2023
5189,11,163,2,"Friday, March 10, 2023",User,2023
5236,11,145,2,"Wednesday, January 25, 2023",User,2023
5469,11,195,2,"Monday, June 12, 2023",User,2023
5470,11,193,2,"Tuesday, March 14, 2023",User,2023
6006,11,137,2,"Friday, June 30, 2023",User,2023
6166,11,22,2,"Friday, October 13, 2023",User,2023
6174,11,21,2,"Tuesday, January 31, 2023",User,2023
6453,11,106,2,"Thursday, July 27, 2023",User,2023
6528,11,137,2,"Thursday, November 16, 2023",User,2023
6550,11,124,2,"Wednesday, February 8, 2023",User,2023
6597,11,132,2,"Monday, May 22, 2023",User,2023
6743,11,98,2,"Sunday, September 10, 2023",User,2023
7541,11,24,2,"Thursday, March 2, 2023",User,2023
7953,11,118,2,"Tuesday, June 13, 2023",User,2023
8063,11,130,2,"Sunday, April 16, 2023",User,2023
8268,11,183,2,"Thursday, February 9, 2023",User,2023
8645,11,148,2,"Thursday, May 25, 2023",User,2023
9474,11,109,2,"Tuesday, February 21, 2023",User,2023
9788,11,34,2,"Thursday, December 7, 2023",User,2023
9865,11,119,2,"Thursday, July 6, 2023",User,2023
9933,11,56,2,"Friday, September 15, 2023",User,2023
9957,11,171,2,"Thursday, May 25, 2023",User,2023
102,11,51,2,"Monday, January 1, 2024",User,2024
357,11,28,2,"Saturday, June 3, 2023",User,2023
811,11,115,2,"Tuesday, November 7, 2023",User,2023
888,11,106,2,"Thursday, October 26, 2023",User,2023
994,11,40,2,"Friday, March 22, 2024",User,2024
1248,11,16,2,"Monday, November 20, 2023",User,2023
1784,11,18,2,"Tuesday, October 3, 2023",User,2023
1867,11,94,2,"Monday, May 8, 2023",User,2023
1961,11,155,2,"Wednesday, October 4, 2023",User,2023
2376,11,198,2,"Sunday, January 1, 2023",User,2023
2617,11,136,2,"Monday, May 1, 2023",User,2023
3162,11,96,2,"Wednesday, February 8, 2023",User,2023
3216,11,13,2,"Monday, November 13, 2023",User,2023
3742,11,78,2,"Sunday, November 12, 2023",User,2023
3978,11,81,2,"Saturday, August 12, 2023",User,2023
4183,11,47,2,"Tuesday, February 14, 2023",User,2023
4223,11,42,2,"Tuesday, April 4, 2023",User,2023
4544,11,159,2,"Tuesday, July 4, 2023",User,2023
4636,11,36,2,"Tuesday, March 28, 2023",User,2023
237,11,166,2,"Thursday, August 25, 2022",User,2022
817,11,82,2,"Wednesday, March 27, 2024",User,2024
1067,11,180,2,"Monday, February 12, 2024",User,2024
1246,11,131,2,"Friday, May 30, 2025",User,2025
8,4,133,2,"Tuesday, February 21, 2023",User,2023
40,22,34,2,"Saturday, August 26, 2023",User,2023
106,36,22,2,"Friday, September 22, 2023",User,2023
114,33,156,2,"Monday, October 16, 2023",User,2023
180,28,119,2,"Monday, May 8, 2023",User,2023
187,5,174,2,"Wednesday, June 14, 2023",User,2023
218,30,155,2,"Friday, December 1, 2023",User,2023
268,33,131,2,"Wednesday, December 13, 2023",User,2023
269,33,72,2,"Wednesday, January 4, 2023",User,2023
300,7,45,2,"Sunday, November 12, 2023",User,2023
306,4,87,2,"Wednesday, February 22, 2023",User,2023
309,6,145,2,"Thursday, August 31, 2023",User,2023
340,33,188,2,"Monday, April 3, 2023",User,2023
345,36,90,2,"Friday, September 22, 2023",User,2023
346,36,23,2,"Monday, August 28, 2023",User,2023
372,4,53,2,"Wednesday, May 3, 2023",User,2023
379,22,92,2,"Friday, May 26, 2023",User,2023
384,7,23,2,"Thursday, April 27, 2023",User,2023
427,30,184,2,"Friday, July 14, 2023",User,2023
439,33,153,2,"Friday, March 10, 2023",User,2023
445,22,7,2,"Thursday, April 27, 2023",User,2023
464,4,10,2,"Tuesday, July 25, 2023",User,2023
481,8,19,2,"Sunday, December 31, 2023",User,2023
499,28,75,2,"Thursday, June 1, 2023",User,2023
519,40,70,2,"Saturday, March 11, 2023",User,2023
556,5,98,2,"Thursday, June 8, 2023",User,2023
566,22,13,2,"Friday, July 7, 2023",User,2023
567,7,45,2,"Saturday, April 22, 2023",User,2023
568,28,70,2,"Saturday, February 25, 2023",User,2023
582,28,77,2,"Friday, July 28, 2023",User,2023
601,40,66,2,"Friday, September 8, 2023",User,2023
617,36,1,2,"Saturday, June 10, 2023",User,2023
631,13,185,2,"Tuesday, January 10, 2023",User,2023
642,40,75,2,"Sunday, January 29, 2023",User,2023
644,5,147,2,"Thursday, February 9, 2023",User,2023
721,33,134,2,"Wednesday, September 13, 2023",User,2023
803,6,142,2,"Monday, May 15, 2023",User,2023
872,30,195,2,"Friday, September 22, 2023",User,2023
876,5,123,2,"Saturday, November 11, 2023",User,2023
879,22,183,2,"Sunday, May 14, 2023",User,2023
903,28,12,2,"Friday, March 10, 2023",User,2023
915,33,81,2,"Friday, February 10, 2023",User,2023
919,30,112,2,"Wednesday, June 28, 2023",User,2023
932,13,83,2,"Sunday, February 5, 2023",User,2023
942,7,197,2,"Monday, May 8, 2023",User,2023
943,6,200,2,"Sunday, February 5, 2023",User,2023
992,8,144,2,"Monday, June 12, 2023",User,2023
1003,5,82,2,"Friday, September 8, 2023",User,2023
1016,40,22,2,"Thursday, November 2, 2023",User,2023
1080,13,107,2,"Friday, October 6, 2023",User,2023
1099,7,2,2,"Saturday, June 17, 2023",User,2023
1148,6,4,2,"Saturday, July 15, 2023",User,2023
1186,7,152,2,"Saturday, December 16, 2023",User,2023
1204,4,156,2,"Thursday, September 21, 2023",User,2023
1237,5,190,2,"Thursday, April 13, 2023",User,2023
1257,22,139,2,"Wednesday, July 12, 2023",User,2023
1263,40,187,2,"Saturday, December 16, 2023",User,2023
1267,40,111,2,"Sunday, August 13, 2023",User,2023
1307,4,153,2,"Tuesday, October 24, 2023",User,2023
1308,6,137,2,"Sunday, December 24, 2023",User,2023
1309,13,64,2,"Sunday, July 16, 2023",User,2023
1356,8,37,2,"Thursday, August 10, 2023",User,2023
1395,8,29,2,"Friday, December 15, 2023",User,2023
1404,33,193,2,"Friday, August 18, 2023",User,2023
1425,22,172,2,"Saturday, June 17, 2023",User,2023
1441,4,163,2,"Friday, June 9, 2023",User,2023
1447,36,31,2,"Thursday, October 5, 2023",User,2023
1479,36,99,2,"Friday, August 18, 2023",User,2023
1483,8,79,2,"Monday, December 18, 2023",User,2023
1494,33,21,2,"Sunday, March 5, 2023",User,2023
1526,8,21,2,"Tuesday, April 11, 2023",User,2023
1535,8,137,2,"Friday, November 3, 2023",User,2023
1539,40,70,2,"Sunday, December 10, 2023",User,2023
1566,13,150,2,"Tuesday, July 18, 2023",User,2023
1589,22,174,2,"Sunday, April 30, 2023",User,2023
1594,22,144,2,"Friday, December 8, 2023",User,2023
1597,7,134,2,"Tuesday, June 6, 2023",User,2023
1639,40,71,2,"Thursday, February 23, 2023",User,2023
1640,33,17,2,"Tuesday, January 31, 2023",User,2023
1646,4,141,2,"Tuesday, May 30, 2023",User,2023
1662,6,177,2,"Tuesday, April 4, 2023",User,2023
1743,22,83,2,"Friday, June 2, 2023",User,2023
1797,6,134,2,"Sunday, April 30, 2023",User,2023
1802,22,28,2,"Tuesday, October 3, 2023",User,2023
1805,4,103,2,"Saturday, November 18, 2023",User,2023
1816,13,77,2,"Wednesday, October 18, 2023",User,2023
1852,6,46,2,"Friday, February 17, 2023",User,2023
1886,36,138,2,"Wednesday, November 15, 2023",User,2023
1970,13,136,2,"Thursday, April 6, 2023",User,2023
1972,7,175,2,"Friday, August 4, 2023",User,2023
1973,40,195,2,"Monday, January 30, 2023",User,2023
1977,7,140,2,"Wednesday, January 11, 2023",User,2023
1989,28,4,2,"Friday, January 6, 2023",User,2023
2116,33,114,2,"Thursday, February 16, 2023",User,2023
2149,7,187,2,"Tuesday, April 11, 2023",User,2023
2185,7,14,2,"Friday, March 3, 2023",User,2023
2234,4,8,2,"Saturday, April 22, 2023",User,2023
2303,6,6,2,"Saturday, July 1, 2023",User,2023
2314,40,77,2,"Wednesday, December 6, 2023",User,2023
2349,33,80,2,"Friday, May 5, 2023",User,2023
2367,6,182,2,"Tuesday, January 31, 2023",User,2023
2416,28,153,2,"Monday, September 11, 2023",User,2023
2428,6,15,2,"Sunday, January 8, 2023",User,2023
2442,33,126,2,"Thursday, August 17, 2023",User,2023
2447,5,76,2,"Thursday, March 9, 2023",User,2023
2465,22,54,2,"Sunday, April 16, 2023",User,2023
2472,28,187,2,"Sunday, January 22, 2023",User,2023
2508,36,59,2,"Friday, November 24, 2023",User,2023
2551,33,110,2,"Tuesday, November 7, 2023",User,2023
2554,28,156,2,"Wednesday, November 29, 2023",User,2023
2567,7,139,2,"Tuesday, May 23, 2023",User,2023
2570,30,92,2,"Sunday, August 13, 2023",User,2023
2636,33,120,2,"Wednesday, September 20, 2023",User,2023
2658,13,171,2,"Saturday, April 8, 2023",User,2023
2682,36,130,2,"Friday, April 21, 2023",User,2023
2733,6,118,2,"Monday, June 5, 2023",User,2023
2738,4,5,2,"Monday, January 30, 2023",User,2023
2752,13,18,2,"Saturday, February 4, 2023",User,2023
2835,30,187,2,"Saturday, May 27, 2023",User,2023
2846,6,12,2,"Sunday, January 15, 2023",User,2023
2870,22,133,2,"Wednesday, May 10, 2023",User,2023
2872,5,133,2,"Friday, February 24, 2023",User,2023
2885,40,82,2,"Wednesday, September 13, 2023",User,2023
2919,8,196,2,"Monday, August 21, 2023",User,2023
2951,4,168,2,"Tuesday, June 13, 2023",User,2023
3030,4,156,2,"Sunday, March 12, 2023",User,2023
3062,36,164,2,"Sunday, April 2, 2023",User,2023
3097,40,79,2,"Thursday, February 9, 2023",User,2023
3113,13,59,2,"Saturday, October 21, 2023",User,2023
3139,33,56,2,"Sunday, June 4, 2023",User,2023
3140,6,66,2,"Sunday, November 5, 2023",User,2023
3143,8,185,2,"Wednesday, May 24, 2023",User,2023
3163,6,38,2,"Saturday, July 15, 2023",User,2023
3183,7,114,2,"Sunday, June 18, 2023",User,2023
3201,33,156,2,"Friday, July 7, 2023",User,2023
3208,8,175,2,"Wednesday, July 26, 2023",User,2023
3215,4,159,2,"Wednesday, February 22, 2023",User,2023
3238,40,160,2,"Saturday, January 14, 2023",User,2023
3239,36,26,2,"Monday, August 7, 2023",User,2023
3342,4,12,2,"Monday, October 30, 2023",User,2023
3358,40,5,2,"Monday, March 13, 2023",User,2023
3383,36,187,2,"Sunday, October 15, 2023",User,2023
3417,28,113,2,"Sunday, June 4, 2023",User,2023
3443,8,142,2,"Friday, September 15, 2023",User,2023
3482,13,119,2,"Thursday, December 28, 2023",User,2023
3505,5,132,2,"Wednesday, September 20, 2023",User,2023
3523,36,78,2,"Sunday, December 31, 2023",User,2023
3536,7,2,2,"Wednesday, June 21, 2023",User,2023
3544,22,22,2,"Wednesday, July 19, 2023",User,2023
3552,6,195,2,"Friday, September 22, 2023",User,2023
3608,28,186,2,"Tuesday, September 12, 2023",User,2023
3620,13,31,2,"Friday, March 24, 2023",User,2023
3625,4,186,2,"Wednesday, December 20, 2023",User,2023
3630,4,119,2,"Thursday, May 11, 2023",User,2023
3631,22,90,2,"Tuesday, January 24, 2023",User,2023
3648,4,183,2,"Monday, February 27, 2023",User,2023
3656,36,198,2,"Sunday, May 14, 2023",User,2023
3665,22,116,2,"Wednesday, July 12, 2023",User,2023
3711,13,141,2,"Sunday, April 23, 2023",User,2023
3720,4,120,2,"Tuesday, August 15, 2023",User,2023
3726,6,159,2,"Thursday, August 17, 2023",User,2023
3750,7,68,2,"Tuesday, December 19, 2023",User,2023
3761,33,183,2,"Wednesday, June 28, 2023",User,2023
3772,7,169,2,"Sunday, August 6, 2023",User,2023
3775,8,116,2,"Friday, March 10, 2023",User,2023
3788,5,54,2,"Saturday, August 12, 2023",User,2023
3800,30,62,2,"Friday, August 25, 2023",User,2023
3862,22,189,2,"Monday, November 6, 2023",User,2023
3919,33,191,2,"Friday, November 3, 2023",User,2023
3938,33,25,2,"Sunday, April 23, 2023",User,2023
3943,40,66,2,"Saturday, November 18, 2023",User,2023
3968,13,17,2,"Thursday, May 4, 2023",User,2023
3971,6,163,2,"Monday, January 2, 2023",User,2023
3992,22,152,2,"Sunday, December 24, 2023",User,2023
3993,28,190,2,"Friday, January 20, 2023",User,2023
4009,28,159,2,"Tuesday, October 10, 2023",User,2023
4024,36,120,2,"Tuesday, December 26, 2023",User,2023
4051,28,75,2,"Saturday, January 28, 2023",User,2023
4108,40,133,2,"Thursday, February 9, 2023",User,2023
4131,30,112,2,"Monday, February 13, 2023",User,2023
4132,33,72,2,"Friday, October 13, 2023",User,2023
4145,13,160,2,"Sunday, August 13, 2023",User,2023
4166,36,190,2,"Saturday, May 20, 2023",User,2023
4191,13,75,2,"Thursday, April 27, 2023",User,2023
4205,8,185,2,"Thursday, November 30, 2023",User,2023
4227,5,170,2,"Sunday, January 1, 2023",User,2023
4244,36,68,2,"Saturday, May 13, 2023",User,2023
4260,28,136,2,"Sunday, December 10, 2023",User,2023
4282,6,176,2,"Wednesday, November 8, 2023",User,2023
4360,8,148,2,"Wednesday, September 13, 2023",User,2023
4373,5,93,2,"Friday, October 13, 2023",User,2023
4386,5,182,2,"Sunday, March 5, 2023",User,2023
4388,36,27,2,"Tuesday, March 7, 2023",User,2023
4394,8,4,2,"Sunday, December 24, 2023",User,2023
4412,8,35,2,"Tuesday, June 13, 2023",User,2023
4430,5,123,2,"Saturday, August 26, 2023",User,2023
4452,30,188,2,"Friday, August 25, 2023",User,2023
4453,5,195,2,"Monday, August 21, 2023",User,2023
4491,28,137,2,"Monday, May 29, 2023",User,2023
4501,36,21,2,"Wednesday, May 3, 2023",User,2023
4511,33,153,2,"Saturday, January 28, 2023",User,2023
4553,40,18,2,"Thursday, July 13, 2023",User,2023
4586,30,173,2,"Wednesday, July 5, 2023",User,2023
4612,40,122,2,"Saturday, November 25, 2023",User,2023
4650,30,106,2,"Wednesday, December 13, 2023",User,2023
4680,13,153,2,"Sunday, February 26, 2023",User,2023
4731,22,19,2,"Tuesday, May 23, 2023",User,2023
4737,13,192,2,"Saturday, August 26, 2023",User,2023
4777,33,194,2,"Wednesday, June 28, 2023",User,2023
4837,36,33,2,"Tuesday, November 21, 2023",User,2023
4851,6,129,2,"Thursday, September 21, 2023",User,2023
4907,7,131,2,"Saturday, January 21, 2023",User,2023
4916,4,18,2,"Tuesday, October 3, 2023",User,2023
4917,8,63,2,"Thursday, June 22, 2023",User,2023
4920,7,187,2,"Thursday, December 14, 2023",User,2023
4927,5,134,2,"Wednesday, November 22, 2023",User,2023
4959,5,82,2,"Friday, April 7, 2023",User,2023
4970,28,92,2,"Saturday, May 27, 2023",User,2023
4993,30,32,2,"Tuesday, October 10, 2023",User,2023
5005,30,158,2,"Friday, January 27, 2023",User,2023
5007,30,172,2,"Friday, November 3, 2023",User,2023
5062,30,144,2,"Tuesday, February 28, 2023",User,2023
5065,7,99,2,"Tuesday, July 18, 2023",User,2023
5069,8,136,2,"Saturday, August 5, 2023",User,2023
5093,22,127,2,"Wednesday, January 18, 2023",User,2023
5098,36,57,2,"Tuesday, June 20, 2023",User,2023
5105,4,131,2,"Thursday, January 26, 2023",User,2023
5157,36,129,2,"Tuesday, May 9, 2023",User,2023
5160,4,93,2,"Thursday, October 26, 2023",User,2023
5169,36,103,2,"Saturday, May 20, 2023",User,2023
5170,36,26,2,"Thursday, June 29, 2023",User,2023
5180,7,1,2,"Monday, November 20, 2023",User,2023
5230,4,79,2,"Thursday, October 26, 2023",User,2023
5235,5,130,2,"Sunday, January 1, 2023",User,2023
5239,13,142,2,"Monday, July 17, 2023",User,2023
5247,28,48,2,"Wednesday, May 24, 2023",User,2023
5303,4,41,2,"Thursday, March 9, 2023",User,2023
5323,40,87,2,"Thursday, April 13, 2023",User,2023
5345,36,89,2,"Tuesday, September 26, 2023",User,2023
5394,22,47,2,"Friday, October 27, 2023",User,2023
5409,13,195,2,"Monday, June 12, 2023",User,2023
5441,7,20,2,"Saturday, March 11, 2023",User,2023
5445,28,124,2,"Tuesday, June 27, 2023",User,2023
5477,33,63,2,"Sunday, October 15, 2023",User,2023
5511,22,19,2,"Saturday, May 6, 2023",User,2023
5552,7,62,2,"Tuesday, September 26, 2023",User,2023
5576,36,125,2,"Tuesday, July 18, 2023",User,2023
5604,13,88,2,"Wednesday, March 22, 2023",User,2023
5613,40,119,2,"Thursday, November 2, 2023",User,2023
5617,5,121,2,"Wednesday, November 22, 2023",User,2023
5639,5,190,2,"Tuesday, September 26, 2023",User,2023
5640,7,61,2,"Friday, June 16, 2023",User,2023
5650,7,159,2,"Sunday, February 26, 2023",User,2023
5653,30,86,2,"Wednesday, January 4, 2023",User,2023
5711,7,97,2,"Wednesday, December 6, 2023",User,2023
5714,22,74,2,"Monday, November 6, 2023",User,2023
5718,22,7,2,"Sunday, September 24, 2023",User,2023
5722,40,5,2,"Friday, January 13, 2023",User,2023
5728,30,139,2,"Sunday, January 15, 2023",User,2023
5751,6,38,2,"Thursday, October 19, 2023",User,2023
5798,7,143,2,"Sunday, February 19, 2023",User,2023
5840,36,89,2,"Tuesday, August 8, 2023",User,2023
5851,40,86,2,"Monday, September 18, 2023",User,2023
5879,40,152,2,"Sunday, September 24, 2023",User,2023
5898,33,162,2,"Friday, December 1, 2023",User,2023
5928,22,195,2,"Friday, June 2, 2023",User,2023
5949,40,162,2,"Friday, January 6, 2023",User,2023
5994,28,115,2,"Tuesday, January 3, 2023",User,2023
6010,30,87,2,"Sunday, July 9, 2023",User,2023
6012,4,149,2,"Friday, December 29, 2023",User,2023
6013,5,94,2,"Saturday, July 22, 2023",User,2023
6109,6,148,2,"Tuesday, July 25, 2023",User,2023
6155,8,35,2,"Friday, April 28, 2023",User,2023
6168,28,186,2,"Saturday, January 28, 2023",User,2023
6201,33,15,2,"Friday, March 3, 2023",User,2023
6207,4,151,2,"Monday, April 10, 2023",User,2023
6208,36,68,2,"Monday, January 16, 2023",User,2023
6253,4,176,2,"Thursday, December 28, 2023",User,2023
6258,4,60,2,"Tuesday, September 5, 2023",User,2023
6270,13,122,2,"Monday, February 20, 2023",User,2023
6313,6,125,2,"Friday, March 3, 2023",User,2023
6320,4,197,2,"Sunday, December 31, 2023",User,2023
6334,13,152,2,"Saturday, November 25, 2023",User,2023
6348,22,134,2,"Friday, April 14, 2023",User,2023
6355,28,6,2,"Friday, July 28, 2023",User,2023
6404,22,20,2,"Sunday, October 29, 2023",User,2023
6434,5,32,2,"Wednesday, October 11, 2023",User,2023
6480,40,3,2,"Wednesday, March 1, 2023",User,2023
6487,8,5,2,"Tuesday, March 21, 2023",User,2023
6495,4,9,2,"Monday, April 24, 2023",User,2023
6523,6,48,2,"Monday, May 15, 2023",User,2023
6559,28,59,2,"Monday, September 4, 2023",User,2023
6574,6,138,2,"Friday, June 9, 2023",User,2023
6610,30,185,2,"Tuesday, August 15, 2023",User,2023
6612,22,144,2,"Wednesday, June 7, 2023",User,2023
6646,8,160,2,"Monday, October 9, 2023",User,2023
6676,8,153,2,"Tuesday, September 5, 2023",User,2023
6718,36,141,2,"Friday, May 19, 2023",User,2023
6761,5,140,2,"Monday, January 2, 2023",User,2023
6806,8,104,2,"Tuesday, March 21, 2023",User,2023
6813,6,153,2,"Monday, May 15, 2023",User,2023
6833,30,160,2,"Tuesday, May 16, 2023",User,2023
6855,33,118,2,"Sunday, April 9, 2023",User,2023
6856,33,17,2,"Tuesday, May 9, 2023",User,2023
6863,40,121,2,"Sunday, January 22, 2023",User,2023
6887,36,20,2,"Friday, August 4, 2023",User,2023
6955,13,93,2,"Saturday, February 25, 2023",User,2023
6959,36,95,2,"Friday, December 22, 2023",User,2023
6968,8,64,2,"Saturday, September 9, 2023",User,2023
7007,28,183,2,"Saturday, July 15, 2023",User,2023
7022,22,98,2,"Thursday, June 22, 2023",User,2023
7028,30,76,2,"Wednesday, April 5, 2023",User,2023
7079,8,101,2,"Friday, July 28, 2023",User,2023
7109,8,8,2,"Saturday, March 25, 2023",User,2023
7146,4,173,2,"Tuesday, May 9, 2023",User,2023
7228,4,161,2,"Thursday, May 18, 2023",User,2023
7343,36,154,2,"Monday, April 24, 2023",User,2023
7398,30,28,2,"Monday, October 2, 2023",User,2023
7417,4,116,2,"Friday, October 6, 2023",User,2023
7428,8,109,2,"Sunday, October 8, 2023",User,2023
7435,40,68,2,"Wednesday, March 29, 2023",User,2023
7437,22,121,2,"Tuesday, April 18, 2023",User,2023
7440,30,185,2,"Saturday, June 3, 2023",User,2023
7482,28,103,2,"Monday, March 13, 2023",User,2023
7488,22,68,2,"Sunday, February 26, 2023",User,2023
7503,8,190,2,"Monday, September 11, 2023",User,2023
7518,6,82,2,"Monday, November 27, 2023",User,2023
7531,4,115,2,"Saturday, February 25, 2023",User,2023
7539,40,2,2,"Tuesday, June 20, 2023",User,2023
7556,7,62,2,"Friday, February 10, 2023",User,2023
7570,8,114,2,"Friday, July 7, 2023",User,2023
7581,13,70,2,"Wednesday, December 20, 2023",User,2023
7656,13,199,2,"Wednesday, March 29, 2023",User,2023
7662,8,110,2,"Friday, April 28, 2023",User,2023
7702,7,96,2,"Saturday, October 14, 2023",User,2023
7708,13,56,2,"Thursday, September 21, 2023",User,2023
7718,40,147,2,"Tuesday, December 26, 2023",User,2023
7721,4,34,2,"Sunday, January 1, 2023",User,2023
7731,22,152,2,"Thursday, November 23, 2023",User,2023
7747,7,93,2,"Friday, May 19, 2023",User,2023
7749,40,4,2,"Tuesday, April 11, 2023",User,2023
7753,30,115,2,"Sunday, February 19, 2023",User,2023
7771,40,138,2,"Sunday, November 19, 2023",User,2023
7778,36,20,2,"Wednesday, September 20, 2023",User,2023
7816,7,195,2,"Thursday, August 17, 2023",User,2023
7834,5,180,2,"Wednesday, June 21, 2023",User,2023
7847,13,116,2,"Monday, June 5, 2023",User,2023
7854,22,20,2,"Saturday, July 8, 2023",User,2023
7860,33,104,2,"Sunday, March 19, 2023",User,2023
7870,8,39,2,"Thursday, August 31, 2023",User,2023
7873,22,92,2,"Sunday, December 3, 2023",User,2023
7875,5,72,2,"Friday, January 20, 2023",User,2023
7890,30,1,2,"Tuesday, March 14, 2023",User,2023
7903,30,88,2,"Sunday, September 17, 2023",User,2023
7950,36,176,2,"Saturday, August 19, 2023",User,2023
7955,7,56,2,"Saturday, May 13, 2023",User,2023
7968,13,176,2,"Friday, March 31, 2023",User,2023
7974,33,91,2,"Wednesday, November 22, 2023",User,2023
7985,33,21,2,"Saturday, March 4, 2023",User,2023
8009,36,23,2,"Wednesday, May 31, 2023",User,2023
8075,5,122,2,"Friday, November 3, 2023",User,2023
8079,33,181,2,"Sunday, July 23, 2023",User,2023
8089,7,87,2,"Thursday, March 9, 2023",User,2023
8108,36,134,2,"Friday, January 20, 2023",User,2023
8191,40,23,2,"Saturday, June 3, 2023",User,2023
8213,5,136,2,"Thursday, July 20, 2023",User,2023
8223,7,53,2,"Friday, July 28, 2023",User,2023
8248,36,91,2,"Monday, December 25, 2023",User,2023
8259,4,81,2,"Tuesday, August 15, 2023",User,2023
8266,13,130,2,"Sunday, August 13, 2023",User,2023
8293,13,49,2,"Sunday, October 22, 2023",User,2023
8329,33,199,2,"Monday, January 2, 2023",User,2023
8335,13,143,2,"Thursday, May 4, 2023",User,2023
8355,7,93,2,"Saturday, November 4, 2023",User,2023
8360,6,196,2,"Monday, October 16, 2023",User,2023
8365,6,104,2,"Sunday, August 27, 2023",User,2023
8367,8,107,2,"Monday, June 19, 2023",User,2023
8388,28,13,2,"Monday, May 1, 2023",User,2023
8392,28,180,2,"Wednesday, August 2, 2023",User,2023
8403,4,76,2,"Friday, August 11, 2023",User,2023
8522,22,94,2,"Thursday, November 2, 2023",User,2023
8531,8,5,2,"Saturday, October 14, 2023",User,2023
8578,6,62,2,"Saturday, May 13, 2023",User,2023
8580,40,191,2,"Friday, April 14, 2023",User,2023
8596,30,53,2,"Monday, April 17, 2023",User,2023
8602,22,9,2,"Monday, January 30, 2023",User,2023
8605,36,181,2,"Sunday, October 1, 2023",User,2023
8608,7,153,2,"Friday, March 10, 2023",User,2023
8669,28,198,2,"Monday, May 8, 2023",User,2023
8675,40,12,2,"Friday, February 10, 2023",User,2023
8694,40,12,2,"Saturday, July 8, 2023",User,2023
8718,30,102,2,"Wednesday, April 5, 2023",User,2023
8722,22,67,2,"Sunday, June 18, 2023",User,2023
8774,40,186,2,"Saturday, August 12, 2023",User,2023
8815,33,149,2,"Saturday, June 10, 2023",User,2023
8829,30,41,2,"Monday, May 15, 2023",User,2023
8835,40,173,2,"Wednesday, January 11, 2023",User,2023
8867,22,9,2,"Monday, March 27, 2023",User,2023
8875,5,111,2,"Monday, July 31, 2023",User,2023
8885,40,20,2,"Sunday, June 11, 2023",User,2023
8913,22,182,2,"Thursday, August 3, 2023",User,2023
8949,33,78,2,"Thursday, January 5, 2023",User,2023
8954,30,127,2,"Thursday, April 20, 2023",User,2023
9012,30,55,2,"Wednesday, February 1, 2023",User,2023
9050,4,54,2,"Tuesday, February 7, 2023",User,2023
9063,7,67,2,"Sunday, September 3, 2023",User,2023
9211,4,48,2,"Tuesday, January 24, 2023",User,2023
9221,22,36,2,"Monday, May 15, 2023",User,2023
9273,40,134,2,"Sunday, December 10, 2023",User,2023
9296,28,26,2,"Monday, July 3, 2023",User,2023
9301,30,93,2,"Wednesday, March 8, 2023",User,2023
9321,30,47,2,"Sunday, November 12, 2023",User,2023
9329,13,74,2,"Monday, April 17, 2023",User,2023
9337,6,12,2,"Tuesday, July 18, 2023",User,2023
9387,40,30,2,"Saturday, February 25, 2023",User,2023
9395,13,9,2,"Wednesday, February 15, 2023",User,2023
9407,33,122,2,"Monday, October 9, 2023",User,2023
9428,30,56,2,"Wednesday, July 12, 2023",User,2023
9464,28,52,2,"Friday, November 10, 2023",User,2023
9503,33,189,2,"Thursday, December 21, 2023",User,2023
9509,22,16,2,"Friday, March 17, 2023",User,2023
9535,5,78,2,"Saturday, November 25, 2023",User,2023
9547,33,126,2,"Monday, May 29, 2023",User,2023
9559,7,20,2,"Saturday, December 9, 2023",User,2023
9568,5,98,2,"Tuesday, August 8, 2023",User,2023
9582,28,101,2,"Thursday, June 1, 2023",User,2023
9627,33,181,2,"Friday, July 7, 2023",User,2023
9639,22,23,2,"Tuesday, March 14, 2023",User,2023
9665,6,64,2,"Thursday, April 6, 2023",User,2023
9679,30,10,2,"Friday, June 9, 2023",User,2023
9699,36,23,2,"Tuesday, January 31, 2023",User,2023
9703,36,194,2,"Wednesday, October 25, 2023",User,2023
9722,36,85,2,"Friday, August 18, 2023",User,2023
9728,8,127,2,"Tuesday, November 7, 2023",User,2023
9743,40,116,2,"Sunday, October 22, 2023",User,2023
9811,22,35,2,"Thursday, March 23, 2023",User,2023
9834,40,122,2,"Wednesday, January 25, 2023",User,2023
9843,28,18,2,"Saturday, June 3, 2023",User,2023
9912,22,127,2,"Thursday, August 3, 2023",User,2023
9937,28,106,2,"Saturday, October 28, 2023",User,2023
9955,5,141,2,"Thursday, March 30, 2023",User,2023
9977,7,133,2,"Thursday, May 4, 2023",User,2023
9998,4,142,2,"Sunday, November 19, 2023",User,2023
106,36,22,2,"Wednesday, May 1, 2024",User,2024
114,33,156,2,"Wednesday, January 17, 2024",User,2024
180,28,119,2,"Wednesday, March 15, 2023",User,2023
187,5,174,2,"Friday, March 24, 2023",User,2023
218,30,155,2,"Saturday, August 5, 2023",User,2023
268,33,131,2,"Monday, July 17, 2023",User,2023
269,33,72,2,"Tuesday, July 18, 2023",User,2023
300,7,45,2,"Wednesday, August 30, 2023",User,2023
306,4,87,2,"Sunday, July 9, 2023",User,2023
309,6,145,2,"Saturday, December 9, 2023",User,2023
340,33,188,2,"Saturday, September 2, 2023",User,2023
345,36,59,2,"Thursday, February 16, 2023",User,2023
346,36,59,2,"Friday, February 17, 2023",User,2023
372,4,53,2,"Monday, March 27, 2023",User,2023
379,22,92,2,"Thursday, May 4, 2023",User,2023
384,7,23,2,"Monday, December 4, 2023",User,2023
427,30,184,2,"Wednesday, December 6, 2023",User,2023
439,33,153,2,"Wednesday, June 28, 2023",User,2023
445,22,7,2,"Wednesday, June 7, 2023",User,2023
464,4,10,2,"Wednesday, February 8, 2023",User,2023
481,8,19,2,"Friday, August 25, 2023",User,2023
499,28,75,2,"Wednesday, September 20, 2023",User,2023
519,40,70,2,"Thursday, January 5, 2023",User,2023
556,5,98,2,"Wednesday, June 21, 2023",User,2023
566,22,13,2,"Sunday, May 7, 2023",User,2023
567,7,45,2,"Wednesday, June 7, 2023",User,2023
568,28,70,2,"Friday, July 7, 2023",User,2023
582,28,77,2,"Thursday, July 27, 2023",User,2023
601,40,66,2,"Wednesday, August 23, 2023",User,2023
617,36,1,2,"Thursday, September 14, 2023",User,2023
631,13,185,2,"Monday, April 10, 2023",User,2023
642,40,75,2,"Thursday, October 19, 2023",User,2023
644,5,147,2,"Monday, October 23, 2023",User,2023
721,33,134,2,"Monday, July 3, 2023",User,2023
803,6,142,2,"Thursday, June 29, 2023",User,2023
872,30,195,2,"Monday, April 10, 2023",User,2023
876,5,123,2,"Tuesday, October 10, 2023",User,2023
879,22,183,2,"Friday, October 13, 2023",User,2023
903,28,12,2,"Thursday, November 16, 2023",User,2023
915,33,81,2,"Wednesday, April 12, 2023",User,2023
919,30,112,2,"Saturday, August 12, 2023",User,2023
932,13,83,2,"Wednesday, December 27, 2023",User,2023
942,7,197,2,"Tuesday, October 1, 2024",User,2024
943,6,200,2,"Friday, November 1, 2024",User,2024
992,8,144,2,"Wednesday, March 20, 2024",User,2024
1003,5,82,2,"Thursday, April 4, 2024",User,2024
1016,40,22,2,"Thursday, November 2, 2023",User,2023
1080,13,107,2,"Friday, October 6, 2023",User,2023
1099,7,2,2,"Saturday, June 17, 2023",User,2023
1148,6,4,2,"Saturday, July 15, 2023",User,2023
1186,7,152,2,"Saturday, December 16, 2023",User,2023
1204,4,156,2,"Thursday, September 21, 2023",User,2023
1237,5,190,2,"Thursday, April 13, 2023",User,2023
1257,22,139,2,"Wednesday, July 12, 2023",User,2023
1263,40,187,2,"Saturday, December 16, 2023",User,2023
1267,40,111,2,"Sunday, August 13, 2023",User,2023
1307,4,153,2,"Tuesday, October 24, 2023",User,2023
1308,6,137,2,"Sunday, December 24, 2023",User,2023
1309,13,64,2,"Sunday, July 16, 2023",User,2023
1356,8,37,2,"Thursday, August 10, 2023",User,2023
1395,8,29,2,"Friday, December 15, 2023",User,2023
1404,33,193,2,"Friday, August 18, 2023",User,2023
1425,22,172,2,"Saturday, June 17, 2023",User,2023
1441,4,163,2,"Friday, June 9, 2023",User,2023
1447,36,31,2,"Thursday, October 5, 2023",User,2023
1479,36,99,2,"Friday, August 18, 2023",User,2023
1483,8,79,2,"Monday, December 18, 2023",User,2023
1494,33,21,2,"Sunday, March 5, 2023",User,2023
1526,8,21,2,"Tuesday, April 11, 2023",User,2023
1535,8,137,2,"Friday, November 3, 2023",User,2023
1539,40,70,2,"Sunday, December 10, 2023",User,2023
1566,13,150,2,"Tuesday, July 18, 2023",User,2023
1589,22,174,2,"Sunday, April 30, 2023",User,2023
1594,22,144,2,"Friday, December 8, 2023",User,2023
1597,7,134,2,"Tuesday, June 6, 2023",User,2023
1639,40,71,2,"Thursday, February 23, 2023",User,2023
1640,33,17,2,"Tuesday, January 31, 2023",User,2023
1646,4,141,2,"Tuesday, May 30, 2023",User,2023
1662,6,177,2,"Tuesday, April 4, 2023",User,2023
1743,22,83,2,"Friday, June 2, 2023",User,2023
1797,6,134,2,"Sunday, April 30, 2023",User,2023
1802,22,28,2,"Tuesday, October 3, 2023",User,2023
1805,4,103,2,"Saturday, November 18, 2023",User,2023
1816,13,77,2,"Wednesday, October 18, 2023",User,2023
1852,6,46,2,"Friday, February 17, 2023",User,2023
1886,36,138,2,"Wednesday, November 15, 2023",User,2023
1970,13,136,2,"Thursday, April 6, 2023",User,2023
1972,7,175,2,"Friday, August 4, 2023",User,2023
1973,40,195,2,"Monday, January 30, 2023",User,2023
1977,7,140,2,"Wednesday, January 11, 2023",User,2023
1989,28,4,2,"Friday, January 6, 2023",User,2023
2116,33,114,2,"Thursday, February 16, 2023",User,2023
2149,7,187,2,"Tuesday, April 11, 2023",User,2023
2185,7,14,2,"Friday, March 3, 2023",User,2023
2234,4,8,2,"Saturday, April 22, 2023",User,2023
2303,6,6,2,"Saturday, July 1, 2023",User,2023
2314,40,77,2,"Wednesday, December 6, 2023",User,2023
2349,33,80,2,"Friday, May 5, 2023",User,2023
2367,6,182,2,"Tuesday, January 31, 2023",User,2023
2416,28,153,2,"Monday, September 11, 2023",User,2023
2428,6,15,2,"Sunday, January 8, 2023",User,2023
2442,33,126,2,"Thursday, August 17, 2023",User,2023
2447,5,76,2,"Thursday, March 9, 2023",User,2023
2465,22,54,2,"Sunday, April 16, 2023",User,2023
2472,28,187,2,"Sunday, January 22, 2023",User,2023
2508,36,59,2,"Friday, November 24, 2023",User,2023
2551,33,110,2,"Tuesday, November 7, 2023",User,2023
2554,28,156,2,"Wednesday, November 29, 2023",User,2023
2567,7,139,2,"Tuesday, May 23, 2023",User,2023
2570,30,92,2,"Sunday, August 13, 2023",User,2023
2636,33,120,2,"Wednesday, September 20, 2023",User,2023
2658,13,171,2,"Saturday, April 8, 2023",User,2023
2682,36,130,2,"Friday, April 21, 2023",User,2023
2733,6,118,2,"Monday, June 5, 2023",User,2023
2738,4,5,2,"Monday, January 30, 2023",User,2023
2752,13,18,2,"Saturday, February 4, 2023",User,2023
2835,30,187,2,"Saturday, May 27, 2023",User,2023
2846,6,12,2,"Sunday, January 15, 2023",User,2023
2870,22,133,2,"Wednesday, May 10, 2023",User,2023
2872,5,133,2,"Friday, February 24, 2023",User,2023
2885,40,82,2,"Wednesday, September 13, 2023",User,2023
2919,8,196,2,"Monday, August 21, 2023",User,2023
2951,4,168,2,"Tuesday, June 13, 2023",User,2023
3030,4,156,2,"Sunday, March 12, 2023",User,2023
3062,36,164,2,"Sunday, April 2, 2023",User,2023
3097,40,79,2,"Thursday, February 9, 2023",User,2023
3113,13,59,2,"Saturday, October 21, 2023",User,2023
3139,33,56,2,"Sunday, June 4, 2023",User,2023
3140,6,66,2,"Sunday, November 5, 2023",User,2023
3143,8,185,2,"Wednesday, May 24, 2023",User,2023
3163,6,38,2,"Saturday, July 15, 2023",User,2023
3183,7,114,2,"Sunday, June 18, 2023",User,2023
3201,33,156,2,"Friday, July 7, 2023",User,2023
3208,8,175,2,"Wednesday, July 26, 2023",User,2023
3215,4,159,2,"Wednesday, February 22, 2023",User,2023
3238,40,160,2,"Saturday, January 14, 2023",User,2023
3239,36,26,2,"Monday, August 7, 2023",User,2023
3342,4,12,2,"Monday, October 30, 2023",User,2023
3358,40,5,2,"Monday, March 13, 2023",User,2023
3383,36,187,2,"Sunday, October 15, 2023",User,2023
3417,28,113,2,"Sunday, June 4, 2023",User,2023
3443,8,142,2,"Friday, September 15, 2023",User,2023
3482,13,119,2,"Thursday, December 28, 2023",User,2023
3505,5,132,2,"Wednesday, September 20, 2023",User,2023
3523,36,78,2,"Sunday, December 31, 2023",User,2023
3536,7,2,2,"Wednesday, June 21, 2023",User,2023
3544,22,22,2,"Wednesday, July 19, 2023",User,2023
3552,6,195,2,"Friday, September 22, 2023",User,2023
3608,28,186,2,"Tuesday, September 12, 2023",User,2023
3620,13,31,2,"Friday, March 24, 2023",User,2023
3625,4,186,2,"Wednesday, December 20, 2023",User,2023
3630,4,119,2,"Thursday, May 11, 2023",User,2023
3631,22,90,2,"Tuesday, January 24, 2023",User,2023
3648,4,183,2,"Monday, February 27, 2023",User,2023
3656,36,198,2,"Sunday, May 14, 2023",User,2023
3665,22,116,2,"Wednesday, July 12, 2023",User,2023
3711,13,141,2,"Sunday, April 23, 2023",User,2023
3720,4,120,2,"Tuesday, August 15, 2023",User,2023
3726,6,159,2,"Thursday, August 17, 2023",User,2023
3750,7,68,2,"Tuesday, December 19, 2023",User,2023
3761,33,183,2,"Wednesday, June 28, 2023",User,2023
3772,7,169,2,"Sunday, August 6, 2023",User,2023
3775,8,116,2,"Friday, March 10, 2023",User,2023
3788,5,54,2,"Saturday, August 12, 2023",User,2023
3800,30,62,2,"Friday, August 25, 2023",User,2023
3862,22,189,2,"Monday, November 6, 2023",User,2023
3919,33,191,2,"Friday, November 3, 2023",User,2023
3938,33,25,2,"Sunday, April 23, 2023",User,2023
3943,40,66,2,"Saturday, November 18, 2023",User,2023
3968,13,17,2,"Thursday, May 4, 2023",User,2023
3971,6,163,2,"Monday, January 2, 2023",User,2023
3992,22,152,2,"Sunday, December 24, 2023",User,2023
3993,28,190,2,"Friday, January 20, 2023",User,2023
4009,28,159,2,"Tuesday, October 10, 2023",User,2023
4024,36,120,2,"Tuesday, December 26, 2023",User,2023
4051,28,75,2,"Saturday, January 28, 2023",User,2023
4108,40,133,2,"Thursday, February 9, 2023",User,2023
4131,30,112,2,"Monday, February 13, 2023",User,2023
4132,33,72,2,"Friday, October 13, 2023",User,2023
4145,13,160,2,"Sunday, August 13, 2023",User,2023
4166,36,190,2,"Saturday, May 20, 2023",User,2023
4191,13,75,2,"Thursday, April 27, 2023",User,2023
4205,8,185,2,"Thursday, November 30, 2023",User,2023
4227,5,170,2,"Sunday, January 1, 2023",User,2023
4244,36,68,2,"Saturday, May 13, 2023",User,2023
4260,28,136,2,"Sunday, December 10, 2023",User,2023
4282,6,176,2,"Wednesday, November 8, 2023",User,2023
4360,8,148,2,"Wednesday, September 13, 2023",User,2023
4373,5,93,2,"Friday, October 13, 2023",User,2023
4386,5,182,2,"Sunday, March 5, 2023",User,2023
4388,36,27,2,"Tuesday, March 7, 2023",User,2023
4394,8,4,2,"Sunday, December 24, 2023",User,2023
4412,8,35,2,"Tuesday, June 13, 2023",User,2023
4430,5,123,2,"Saturday, August 26, 2023",User,2023
4452,30,188,2,"Friday, August 25, 2023",User,2023
4453,5,195,2,"Monday, August 21, 2023",User,2023
4491,28,137,2,"Monday, May 29, 2023",User,2023
4501,36,21,2,"Wednesday, May 3, 2023",User,2023
4511,33,153,2,"Saturday, January 28, 2023",User,2023
4553,40,18,2,"Thursday, July 13, 2023",User,2023
4586,30,173,2,"Wednesday, July 5, 2023",User,2023
4612,40,122,2,"Saturday, November 25, 2023",User,2023
4650,30,106,2,"Wednesday, December 13, 2023",User,2023
4680,13,153,2,"Sunday, February 26, 2023",User,2023
4731,22,19,2,"Tuesday, May 23, 2023",User,2023
4737,13,192,2,"Saturday, August 26, 2023",User,2023
4777,33,194,2,"Wednesday, June 28, 2023",User,2023
43,13,84,2,"Friday, December 2, 2022",User,2022
345,22,108,2,"Saturday, November 12, 2022",User,2022
382,5,106,2,"Tuesday, January 17, 2023",User,2023
437,5,76,2,"Monday, March 13, 2023",User,2023
478,4,138,2,"Sunday, April 23, 2023",User,2023
488,13,140,2,"Sunday, March 5, 2023",User,2023
499,40,31,2,"Sunday, May 14, 2023",User,2023
522,36,142,2,"Tuesday, June 6, 2023",User,2023
580,4,176,2,"Wednesday, March 8, 2023",User,2023
673,28,121,2,"Tuesday, April 11, 2023",User,2023
684,4,91,2,"Wednesday, November 15, 2023",User,2023
700,8,169,2,"Thursday, January 12, 2023",User,2023
923,5,138,2,"Thursday, November 7, 2024",User,2024
944,13,15,2,"Monday, January 8, 2024",User,2024
1045,13,88,2,"Friday, October 11, 2024",User,2024
1146,36,70,2,"Wednesday, February 19, 2025",User,2025
1147,5,163,2,"Thursday, February 20, 2025",User,2025
1193,28,94,2,"Friday, July 4, 2025",User,2025
1211,6,106,2,"Friday, April 25, 2025",User,2025
1345,5,162,2,"Monday, June 9, 2025",User,2025
1355,40,38,2,"Tuesday, September 16, 2025",User,2025
1378,30,34,2,"Wednesday, September 10, 2025",User,2025
1396,28,163,2,"Monday, October 27, 2025",User,2025
40,22,40,2,"Wednesday, May 10, 2023",Seller,2023
43,18,40,2,"Tuesday, October 10, 2023",Seller,2023
24,14,177,5,"Monday, January 24, 2022",User,2022
30,29,26,5,"Sunday, January 30, 2022",User,2022
52,12,4,5,"Monday, February 21, 2022",User,2022
64,31,131,5,"Tuesday, May 3, 2022",User,2022
85,39,35,5,"Saturday, March 26, 2022",User,2022
91,22,169,5,"Tuesday, January 4, 2022",User,2022
115,22,119,5,"Monday, April 25, 2022",User,2022
120,35,147,5,"Saturday, April 30, 2022",User,2022
146,40,149,5,"Thursday, May 26, 2022",User,2022
150,27,177,5,"Monday, May 30, 2022",User,2022
169,19,10,5,"Saturday, June 18, 2022",User,2022
179,26,144,5,"Tuesday, June 28, 2022",User,2022
187,28,56,5,"Tuesday, June 7, 2022",User,2022
217,40,77,5,"Sunday, May 8, 2022",User,2022
227,2,35,5,"Monday, August 15, 2022",User,2022
249,26,186,5,"Thursday, June 9, 2022",User,2022
296,26,52,5,"Sunday, October 23, 2022",User,2022
352,15,39,5,"Sunday, December 18, 2022",User,2022
368,35,18,5,"Wednesday, March 1, 2023",User,2023
387,26,40,5,"Sunday, January 22, 2023",User,2023
391,32,50,5,"Thursday, January 26, 2023",User,2023
404,31,104,5,"Wednesday, August 2, 2023",User,2023
407,35,52,5,"Thursday, November 2, 2023",User,2023
410,14,100,5,"Tuesday, February 14, 2023",User,2023
419,2,1,5,"Thursday, February 23, 2023",User,2023
439,18,85,5,"Wednesday, March 15, 2023",User,2023
452,10,120,5,"Tuesday, March 28, 2023",User,2023
477,35,160,5,"Saturday, April 22, 2023",User,2023
496,12,153,5,"Sunday, November 5, 2023",User,2023
497,15,167,5,"Tuesday, December 5, 2023",User,2023
503,35,136,5,"Thursday, May 18, 2023",User,2023
516,22,11,5,"Wednesday, May 31, 2023",User,2023
577,28,161,5,"Monday, July 31, 2023",User,2023
596,8,164,5,"Saturday, August 19, 2023",User,2023
640,24,49,5,"Friday, February 10, 2023",User,2023
657,35,121,5,"Thursday, October 19, 2023",User,2023
667,6,150,5,"Sunday, October 29, 2023",User,2023
677,22,42,5,"Friday, August 11, 2023",User,2023
692,13,17,5,"Thursday, November 23, 2023",User,2023
712,38,49,5,"Wednesday, December 13, 2023",User,2023
713,17,48,5,"Thursday, December 14, 2023",User,2023
718,3,166,5,"Tuesday, December 19, 2023",User,2023
722,40,25,5,"Saturday, December 23, 2023",User,2023
734,10,185,5,"Monday, April 1, 2024",User,2024
759,32,129,5,"Monday, January 29, 2024",User,2024
782,14,104,5,"Wednesday, February 21, 2024",User,2024
809,34,200,5,"Tuesday, March 19, 2024",User,2024
822,25,44,5,"Thursday, January 4, 2024",User,2024
823,20,94,5,"Sunday, February 4, 2024",User,2024
826,28,72,5,"Saturday, May 4, 2024",User,2024
849,7,99,5,"Sunday, April 28, 2024",User,2024
865,10,99,5,"Tuesday, May 14, 2024",User,2024
871,17,67,5,"Monday, May 20, 2024",User,2024
879,38,25,5,"Tuesday, May 28, 2024",User,2024
881,14,149,5,"Thursday, May 30, 2024",User,2024
912,30,85,5,"Sunday, June 30, 2024",User,2024
948,31,8,5,"Wednesday, May 8, 2024",User,2024
973,6,156,5,"Friday, August 30, 2024",User,2024
977,33,42,5,"Saturday, March 9, 2024",User,2024
983,17,137,5,"Monday, September 9, 2024",User,2024
999,35,161,5,"Wednesday, September 25, 2024",User,2024
1023,35,196,5,"Saturday, October 19, 2024",User,2024
1028,31,8,5,"Thursday, October 24, 2024",User,2024
1029,9,164,5,"Friday, October 25, 2024",User,2024
1037,34,183,5,"Sunday, February 11, 2024",User,2024
1039,16,98,5,"Thursday, April 11, 2024",User,2024
1090,26,122,5,"Wednesday, December 25, 2024",User,2024
1094,15,155,5,"Sunday, December 29, 2024",User,2024
1100,5,183,5,"Tuesday, April 1, 2025",User,2025
1132,24,74,5,"Friday, May 2, 2025",User,2025
1133,16,110,5,"Monday, June 2, 2025",User,2025
1134,27,83,5,"Wednesday, July 2, 2025",User,2025
1135,7,129,5,"Saturday, August 2, 2025",User,2025
1180,32,161,5,"Tuesday, March 25, 2025",User,2025
1188,6,196,5,"Tuesday, February 4, 2025",User,2025
1190,15,58,5,"Friday, April 4, 2025",User,2025
1199,34,56,5,"Sunday, April 13, 2025",User,2025
1202,33,79,5,"Wednesday, April 16, 2025",User,2025
1239,8,130,5,"Friday, May 23, 2025",User,2025
1249,4,190,5,"Thursday, February 6, 2025",User,2025
1250,10,103,5,"Thursday, March 6, 2025",User,2025
1319,11,68,5,"Saturday, November 8, 2025",User,2025
1332,37,2,5,"Sunday, August 24, 2025",User,2025
1360,19,26,5,"Sunday, September 21, 2025",User,2025
1384,27,42,5,"Wednesday, October 15, 2025",User,2025
1394,31,134,5,"Saturday, October 25, 2025",User,2025
1413,40,9,5,"Thursday, November 13, 2025",User,2025
1428,39,191,5,"Friday, November 28, 2025",User,2025
1437,35,156,5,"Saturday, July 12, 2025",User,2025
1447,15,91,5,"Wednesday, December 17, 2025",User,2025
1449,12,6,5,"Friday, December 19, 2025",User,2025
1,35,72,6,"Saturday, January 1, 2022",User,2022
11,23,168,6,"Tuesday, November 1, 2022",User,2022
32,23,43,6,"Sunday, January 2, 2022",User,2022
41,34,188,6,"Sunday, October 2, 2022",User,2022
50,13,101,6,"Saturday, February 19, 2022",User,2022
55,19,90,6,"Thursday, February 24, 2022",User,2022
67,19,138,6,"Wednesday, August 3, 2022",User,2022
119,29,2,6,"Friday, April 29, 2022",User,2022
124,28,97,6,"Tuesday, April 5, 2022",User,2022
141,13,35,6,"Saturday, May 21, 2022",User,2022
161,7,48,6,"Thursday, October 6, 2022",User,2022
184,18,20,6,"Monday, March 7, 2022",User,2022
215,35,80,6,"Tuesday, March 8, 2022",User,2022
234,19,176,6,"Monday, August 22, 2022",User,2022
281,31,181,6,"Wednesday, August 10, 2022",User,2022
299,30,19,6,"Wednesday, October 26, 2022",User,2022
307,24,90,6,"Friday, March 11, 2022",User,2022
359,30,103,6,"Sunday, December 25, 2022",User,2022
362,4,198,6,"Wednesday, December 28, 2022",User,2022
393,40,11,6,"Saturday, January 28, 2023",User,2023
459,13,180,6,"Tuesday, April 4, 2023",User,2023
461,31,29,6,"Sunday, June 4, 2023",User,2023
466,7,24,6,"Saturday, November 4, 2023",User,2023
476,14,31,6,"Friday, April 21, 2023",User,2023
502,20,176,6,"Wednesday, May 17, 2023",User,2023
509,1,67,6,"Wednesday, May 24, 2023",User,2023
530,1,64,6,"Wednesday, June 14, 2023",User,2023
541,38,33,6,"Sunday, June 25, 2023",User,2023
543,34,60,6,"Tuesday, June 27, 2023",User,2023
551,8,67,6,"Sunday, May 7, 2023",User,2023
598,4,67,6,"Monday, August 21, 2023",User,2023
690,6,164,6,"Tuesday, November 21, 2023",User,2023
696,21,145,6,"Monday, November 27, 2023",User,2023
714,17,101,6,"Friday, December 15, 2023",User,2023
725,28,65,6,"Tuesday, December 26, 2023",User,2023
733,27,16,6,"Friday, March 1, 2024",User,2024
739,17,134,6,"Sunday, September 1, 2024",User,2024
771,4,181,6,"Wednesday, October 2, 2024",User,2024
775,32,130,6,"Wednesday, February 14, 2024",User,2024
814,40,100,6,"Sunday, March 24, 2024",User,2024
836,6,104,6,"Monday, April 15, 2024",User,2024
863,27,43,6,"Thursday, December 5, 2024",User,2024
886,3,174,6,"Saturday, April 6, 2024",User,2024
888,12,28,6,"Thursday, June 6, 2024",User,2024
893,37,64,6,"Wednesday, November 6, 2024",User,2024
896,7,107,6,"Friday, June 14, 2024",User,2024
902,22,184,6,"Thursday, June 20, 2024",User,2024
908,39,142,6,"Wednesday, June 26, 2024",User,2024
937,33,164,6,"Thursday, July 25, 2024",User,2024
984,24,19,6,"Wednesday, October 9, 2024",User,2024
993,8,135,6,"Thursday, September 19, 2024",User,2024
1021,26,9,6,"Thursday, October 17, 2024",User,2024
1038,20,168,6,"Monday, March 11, 2024",User,2024
1059,22,40,6,"Sunday, November 24, 2024",User,2024
1061,5,153,6,"Tuesday, November 26, 2024",User,2024
1084,20,141,6,"Thursday, December 19, 2024",User,2024
1091,9,1,6,"Thursday, December 26, 2024",User,2024
1102,6,71,6,"Sunday, June 1, 2025",User,2025
1109,5,1,6,"Monday, January 13, 2025",User,2025
1114,6,192,6,"Saturday, January 18, 2025",User,2025
1115,39,32,6,"Sunday, January 19, 2025",User,2025
1120,3,99,6,"Friday, January 24, 2025",User,2025
1144,14,163,6,"Monday, February 17, 2025",User,2025
1173,18,95,6,"Tuesday, March 18, 2025",User,2025
1207,10,144,6,"Monday, April 21, 2025",User,2025
1218,40,184,6,"Wednesday, February 5, 2025",User,2025
1221,11,129,6,"Monday, May 5, 2025",User,2025
1238,16,90,6,"Thursday, May 22, 2025",User,2025
1248,29,31,6,"Monday, January 6, 2025",User,2025
1261,26,172,6,"Saturday, June 14, 2025",User,2025
1263,39,42,6,"Monday, June 16, 2025",User,2025
1288,27,78,6,"Friday, November 7, 2025",User,2025
1311,4,138,6,"Saturday, March 8, 2025",User,2025
1312,4,37,6,"Tuesday, April 8, 2025",User,2025
1316,38,163,6,"Friday, August 8, 2025",User,2025
1321,27,134,6,"Wednesday, August 13, 2025",User,2025
1322,23,196,6,"Thursday, August 14, 2025",User,2025
1373,33,179,6,"Thursday, April 10, 2025",User,2025
1374,26,11,6,"Saturday, May 10, 2025",User,2025
1385,5,145,6,"Thursday, October 16, 2025",User,2025
1388,32,51,6,"Sunday, October 19, 2025",User,2025
1398,23,45,6,"Wednesday, October 29, 2025",User,2025
1464,1,41,6,"Sunday, March 1, 2026",User,2026
1474,21,168,6,"Tuesday, January 13, 2026",User,2026
1480,34,78,6,"Monday, January 19, 2026",User,2026
2,3,186,9,"Tuesday, February 1, 2022",User,2022
9,11,188,9,"Thursday, September 1, 2022",User,2022
16,10,92,9,"Sunday, January 16, 2022",User,2022
65,37,56,9,"Friday, June 3, 2022",User,2022
90,40,152,9,"Thursday, March 31, 2022",User,2022
111,3,189,9,"Thursday, April 21, 2022",User,2022
138,39,164,9,"Wednesday, May 18, 2022",User,2022
148,3,19,9,"Saturday, May 28, 2022",User,2022
180,6,169,9,"Wednesday, June 29, 2022",User,2022
181,31,29,9,"Thursday, June 30, 2022",User,2022
197,27,167,9,"Saturday, July 16, 2022",User,2022
198,23,138,9,"Sunday, July 17, 2022",User,2022
200,12,48,9,"Tuesday, July 19, 2022",User,2022
226,5,175,9,"Sunday, August 14, 2022",User,2022
274,21,77,9,"Monday, January 10, 2022",User,2022
287,5,86,9,"Friday, October 14, 2022",User,2022
295,4,171,9,"Saturday, October 22, 2022",User,2022
315,31,117,9,"Friday, November 11, 2022",User,2022
326,25,93,9,"Tuesday, November 22, 2022",User,2022
350,34,150,9,"Friday, December 16, 2022",User,2022
358,13,182,9,"Saturday, December 24, 2022",User,2022
367,10,82,9,"Wednesday, February 1, 2023",User,2023
370,27,185,9,"Monday, May 1, 2023",User,2023
385,39,190,9,"Friday, January 20, 2023",User,2023
389,40,136,9,"Tuesday, January 24, 2023",User,2023
412,26,16,9,"Thursday, February 16, 2023",User,2023
436,30,165,9,"Sunday, December 3, 2023",User,2023
460,36,129,9,"Thursday, May 4, 2023",User,2023
523,7,13,9,"Thursday, July 6, 2023",User,2023
533,15,181,9,"Saturday, June 17, 2023",User,2023
566,35,182,9,"Thursday, July 20, 2023",User,2023
574,30,155,9,"Friday, July 28, 2023",User,2023
593,21,73,9,"Wednesday, August 16, 2023",User,2023
626,16,3,9,"Monday, September 18, 2023",User,2023
631,38,131,9,"Saturday, September 23, 2023",User,2023
636,1,65,9,"Thursday, September 28, 2023",User,2023
668,31,10,9,"Monday, October 30, 2023",User,2023
676,18,48,9,"Tuesday, July 11, 2023",User,2023
682,20,168,9,"Monday, November 13, 2023",User,2023
683,38,13,9,"Tuesday, November 14, 2023",User,2023
693,17,39,9,"Friday, November 24, 2023",User,2023
715,31,149,9,"Saturday, December 16, 2023",User,2023
720,37,45,9,"Thursday, December 21, 2023",User,2023
728,30,141,9,"Friday, December 29, 2023",User,2023
752,25,59,9,"Monday, January 22, 2024",User,2024
776,18,5,9,"Thursday, February 15, 2024",User,2024
867,21,19,9,"Thursday, May 16, 2024",User,2024
903,24,1,9,"Friday, June 21, 2024",User,2024
914,23,71,9,"Wednesday, February 7, 2024",User,2024
947,30,156,9,"Monday, April 8, 2024",User,2024
952,20,81,9,"Sunday, September 8, 2024",User,2024
980,35,69,9,"Sunday, June 9, 2024",User,2024
985,17,55,9,"Saturday, November 9, 2024",User,2024
996,7,107,9,"Sunday, September 22, 2024",User,2024
1003,21,167,9,"Sunday, September 29, 2024",User,2024
1020,15,49,9,"Wednesday, October 16, 2024",User,2024
1053,27,94,9,"Monday, November 18, 2024",User,2024
1074,24,16,9,"Thursday, September 12, 2024",User,2024
1099,3,60,9,"Saturday, March 1, 2025",User,2025
1107,9,20,9,"Saturday, November 1, 2025",User,2025
1124,10,130,9,"Tuesday, January 28, 2025",User,2025
1167,16,127,9,"Wednesday, December 3, 2025",User,2025
1186,5,165,9,"Monday, March 31, 2025",User,2025
1192,39,46,9,"Wednesday, June 4, 2025",User,2025
1201,14,162,9,"Tuesday, April 15, 2025",User,2025
1240,21,90,9,"Saturday, May 24, 2025",User,2025
1244,10,1,9,"Wednesday, May 28, 2025",User,2025
1247,2,141,9,"Saturday, May 31, 2025",User,2025
1253,13,21,9,"Friday, June 6, 2025",User,2025
1264,33,175,9,"Tuesday, June 17, 2025",User,2025
1271,27,97,9,"Tuesday, June 24, 2025",User,2025
1273,36,177,9,"Thursday, June 26, 2025",User,2025
1305,1,170,9,"Monday, July 28, 2025",User,2025
1323,13,142,9,"Friday, August 15, 2025",User,2025
1354,31,51,9,"Monday, September 15, 2025",User,2025
1356,4,66,9,"Wednesday, September 17, 2025",User,2025
1401,15,28,9,"Saturday, January 11, 2025",User,2025
1426,24,78,9,"Wednesday, November 26, 2025",User,2025
1430,26,139,9,"Sunday, November 30, 2025",User,2025
1453,32,43,9,"Tuesday, December 23, 2025",User,2025
1459,21,161,9,"Monday, December 29, 2025",User,2025
1472,26,65,9,"Sunday, November 1, 2026",User,2026
1485,30,180,9,"Saturday, January 24, 2026",User,2026
36,32,192,7,"Monday, May 2, 2022",User,2022
73,8,196,7,"Monday, March 14, 2022",User,2022
82,8,199,7,"Wednesday, March 23, 2022",User,2022
87,28,199,7,"Monday, March 28, 2022",User,2022
130,17,131,7,"Wednesday, October 5, 2022",User,2022
137,33,167,7,"Tuesday, May 17, 2022",User,2022
145,11,140,7,"Wednesday, May 25, 2022",User,2022
154,19,109,7,"Sunday, March 6, 2022",User,2022
178,33,137,7,"Monday, June 27, 2022",User,2022
204,9,52,7,"Saturday, July 23, 2022",User,2022
245,11,5,7,"Wednesday, February 9, 2022",User,2022
285,40,87,7,"Saturday, December 10, 2022",User,2022
294,26,41,7,"Friday, October 21, 2022",User,2022
304,40,62,7,"Monday, October 31, 2022",User,2022
306,16,107,7,"Friday, February 11, 2022",User,2022
320,19,100,7,"Wednesday, November 16, 2022",User,2022
327,23,139,7,"Wednesday, November 23, 2022",User,2022
357,2,150,7,"Friday, December 23, 2022",User,2022
374,26,141,7,"Friday, September 1, 2023",User,2023
402,39,154,7,"Friday, June 2, 2023",User,2023
406,28,38,7,"Monday, October 2, 2023",User,2023
444,5,178,7,"Monday, March 20, 2023",User,2023
447,26,190,7,"Thursday, March 23, 2023",User,2023
490,19,92,7,"Friday, May 5, 2023",User,2023
491,8,130,7,"Monday, June 5, 2023",User,2023
495,38,181,7,"Thursday, October 5, 2023",User,2023
521,7,132,7,"Saturday, May 6, 2023",User,2023
611,33,7,7,"Thursday, March 9, 2023",User,2023
613,3,143,7,"Tuesday, May 9, 2023",User,2023
620,12,92,7,"Saturday, December 9, 2023",User,2023
638,36,99,7,"Saturday, September 30, 2023",User,2023
639,34,147,7,"Tuesday, January 10, 2023",User,2023
666,18,88,7,"Saturday, October 28, 2023",User,2023
709,19,175,7,"Thursday, October 12, 2023",User,2023
770,33,48,7,"Monday, September 2, 2024",User,2024
773,2,49,7,"Monday, December 2, 2024",User,2024
774,10,132,7,"Tuesday, February 13, 2024",User,2024
781,24,192,7,"Tuesday, February 20, 2024",User,2024
783,5,160,7,"Thursday, February 22, 2024",User,2024
805,1,82,7,"Friday, March 15, 2024",User,2024
810,3,191,7,"Wednesday, March 20, 2024",User,2024
828,35,148,7,"Thursday, July 4, 2024",User,2024
846,10,198,7,"Thursday, April 25, 2024",User,2024
858,14,110,7,"Friday, July 5, 2024",User,2024
862,16,82,7,"Tuesday, November 5, 2024",User,2024
905,38,150,7,"Sunday, June 23, 2024",User,2024
922,24,161,7,"Monday, October 7, 2024",User,2024
931,7,164,7,"Friday, July 19, 2024",User,2024
979,37,147,7,"Thursday, May 9, 2024",User,2024
987,19,34,7,"Friday, September 13, 2024",User,2024
1011,31,190,7,"Wednesday, July 10, 2024",User,2024
1066,30,32,7,"Friday, January 12, 2024",User,2024
1073,32,133,7,"Monday, August 12, 2024",User,2024
1112,10,133,7,"Thursday, January 16, 2025",User,2025
1127,37,4,7,"Friday, January 31, 2025",User,2025
1139,40,175,7,"Tuesday, December 2, 2025",User,2025
1171,35,55,7,"Sunday, March 16, 2025",User,2025
1178,15,119,7,"Sunday, March 23, 2025",User,2025
1209,10,2,7,"Wednesday, April 23, 2025",User,2025
1229,1,109,7,"Tuesday, May 13, 2025",User,2025
1235,11,96,7,"Monday, May 19, 2025",User,2025
1276,13,53,7,"Sunday, June 29, 2025",User,2025
1277,26,51,7,"Monday, June 30, 2025",User,2025
1284,13,78,7,"Monday, July 7, 2025",User,2025
1285,11,103,7,"Thursday, August 7, 2025",User,2025
1287,6,182,7,"Tuesday, October 7, 2025",User,2025
1294,32,139,7,"Thursday, July 17, 2025",User,2025
1304,6,172,7,"Sunday, July 27, 2025",User,2025
1306,1,36,7,"Tuesday, July 29, 2025",User,2025
1348,17,28,7,"Tuesday, September 9, 2025",User,2025
1387,11,187,7,"Saturday, October 18, 2025",User,2025
1406,18,94,7,"Wednesday, June 11, 2025",User,2025
1417,35,143,7,"Monday, November 17, 2025",User,2025
1439,32,65,7,"Friday, September 12, 2025",User,2025
1454,37,11,7,"Wednesday, December 24, 2025",User,2025
1466,25,103,7,"Friday, May 1, 2026",User,2026
33,29,130,52,"Tuesday, September 26, 2023",User,2023
68,15,29,88,"Tuesday, November 14, 2023",User,2023
69,6,29,33,"Wednesday, November 15, 2023",User,2023
14,6,104,8,"Friday, January 14, 2022",User,2022
37,19,160,8,"Thursday, June 2, 2022",User,2022
53,16,88,8,"Tuesday, February 22, 2022",User,2022
70,19,20,8,"Thursday, November 3, 2022",User,2022
76,4,125,8,"Thursday, March 17, 2022",User,2022
77,20,106,8,"Friday, March 18, 2022",User,2022
89,25,119,8,"Wednesday, March 30, 2022",User,2022
127,13,180,8,"Tuesday, July 5, 2022",User,2022
144,33,43,8,"Tuesday, May 24, 2022",User,2022
162,5,152,8,"Sunday, November 6, 2022",User,2022
177,26,99,8,"Sunday, June 26, 2022",User,2022
201,13,62,8,"Wednesday, July 20, 2022",User,2022
266,35,93,8,"Friday, September 23, 2022",User,2022
300,4,135,8,"Thursday, October 27, 2022",User,2022
309,3,39,8,"Wednesday, May 11, 2022",User,2022
354,28,145,8,"Tuesday, December 20, 2022",User,2022
415,23,190,8,"Sunday, February 19, 2023",User,2023
422,31,198,8,"Sunday, February 26, 2023",User,2023
464,28,162,8,"Monday, September 4, 2023",User,2023
513,29,11,8,"Sunday, May 28, 2023",User,2023
547,20,37,8,"Saturday, January 7, 2023",User,2023
597,28,79,8,"Sunday, August 20, 2023",User,2023
600,26,40,8,"Wednesday, August 23, 2023",User,2023
621,19,124,8,"Wednesday, September 13, 2023",User,2023
623,10,183,8,"Friday, September 15, 2023",User,2023
624,35,109,8,"Saturday, September 16, 2023",User,2023
628,13,168,8,"Wednesday, September 20, 2023",User,2023
642,40,117,8,"Monday, April 10, 2023",User,2023
678,3,13,8,"Monday, September 11, 2023",User,2023
719,28,52,8,"Wednesday, December 20, 2023",User,2023
744,22,172,8,"Sunday, January 14, 2024",User,2024
754,30,111,8,"Wednesday, January 24, 2024",User,2024
787,33,84,8,"Monday, February 26, 2024",User,2024
791,18,77,8,"Wednesday, January 3, 2024",User,2024
799,28,8,8,"Tuesday, September 3, 2024",User,2024
842,1,36,8,"Sunday, April 21, 2024",User,2024
891,34,152,8,"Friday, September 6, 2024",User,2024
897,33,149,8,"Saturday, June 15, 2024",User,2024
907,17,16,8,"Tuesday, June 25, 2024",User,2024
911,27,74,8,"Saturday, June 29, 2024",User,2024
928,13,18,8,"Tuesday, July 16, 2024",User,2024
989,38,22,8,"Sunday, September 15, 2024",User,2024
1007,33,17,8,"Sunday, March 10, 2024",User,2024
1009,13,188,8,"Friday, May 10, 2024",User,2024
1031,16,22,8,"Sunday, October 27, 2024",User,2024
1044,39,58,8,"Wednesday, September 11, 2024",User,2024
1046,29,145,8,"Monday, November 11, 2024",User,2024
1048,9,22,8,"Wednesday, November 13, 2024",User,2024
1051,31,52,8,"Saturday, November 16, 2024",User,2024
1052,9,1,8,"Sunday, November 17, 2024",User,2024
1057,3,144,8,"Friday, November 22, 2024",User,2024
1071,37,58,8,"Wednesday, June 12, 2024",User,2024
1088,3,10,8,"Monday, December 23, 2024",User,2024
1089,3,20,8,"Tuesday, December 24, 2024",User,2024
1108,33,66,8,"Monday, December 1, 2025",User,2025
1123,26,23,8,"Monday, January 27, 2025",User,2025
1128,35,2,8,"Thursday, January 2, 2025",User,2025
1227,31,128,8,"Wednesday, November 5, 2025",User,2025
1310,31,106,8,"Saturday, February 8, 2025",User,2025
1340,16,94,8,"Thursday, January 9, 2025",User,2025
1408,6,57,8,"Monday, August 11, 2025",User,2025
1475,21,98,8,"Wednesday, January 14, 2026",User,2026
1481,7,128,8,"Tuesday, January 20, 2026",User,2026
697,21,98,82,"Friday, July 28, 2023",Seller,2023
773,21,18,55,"Thursday, October 5, 2023",Seller,2023
1078,21,123,90,"Sunday, April 2, 2023",Seller,2023
1822,21,79,72,"Saturday, August 12, 2023",Seller,2023
1995,21,93,99,"Sunday, August 13, 2023",Seller,2023
2045,21,158,62,"Sunday, October 1, 2023",Seller,2023
2098,21,103,81,"Wednesday, March 8, 2023",Seller,2023
2350,21,28,92,"Thursday, May 25, 2023",Seller,2023
2424,21,43,41,"Friday, January 6, 2023",Seller,2023
2902,21,132,79,"Wednesday, April 5, 2023",Seller,2023
3305,21,18,92,"Wednesday, July 12, 2023",Seller,2023
3400,21,32,9,"Wednesday, July 12, 2023",Seller,2023
3681,21,122,48,"Friday, May 19, 2023",Seller,2023
3686,21,138,88,"Saturday, August 12, 2023",Seller,2023
3739,21,125,76,"Saturday, March 18, 2023",Seller,2023
3872,21,82,12,"Tuesday, April 18, 2023",Seller,2023
4375,21,22,76,"Monday, September 11, 2023",Seller,2023
4874,21,148,43,"Thursday, December 7, 2023",Seller,2023
4965,21,40,51,"Friday, March 31, 2023",Seller,2023
4984,21,23,99,"Friday, April 14, 2023",Seller,2023
5145,21,73,8,"Friday, October 6, 2023",Seller,2023
5446,21,187,90,"Friday, December 29, 2023",Seller,2023
5496,21,200,17,"Thursday, September 21, 2023",Seller,2023
5615,21,48,78,"Thursday, April 6, 2023",Seller,2023
5977,21,133,45,"Monday, July 17, 2023",Seller,2023
5998,21,182,74,"Wednesday, December 27, 2023",Seller,2023
6535,21,93,67,"Wednesday, November 8, 2023",Seller,2023
6593,21,49,66,"Wednesday, August 16, 2023",Seller,2023
7117,21,115,52,"Thursday, January 26, 2023",Seller,2023
7317,21,12,84,"Friday, September 22, 2023",Seller,2023
7326,21,192,97,"Saturday, May 6, 2023",Seller,2023
7354,21,132,64,"Monday, April 10, 2023",Seller,2023
7401,21,132,52,"Thursday, March 9, 2023",Seller,2023
7857,21,136,76,"Wednesday, August 16, 2023",Seller,2023
8065,21,159,66,"Monday, April 10, 2023",Seller,2023
8146,21,44,82,"Wednesday, December 6, 2023",Seller,2023
8496,21,13,21,"Friday, September 1, 2023",Seller,2023
8562,21,156,91,"Thursday, July 6, 2023",Seller,2023
8729,21,33,41,"Wednesday, July 19, 2023",Seller,2023
8750,21,172,48,"Sunday, August 13, 2023",Seller,2023
8894,21,104,89,"Wednesday, March 1, 2023",Seller,2023
8916,21,170,8,"Friday, September 1, 2023",Seller,2023
9165,21,5,38,"Saturday, December 16, 2023",Seller,2023
697,21,98,82,"Monday, January 2, 2023",Seller,2023
773,21,18,55,"Thursday, May 18, 2023",Seller,2023
1078,21,123,90,"Sunday, April 2, 2023",Seller,2023
1822,21,79,72,"Saturday, August 12, 2023",Seller,2023
1995,21,93,99,"Sunday, August 13, 2023",Seller,2023
2045,21,158,62,"Sunday, October 1, 2023",Seller,2023
2098,21,103,81,"Wednesday, March 8, 2023",Seller,2023
2350,21,28,92,"Thursday, May 25, 2023",Seller,2023
2424,21,43,41,"Friday, January 6, 2023",Seller,2023
2902,21,132,79,"Wednesday, April 5, 2023",Seller,2023
3305,21,18,92,"Wednesday, July 12, 2023",Seller,2023
3400,21,32,9,"Wednesday, July 12, 2023",Seller,2023
3681,21,122,48,"Friday, May 19, 2023",Seller,2023
3686,21,138,88,"Saturday, August 12, 2023",Seller,2023
3739,21,125,76,"Saturday, March 18, 2023",Seller,2023
3872,21,82,12,"Tuesday, April 18, 2023",Seller,2023
4375,21,22,76,"Monday, September 11, 2023",Seller,2023
25,21,129,18,"Tuesday, January 25, 2022",Seller,2022
210,21,75,95,"Friday, July 29, 2022",Seller,2022
322,21,24,39,"Friday, November 18, 2022",Seller,2022
449,21,116,52,"Saturday, March 25, 2023",Seller,2023
468,21,5,49,"Thursday, April 13, 2023",Seller,2023
531,21,66,31,"Thursday, June 15, 2023",Seller,2023
587,21,84,38,"Sunday, October 8, 2023",Seller,2023
738,21,26,45,"Thursday, August 1, 2024",Seller,2024
804,21,128,48,"Thursday, March 14, 2024",Seller,2024
1035,21,180,33,"Thursday, October 31, 2024",Seller,2024
1103,21,81,97,"Tuesday, July 1, 2025",Seller,2025
1181,21,123,34,"Wednesday, March 26, 2025",Seller,2025
1292,21,112,49,"Tuesday, July 15, 2025",Seller,2025
1400,21,149,75,"Friday, October 31, 2025",Seller,2025
1497,21,11,67,"Saturday, May 2, 2026",Seller,2026
459,9,161,47,"Tuesday, October 10, 2023",Seller,2023
529,9,103,42,"Monday, July 24, 2023",Seller,2023
706,9,56,31,"Friday, January 13, 2023",Seller,2023
899,9,102,90,"Thursday, December 21, 2023",Seller,2023
905,9,46,63,"Saturday, December 2, 2023",Seller,2023
1333,9,35,99,"Monday, November 27, 2023",Seller,2023
1358,9,151,38,"Saturday, July 15, 2023",Seller,2023
1473,9,108,43,"Tuesday, May 23, 2023",Seller,2023
2220,9,70,69,"Tuesday, April 18, 2023",Seller,2023
2370,9,78,62,"Monday, September 18, 2023",Seller,2023
2532,9,8,25,"Tuesday, February 7, 2023",Seller,2023
2553,9,115,92,"Tuesday, January 24, 2023",Seller,2023
3010,9,161,29,"Friday, November 10, 2023",Seller,2023
3199,9,75,86,"Saturday, February 11, 2023",Seller,2023
3472,9,97,72,"Wednesday, November 15, 2023",Seller,2023
3618,9,4,9,"Saturday, November 4, 2023",Seller,2023
3801,9,37,35,"Sunday, December 10, 2023",Seller,2023
3808,9,164,87,"Sunday, December 24, 2023",Seller,2023
3829,9,168,51,"Sunday, September 10, 2023",Seller,2023
4486,9,183,77,"Thursday, May 25, 2023",Seller,2023
4931,9,82,42,"Monday, December 4, 2023",Seller,2023
5072,9,69,16,"Saturday, April 29, 2023",Seller,2023
5077,9,133,12,"Monday, February 6, 2023",Seller,2023
5558,9,58,24,"Saturday, January 7, 2023",Seller,2023
5746,9,199,65,"Monday, July 17, 2023",Seller,2023
5777,9,64,13,"Saturday, May 27, 2023",Seller,2023
6005,9,62,24,"Wednesday, September 6, 2023",Seller,2023
6078,9,189,49,"Saturday, June 3, 2023",Seller,2023
6082,9,192,96,"Tuesday, April 4, 2023",Seller,2023
6102,9,121,28,"Monday, June 5, 2023",Seller,2023
6148,9,108,6,"Saturday, July 22, 2023",Seller,2023
6359,9,132,32,"Friday, January 27, 2023",Seller,2023
6707,9,82,68,"Friday, June 2, 2023",Seller,2023
6974,9,156,8,"Wednesday, April 5, 2023",Seller,2023
7021,9,162,23,"Wednesday, January 18, 2023",Seller,2023
7116,9,33,13,"Saturday, October 21, 2023",Seller,2023
7587,9,138,74,"Sunday, April 2, 2023",Seller,2023
7692,9,3,42,"Monday, March 13, 2023",Seller,2023
7991,9,5,9,"Saturday, February 11, 2023",Seller,2023
8044,9,190,83,"Saturday, December 23, 2023",Seller,2023
8467,9,185,77,"Wednesday, February 22, 2023",Seller,2023
8573,9,91,69,"Thursday, July 20, 2023",Seller,2023
8698,9,156,38,"Friday, November 17, 2023",Seller,2023
8699,9,163,97,"Wednesday, July 5, 2023",Seller,2023
8764,9,124,65,"Wednesday, September 13, 2023",Seller,2023
9120,9,199,24,"Wednesday, June 7, 2023",Seller,2023
9224,9,132,19,"Friday, January 20, 2023",Seller,2023
9226,9,193,13,"Wednesday, January 4, 2023",Seller,2023
9287,9,163,10,"Monday, October 2, 2023",Seller,2023
9306,9,41,47,"Tuesday, March 28, 2023",Seller,2023
9493,9,129,78,"Wednesday, May 10, 2023",Seller,2023
9551,9,198,24,"Saturday, May 27, 2023",Seller,2023
459,9,161,47,"Wednesday, July 26, 2023",Seller,2023
529,9,103,42,"Monday, May 15, 2023",Seller,2023
706,9,56,31,"Tuesday, February 14, 2023",Seller,2023
899,9,102,90,"Wednesday, October 11, 2023",Seller,2023
905,9,46,63,"Monday, November 20, 2023",Seller,2023
1333,9,35,99,"Monday, November 27, 2023",Seller,2023
1358,9,151,38,"Saturday, July 15, 2023",Seller,2023
1473,9,108,43,"Tuesday, May 23, 2023",Seller,2023
2220,9,70,69,"Tuesday, April 18, 2023",Seller,2023
2370,9,78,62,"Monday, September 18, 2023",Seller,2023
2532,9,8,25,"Tuesday, February 7, 2023",Seller,2023
2553,9,115,92,"Tuesday, January 24, 2023",Seller,2023
3010,9,161,29,"Friday, November 10, 2023",Seller,2023
3199,9,75,86,"Saturday, February 11, 2023",Seller,2023
3472,9,97,72,"Wednesday, November 15, 2023",Seller,2023
3618,9,4,9,"Saturday, November 4, 2023",Seller,2023
3801,9,37,35,"Sunday, December 10, 2023",Seller,2023
3808,9,164,87,"Sunday, December 24, 2023",Seller,2023
3829,9,168,51,"Sunday, September 10, 2023",Seller,2023
4486,9,183,77,"Thursday, May 25, 2023",Seller,2023
86,9,65,63,"Sunday, March 27, 2022",Seller,2022
96,9,19,19,"Saturday, June 4, 2022",Seller,2022
117,9,171,17,"Wednesday, April 27, 2022",Seller,2022
160,9,186,33,"Tuesday, September 6, 2022",Seller,2022
251,9,2,74,"Tuesday, August 9, 2022",Seller,2022
396,9,161,75,"Tuesday, January 31, 2023",Seller,2023
423,9,186,69,"Monday, February 27, 2023",Seller,2023
430,9,53,100,"Saturday, June 3, 2023",Seller,2023
581,9,134,87,"Saturday, April 8, 2023",Seller,2023
695,9,96,69,"Sunday, November 26, 2023",Seller,2023
780,9,58,25,"Monday, February 19, 2024",Seller,2024
786,9,31,38,"Sunday, February 25, 2024",Seller,2024
852,9,19,68,"Friday, January 5, 2024",Seller,2024
1275,9,189,80,"Saturday, June 28, 2025",Seller,2025
1280,9,132,62,"Friday, March 7, 2025",Seller,2025
1333,9,59,72,"Monday, August 25, 2025",Seller,2025
1386,9,100,51,"Friday, October 17, 2025",Seller,2025
1423,9,57,53,"Sunday, November 23, 2025",Seller,2025
280,8,74,91,"Friday, August 4, 2023",Seller,2023
612,8,137,27,"Friday, September 22, 2023",Seller,2023
840,8,81,80,"Monday, April 3, 2023",Seller,2023
844,8,1,45,"Tuesday, January 10, 2023",Seller,2023
1348,8,78,45,"Monday, November 13, 2023",Seller,2023
1527,8,174,92,"Tuesday, October 31, 2023",Seller,2023
1746,8,166,92,"Tuesday, October 31, 2023",Seller,2023
2027,8,125,76,"Sunday, February 5, 2023",Seller,2023
2046,8,59,45,"Wednesday, August 2, 2023",Seller,2023
2230,8,191,14,"Friday, September 29, 2023",Seller,2023
2341,8,113,80,"Wednesday, January 25, 2023",Seller,2023
2502,8,148,34,"Friday, April 14, 2023",Seller,2023
2743,8,21,58,"Monday, June 12, 2023",Seller,2023
2822,8,133,26,"Saturday, March 18, 2023",Seller,2023
3043,8,176,47,"Saturday, December 23, 2023",Seller,2023
3385,8,121,66,"Wednesday, July 12, 2023",Seller,2023
4005,8,84,71,"Thursday, October 5, 2023",Seller,2023
4138,8,2,82,"Wednesday, April 12, 2023",Seller,2023
4251,8,108,74,"Friday, July 14, 2023",Seller,2023
4343,8,113,27,"Monday, March 20, 2023",Seller,2023
4398,8,23,86,"Tuesday, September 26, 2023",Seller,2023
4613,8,17,18,"Thursday, November 16, 2023",Seller,2023
4899,8,96,61,"Saturday, September 23, 2023",Seller,2023
4979,8,98,66,"Sunday, December 24, 2023",Seller,2023
5045,8,142,70,"Friday, June 9, 2023",Seller,2023
5060,8,16,33,"Tuesday, May 2, 2023",Seller,2023
5195,8,198,82,"Friday, October 20, 2023",Seller,2023
5267,8,162,79,"Thursday, January 5, 2023",Seller,2023
5354,8,17,39,"Tuesday, May 30, 2023",Seller,2023
5545,8,8,90,"Friday, July 28, 2023",Seller,2023
6039,8,108,71,"Thursday, November 16, 2023",Seller,2023
6092,8,94,77,"Friday, April 21, 2023",Seller,2023
6285,8,150,88,"Monday, May 22, 2023",Seller,2023
6773,8,79,18,"Thursday, February 2, 2023",Seller,2023
6949,8,83,36,"Saturday, November 18, 2023",Seller,2023
6986,8,81,73,"Monday, May 22, 2023",Seller,2023
7330,8,23,20,"Thursday, December 14, 2023",Seller,2023
7363,8,113,16,"Sunday, August 27, 2023",Seller,2023
7433,8,22,53,"Monday, March 20, 2023",Seller,2023
7447,8,97,22,"Saturday, December 30, 2023",Seller,2023
7500,8,145,97,"Friday, July 21, 2023",Seller,2023
7614,8,98,99,"Thursday, May 18, 2023",Seller,2023
7916,8,20,57,"Friday, April 14, 2023",Seller,2023
7963,8,5,34,"Wednesday, August 9, 2023",Seller,2023
8228,8,171,16,"Tuesday, November 7, 2023",Seller,2023
8267,8,193,48,"Sunday, January 1, 2023",Seller,2023
8460,8,198,42,"Wednesday, February 1, 2023",Seller,2023
8674,8,57,9,"Tuesday, July 11, 2023",Seller,2023
9035,8,63,15,"Tuesday, January 10, 2023",Seller,2023
9138,8,43,25,"Sunday, December 17, 2023",Seller,2023
9167,8,193,12,"Wednesday, January 18, 2023",Seller,2023
9461,8,130,32,"Monday, December 11, 2023",Seller,2023
9671,8,107,63,"Sunday, September 3, 2023",Seller,2023
280,8,74,91,"Wednesday, February 8, 2023",Seller,2023
612,8,137,27,"Sunday, July 9, 2023",Seller,2023
840,8,81,80,"Monday, August 21, 2023",Seller,2023
844,8,1,45,"Friday, August 25, 2023",Seller,2023
1348,8,78,45,"Monday, November 13, 2023",Seller,2023
1527,8,174,92,"Tuesday, October 31, 2023",Seller,2023
1746,8,166,92,"Tuesday, October 31, 2023",Seller,2023
2027,8,125,76,"Sunday, February 5, 2023",Seller,2023
2046,8,59,45,"Wednesday, August 2, 2023",Seller,2023
2230,8,191,14,"Friday, September 29, 2023",Seller,2023
2341,8,113,80,"Wednesday, January 25, 2023",Seller,2023
2502,8,148,34,"Friday, April 14, 2023",Seller,2023
2743,8,21,58,"Monday, June 12, 2023",Seller,2023
2822,8,133,26,"Saturday, March 18, 2023",Seller,2023
3043,8,176,47,"Saturday, December 23, 2023",Seller,2023
3385,8,121,66,"Wednesday, July 12, 2023",Seller,2023
4005,8,84,71,"Thursday, October 5, 2023",Seller,2023
4138,8,2,82,"Wednesday, April 12, 2023",Seller,2023
4251,8,108,74,"Friday, July 14, 2023",Seller,2023
4343,8,113,27,"Monday, March 20, 2023",Seller,2023
4398,8,23,86,"Tuesday, September 26, 2023",Seller,2023
4613,8,17,18,"Thursday, November 16, 2023",Seller,2023
23,8,130,56,"Sunday, January 23, 2022",Seller,2022
49,8,178,86,"Friday, February 18, 2022",Seller,2022
99,8,181,28,"Sunday, September 4, 2022",Seller,2022
151,8,49,65,"Tuesday, May 31, 2022",Seller,2022
338,8,177,59,"Tuesday, April 12, 2022",Seller,2022
349,8,144,30,"Thursday, December 15, 2022",Seller,2022
363,8,174,37,"Thursday, December 29, 2022",Seller,2022
369,8,175,24,"Saturday, April 1, 2023",Seller,2023
573,8,106,59,"Thursday, July 27, 2023",Seller,2023
662,8,180,27,"Tuesday, October 24, 2023",Seller,2023
697,8,180,90,"Tuesday, November 28, 2023",Seller,2023
760,8,3,19,"Tuesday, January 30, 2024",Seller,2024
1198,8,70,19,"Thursday, December 4, 2025",Seller,2025
1213,8,118,51,"Sunday, April 27, 2025",Seller,2025
1268,8,53,44,"Saturday, June 21, 2025",Seller,2025
1455,8,136,76,"Thursday, December 25, 2025",Seller,2025
1500,8,102,80,"Sunday, August 2, 2026",Seller,2026
259,27,17,27,"Monday, July 31, 2023",Seller,2023
283,27,61,43,"Friday, September 15, 2023",Seller,2023
468,27,117,34,"Monday, June 19, 2023",Seller,2023
495,27,15,68,"Monday, September 4, 2023",Seller,2023
657,27,199,96,"Saturday, March 11, 2023",Seller,2023
703,27,99,5,"Saturday, January 14, 2023",Seller,2023
779,27,76,39,"Monday, October 23, 2023",Seller,2023
826,27,112,67,"Friday, March 31, 2023",Seller,2023
939,27,12,23,"Wednesday, April 12, 2023",Seller,2023
1009,27,126,41,"Sunday, September 3, 2023",Seller,2023
1264,27,134,86,"Saturday, May 27, 2023",Seller,2023
1379,27,23,40,"Friday, January 13, 2023",Seller,2023
1819,27,98,46,"Friday, September 22, 2023",Seller,2023
2059,27,92,39,"Wednesday, June 21, 2023",Seller,2023
2529,27,125,41,"Saturday, November 11, 2023",Seller,2023
3271,27,38,38,"Monday, September 4, 2023",Seller,2023
3403,27,85,61,"Sunday, January 22, 2023",Seller,2023
3514,27,170,77,"Sunday, April 23, 2023",Seller,2023
3748,27,126,6,"Saturday, March 4, 2023",Seller,2023
3811,27,70,92,"Thursday, March 9, 2023",Seller,2023
4170,27,136,31,"Saturday, November 25, 2023",Seller,2023
4198,27,115,36,"Saturday, March 11, 2023",Seller,2023
4815,27,196,73,"Tuesday, May 23, 2023",Seller,2023
5088,27,121,67,"Friday, November 3, 2023",Seller,2023
5291,27,159,31,"Tuesday, November 21, 2023",Seller,2023
5362,27,89,55,"Friday, January 13, 2023",Seller,2023
5500,27,150,17,"Thursday, February 9, 2023",Seller,2023
5505,27,100,9,"Thursday, March 23, 2023",Seller,2023
6083,27,175,48,"Thursday, August 31, 2023",Seller,2023
6554,27,190,69,"Sunday, October 8, 2023",Seller,2023
6655,27,177,73,"Friday, April 7, 2023",Seller,2023
6751,27,162,8,"Tuesday, May 9, 2023",Seller,2023
6929,27,92,61,"Sunday, April 16, 2023",Seller,2023
7178,27,154,52,"Tuesday, January 17, 2023",Seller,2023
7325,27,12,96,"Tuesday, August 8, 2023",Seller,2023
7799,27,172,94,"Sunday, June 25, 2023",Seller,2023
8208,27,165,74,"Wednesday, June 7, 2023",Seller,2023
8521,27,180,32,"Sunday, April 23, 2023",Seller,2023
8610,27,145,10,"Thursday, February 16, 2023",Seller,2023
8659,27,31,92,"Monday, February 27, 2023",Seller,2023
8784,27,179,46,"Friday, January 6, 2023",Seller,2023
8840,27,188,79,"Thursday, November 30, 2023",Seller,2023
8876,27,18,75,"Friday, August 11, 2023",Seller,2023
8884,27,33,45,"Monday, December 4, 2023",Seller,2023
8926,27,111,12,"Monday, August 14, 2023",Seller,2023
9174,27,149,81,"Friday, October 27, 2023",Seller,2023
9231,27,170,86,"Sunday, January 8, 2023",Seller,2023
9268,27,121,22,"Friday, October 27, 2023",Seller,2023
9313,27,81,65,"Monday, December 4, 2023",Seller,2023
9350,27,145,98,"Sunday, July 23, 2023",Seller,2023
9569,27,8,87,"Thursday, June 1, 2023",Seller,2023
9608,27,39,73,"Thursday, February 2, 2023",Seller,2023
9707,27,34,36,"Monday, May 8, 2023",Seller,2023
9861,27,59,55,"Monday, August 21, 2023",Seller,2023
9921,27,97,41,"Monday, December 4, 2023",Seller,2023
259,27,17,27,"Friday, April 7, 2023",Seller,2023
283,27,61,43,"Saturday, July 8, 2023",Seller,2023
468,27,117,34,"Tuesday, August 8, 2023",Seller,2023
495,27,15,68,"Thursday, September 14, 2023",Seller,2023
657,27,199,96,"Monday, September 11, 2023",Seller,2023
703,27,99,5,"Saturday, September 2, 2023",Seller,2023
779,27,76,39,"Friday, May 26, 2023",Seller,2023
826,27,112,67,"Sunday, January 8, 2023",Seller,2023
939,27,12,23,"Wednesday, May 1, 2024",Seller,2024
1009,27,126,41,"Wednesday, December 4, 2024",Seller,2024
1264,27,134,86,"Saturday, May 27, 2023",Seller,2023
1379,27,23,40,"Friday, January 13, 2023",Seller,2023
1819,27,98,46,"Friday, September 22, 2023",Seller,2023
2059,27,92,39,"Wednesday, June 21, 2023",Seller,2023
2529,27,125,41,"Saturday, November 11, 2023",Seller,2023
3271,27,38,38,"Monday, September 4, 2023",Seller,2023
3403,27,85,61,"Sunday, January 22, 2023",Seller,2023
3514,27,170,77,"Sunday, April 23, 2023",Seller,2023
3748,27,126,6,"Saturday, March 4, 2023",Seller,2023
3811,27,70,92,"Thursday, March 9, 2023",Seller,2023
4170,27,136,31,"Saturday, November 25, 2023",Seller,2023
4198,27,115,36,"Saturday, March 11, 2023",Seller,2023
60,27,121,43,"Monday, January 3, 2022",Seller,2022
104,27,139,23,"Thursday, April 14, 2022",Seller,2022
105,27,23,31,"Friday, April 15, 2022",Seller,2022
209,27,58,79,"Thursday, July 28, 2022",Seller,2022
233,27,30,71,"Sunday, August 21, 2022",Seller,2022
243,27,164,43,"Wednesday, August 31, 2022",Seller,2022
399,27,120,50,"Thursday, March 2, 2023",Seller,2023
454,27,83,17,"Thursday, March 30, 2023",Seller,2023
542,27,107,90,"Monday, June 26, 2023",Seller,2023
835,27,115,17,"Sunday, April 14, 2024",Seller,2024
848,27,146,40,"Saturday, April 27, 2024",Seller,2024
988,27,15,42,"Saturday, September 14, 2024",Seller,2024
1252,27,124,43,"Tuesday, May 6, 2025",Seller,2025
1370,27,145,22,"Friday, January 10, 2025",Seller,2025
1421,27,13,90,"Friday, November 21, 2025",Seller,2025
432,14,195,41,"Monday, September 11, 2023",Seller,2023
604,14,20,44,"Wednesday, September 13, 2023",Seller,2023
1031,14,173,33,"Thursday, November 9, 2023",Seller,2023
1123,14,54,72,"Tuesday, June 20, 2023",Seller,2023
1219,14,19,16,"Tuesday, May 30, 2023",Seller,2023
1850,14,130,7,"Saturday, August 12, 2023",Seller,2023
1934,14,144,15,"Tuesday, March 28, 2023",Seller,2023
1994,14,93,93,"Friday, January 27, 2023",Seller,2023
1997,14,123,69,"Saturday, March 4, 2023",Seller,2023
2238,14,126,34,"Thursday, April 20, 2023",Seller,2023
2454,14,164,31,"Friday, June 23, 2023",Seller,2023
2461,14,11,33,"Tuesday, October 17, 2023",Seller,2023
2645,14,78,91,"Thursday, May 18, 2023",Seller,2023
2665,14,82,50,"Wednesday, June 7, 2023",Seller,2023
2775,14,174,48,"Sunday, September 3, 2023",Seller,2023
2842,14,59,8,"Sunday, June 11, 2023",Seller,2023
3024,14,53,91,"Saturday, May 6, 2023",Seller,2023
3045,14,75,49,"Friday, February 24, 2023",Seller,2023
3118,14,98,51,"Tuesday, September 26, 2023",Seller,2023
3302,14,9,69,"Thursday, August 3, 2023",Seller,2023
3313,14,41,86,"Monday, October 9, 2023",Seller,2023
3431,14,113,87,"Friday, November 3, 2023",Seller,2023
3593,14,160,11,"Sunday, February 26, 2023",Seller,2023
3892,14,86,47,"Thursday, October 19, 2023",Seller,2023
3979,14,63,69,"Saturday, November 18, 2023",Seller,2023
4174,14,172,14,"Sunday, December 10, 2023",Seller,2023
4312,14,118,83,"Friday, September 15, 2023",Seller,2023
5237,14,110,7,"Thursday, September 28, 2023",Seller,2023
5276,14,116,70,"Wednesday, November 22, 2023",Seller,2023
5336,14,32,65,"Tuesday, February 28, 2023",Seller,2023
5377,14,151,77,"Thursday, March 9, 2023",Seller,2023
5921,14,133,52,"Saturday, March 18, 2023",Seller,2023
6291,14,80,69,"Tuesday, March 21, 2023",Seller,2023
6422,14,110,11,"Sunday, July 16, 2023",Seller,2023
6563,14,92,76,"Monday, November 27, 2023",Seller,2023
6635,14,142,23,"Friday, October 13, 2023",Seller,2023
6769,14,122,40,"Saturday, January 28, 2023",Seller,2023
7056,14,17,72,"Tuesday, July 11, 2023",Seller,2023
7096,14,183,78,"Sunday, March 26, 2023",Seller,2023
7123,14,64,73,"Thursday, February 2, 2023",Seller,2023
7140,14,105,69,"Wednesday, July 5, 2023",Seller,2023
7361,14,39,30,"Sunday, January 15, 2023",Seller,2023
7472,14,132,7,"Thursday, November 23, 2023",Seller,2023
8395,14,101,77,"Thursday, December 14, 2023",Seller,2023
8488,14,32,42,"Wednesday, February 15, 2023",Seller,2023
8505,14,6,68,"Thursday, June 15, 2023",Seller,2023
8515,14,177,81,"Tuesday, July 11, 2023",Seller,2023
8691,14,190,94,"Sunday, May 7, 2023",Seller,2023
8707,14,80,68,"Friday, September 15, 2023",Seller,2023
8766,14,51,84,"Friday, November 10, 2023",Seller,2023
8890,14,158,81,"Thursday, February 23, 2023",Seller,2023
8956,14,115,56,"Tuesday, November 14, 2023",Seller,2023
9065,14,81,83,"Sunday, September 24, 2023",Seller,2023
9077,14,87,89,"Tuesday, March 14, 2023",Seller,2023
9181,14,149,22,"Wednesday, May 17, 2023",Seller,2023
9603,14,187,54,"Friday, July 7, 2023",Seller,2023
432,14,195,41,"Monday, June 19, 2023",Seller,2023
604,14,20,44,"Monday, August 28, 2023",Seller,2023
1031,14,173,33,"Thursday, November 9, 2023",Seller,2023
1123,14,54,72,"Tuesday, June 20, 2023",Seller,2023
1219,14,19,16,"Tuesday, May 30, 2023",Seller,2023
1850,14,130,7,"Saturday, August 12, 2023",Seller,2023
1934,14,144,15,"Tuesday, March 28, 2023",Seller,2023
1994,14,93,93,"Friday, January 27, 2023",Seller,2023
1997,14,123,69,"Saturday, March 4, 2023",Seller,2023
2238,14,126,34,"Thursday, April 20, 2023",Seller,2023
2454,14,164,31,"Friday, June 23, 2023",Seller,2023
2461,14,11,33,"Tuesday, October 17, 2023",Seller,2023
2645,14,78,91,"Thursday, May 18, 2023",Seller,2023
2665,14,82,50,"Wednesday, June 7, 2023",Seller,2023
2775,14,174,48,"Sunday, September 3, 2023",Seller,2023
2842,14,59,8,"Sunday, June 11, 2023",Seller,2023
3024,14,53,91,"Saturday, May 6, 2023",Seller,2023
3045,14,75,49,"Friday, February 24, 2023",Seller,2023
3118,14,98,51,"Tuesday, September 26, 2023",Seller,2023
3302,14,9,69,"Thursday, August 3, 2023",Seller,2023
3313,14,41,86,"Monday, October 9, 2023",Seller,2023
3431,14,113,87,"Friday, November 3, 2023",Seller,2023
3593,14,160,11,"Sunday, February 26, 2023",Seller,2023
3892,14,86,47,"Thursday, October 19, 2023",Seller,2023
3979,14,63,69,"Saturday, November 18, 2023",Seller,2023
4174,14,172,14,"Sunday, December 10, 2023",Seller,2023
4312,14,118,83,"Friday, September 15, 2023",Seller,2023
282,14,92,85,"Saturday, September 10, 2022",Seller,2022
328,14,194,28,"Thursday, November 24, 2022",Seller,2022
645,14,149,88,"Monday, July 10, 2023",Seller,2023
661,14,4,51,"Monday, October 23, 2023",Seller,2023
663,14,108,24,"Wednesday, October 25, 2023",Seller,2023
702,14,174,51,"Sunday, March 12, 2023",Seller,2023
707,14,160,37,"Saturday, August 12, 2023",Seller,2023
745,14,151,73,"Monday, January 15, 2024",Seller,2024
751,14,45,21,"Sunday, January 21, 2024",Seller,2024
847,14,117,33,"Friday, April 26, 2024",Seller,2024
951,14,12,54,"Thursday, August 8, 2024",Seller,2024
969,14,138,36,"Monday, August 26, 2024",Seller,2024
1027,14,60,72,"Wednesday, October 23, 2024",Seller,2024
194,28,140,70,"Monday, November 27, 2023",Seller,2023
351,28,121,55,"Sunday, August 13, 2023",Seller,2023
615,28,30,73,"Monday, October 23, 2023",Seller,2023
681,28,16,39,"Saturday, July 22, 2023",Seller,2023
791,28,148,65,"Saturday, February 25, 2023",Seller,2023
857,28,179,78,"Monday, May 15, 2023",Seller,2023
1153,28,28,73,"Wednesday, April 19, 2023",Seller,2023
1165,28,136,57,"Saturday, March 11, 2023",Seller,2023
1222,28,141,12,"Wednesday, March 8, 2023",Seller,2023
1410,28,84,32,"Tuesday, October 3, 2023",Seller,2023
1468,28,4,74,"Sunday, January 1, 2023",Seller,2023
1537,28,181,95,"Friday, December 22, 2023",Seller,2023
1695,28,48,64,"Tuesday, December 12, 2023",Seller,2023
1826,28,160,22,"Thursday, August 3, 2023",Seller,2023
2233,28,140,93,"Monday, July 17, 2023",Seller,2023
2894,28,72,19,"Friday, January 6, 2023",Seller,2023
3109,28,189,57,"Saturday, June 24, 2023",Seller,2023
3316,28,5,82,"Saturday, October 28, 2023",Seller,2023
3364,28,15,21,"Thursday, January 5, 2023",Seller,2023
3563,28,134,73,"Friday, March 17, 2023",Seller,2023
3771,28,107,30,"Thursday, July 20, 2023",Seller,2023
4061,28,46,98,"Saturday, February 4, 2023",Seller,2023
4219,28,166,35,"Thursday, August 17, 2023",Seller,2023
4301,28,117,100,"Wednesday, March 29, 2023",Seller,2023
4460,28,74,31,"Tuesday, June 20, 2023",Seller,2023
4538,28,182,84,"Friday, April 28, 2023",Seller,2023
4821,28,104,10,"Wednesday, October 25, 2023",Seller,2023
4985,28,74,39,"Saturday, July 22, 2023",Seller,2023
5282,28,50,14,"Saturday, October 21, 2023",Seller,2023
5329,28,199,10,"Monday, January 2, 2023",Seller,2023
5393,28,13,48,"Wednesday, May 17, 2023",Seller,2023
5517,28,148,21,"Friday, December 29, 2023",Seller,2023
5858,28,89,69,"Saturday, December 2, 2023",Seller,2023
5953,28,158,62,"Saturday, June 3, 2023",Seller,2023
6064,28,14,18,"Thursday, May 11, 2023",Seller,2023
6224,28,29,81,"Saturday, August 19, 2023",Seller,2023
6319,28,50,82,"Thursday, November 16, 2023",Seller,2023
6369,28,38,16,"Saturday, September 30, 2023",Seller,2023
6408,28,155,18,"Saturday, January 14, 2023",Seller,2023
6877,28,181,19,"Wednesday, October 4, 2023",Seller,2023
7189,28,114,17,"Sunday, January 8, 2023",Seller,2023
7375,28,123,43,"Wednesday, January 18, 2023",Seller,2023
7385,28,133,84,"Wednesday, June 28, 2023",Seller,2023
7508,28,87,37,"Sunday, September 17, 2023",Seller,2023
7579,28,66,66,"Monday, April 17, 2023",Seller,2023
7596,28,193,42,"Wednesday, March 1, 2023",Seller,2023
7646,28,111,52,"Sunday, April 16, 2023",Seller,2023
8188,28,22,79,"Monday, December 4, 2023",Seller,2023
8234,28,94,31,"Sunday, November 12, 2023",Seller,2023
8359,28,75,42,"Monday, September 18, 2023",Seller,2023
8554,28,67,17,"Monday, November 20, 2023",Seller,2023
8792,28,30,92,"Wednesday, November 22, 2023",Seller,2023
8933,28,120,62,"Tuesday, May 2, 2023",Seller,2023
9018,28,141,13,"Saturday, May 27, 2023",Seller,2023
9755,28,189,75,"Sunday, May 7, 2023",Seller,2023
194,28,140,70,"Tuesday, April 4, 2023",Seller,2023
351,28,121,55,"Friday, February 24, 2023",Seller,2023
615,28,30,73,"Saturday, December 9, 2023",Seller,2023
681,28,16,39,"Wednesday, December 13, 2023",Seller,2023
791,28,148,65,"Tuesday, June 13, 2023",Seller,2023
857,28,179,78,"Wednesday, September 13, 2023",Seller,2023
1153,28,28,73,"Wednesday, April 19, 2023",Seller,2023
1165,28,136,57,"Saturday, March 11, 2023",Seller,2023
1222,28,141,12,"Wednesday, March 8, 2023",Seller,2023
1410,28,84,32,"Tuesday, October 3, 2023",Seller,2023
1468,28,4,74,"Sunday, January 1, 2023",Seller,2023
1537,28,181,95,"Friday, December 22, 2023",Seller,2023
1695,28,48,64,"Tuesday, December 12, 2023",Seller,2023
1826,28,160,22,"Thursday, August 3, 2023",Seller,2023
2233,28,140,93,"Monday, July 17, 2023",Seller,2023
2894,28,72,19,"Friday, January 6, 2023",Seller,2023
3109,28,189,57,"Saturday, June 24, 2023",Seller,2023
3316,28,5,82,"Saturday, October 28, 2023",Seller,2023
3364,28,15,21,"Thursday, January 5, 2023",Seller,2023
3563,28,134,73,"Friday, March 17, 2023",Seller,2023
3771,28,107,30,"Thursday, July 20, 2023",Seller,2023
4061,28,46,98,"Saturday, February 4, 2023",Seller,2023
4219,28,166,35,"Thursday, August 17, 2023",Seller,2023
4301,28,117,100,"Wednesday, March 29, 2023",Seller,2023
4460,28,74,31,"Tuesday, June 20, 2023",Seller,2023
4538,28,182,84,"Friday, April 28, 2023",Seller,2023
26,28,23,19,"Wednesday, January 26, 2022",Seller,2022
47,28,90,42,"Wednesday, February 16, 2022",Seller,2022
78,28,127,44,"Saturday, March 19, 2022",Seller,2022
84,28,3,29,"Friday, March 25, 2022",Seller,2022
185,28,190,69,"Thursday, April 7, 2022",Seller,2022
196,28,182,92,"Friday, July 15, 2022",Seller,2022
205,28,184,60,"Sunday, July 24, 2022",Seller,2022
290,28,56,50,"Monday, October 17, 2022",Seller,2022
333,28,133,28,"Tuesday, November 29, 2022",Seller,2022
589,28,65,33,"Friday, December 8, 2023",Seller,2023
872,28,41,99,"Tuesday, May 21, 2024",Seller,2024
917,28,125,25,"Tuesday, May 7, 2024",Seller,2024
968,28,19,52,"Sunday, August 25, 2024",Seller,2024
1126,28,154,82,"Thursday, January 30, 2025",Seller,2025
1232,28,71,45,"Friday, May 16, 2025",Seller,2025
1376,28,192,45,"Thursday, July 10, 2025",Seller,2025
1492,28,161,42,"Saturday, January 31, 2026",Seller,2026
68,15,112,88,"Friday, March 24, 2023",Seller,2023
528,15,30,61,"Friday, May 5, 2023",Seller,2023
717,15,154,30,"Wednesday, September 20, 2023",Seller,2023
824,15,119,89,"Sunday, October 22, 2023",Seller,2023
902,15,100,33,"Monday, July 24, 2023",Seller,2023
949,15,41,77,"Saturday, August 19, 2023",Seller,2023
1049,15,41,7,"Friday, August 4, 2023",Seller,2023
1084,15,69,35,"Wednesday, May 10, 2023",Seller,2023
1138,15,98,50,"Saturday, November 18, 2023",Seller,2023
1230,15,21,72,"Monday, September 11, 2023",Seller,2023
1481,15,62,86,"Friday, November 24, 2023",Seller,2023
2306,15,93,9,"Tuesday, June 13, 2023",Seller,2023
2504,15,153,97,"Friday, December 22, 2023",Seller,2023
2841,15,31,96,"Monday, June 19, 2023",Seller,2023
2892,15,73,45,"Thursday, December 28, 2023",Seller,2023
3026,15,37,96,"Saturday, November 4, 2023",Seller,2023
3090,15,185,31,"Saturday, December 9, 2023",Seller,2023
3133,15,69,12,"Monday, April 24, 2023",Seller,2023
3198,15,47,14,"Sunday, August 13, 2023",Seller,2023
4417,15,160,39,"Sunday, June 25, 2023",Seller,2023
4535,15,122,39,"Sunday, December 10, 2023",Seller,2023
4568,15,163,34,"Wednesday, October 25, 2023",Seller,2023
4716,15,16,33,"Thursday, August 10, 2023",Seller,2023
4765,15,39,62,"Friday, December 8, 2023",Seller,2023
4788,15,2,69,"Thursday, July 20, 2023",Seller,2023
4919,15,57,69,"Monday, January 16, 2023",Seller,2023
4945,15,132,21,"Friday, December 15, 2023",Seller,2023
5338,15,156,78,"Thursday, April 27, 2023",Seller,2023
5396,15,124,24,"Saturday, November 11, 2023",Seller,2023
5779,15,63,38,"Monday, October 2, 2023",Seller,2023
5900,15,132,78,"Thursday, January 12, 2023",Seller,2023
5956,15,33,79,"Tuesday, April 18, 2023",Seller,2023
6432,15,28,69,"Monday, August 28, 2023",Seller,2023
6842,15,84,90,"Saturday, April 22, 2023",Seller,2023
6853,15,181,95,"Friday, November 17, 2023",Seller,2023
7297,15,12,6,"Sunday, November 19, 2023",Seller,2023
7460,15,84,51,"Sunday, April 23, 2023",Seller,2023
7513,15,164,17,"Friday, February 24, 2023",Seller,2023
7936,15,85,82,"Wednesday, September 6, 2023",Seller,2023
8088,15,39,30,"Thursday, May 25, 2023",Seller,2023
8182,15,3,91,"Tuesday, October 31, 2023",Seller,2023
8212,15,188,56,"Friday, May 19, 2023",Seller,2023
8310,15,106,16,"Saturday, April 1, 2023",Seller,2023
8491,15,102,39,"Thursday, December 28, 2023",Seller,2023
8730,15,6,64,"Friday, March 31, 2023",Seller,2023
8755,15,130,78,"Thursday, February 23, 2023",Seller,2023
8757,15,167,40,"Thursday, April 13, 2023",Seller,2023
9091,15,58,22,"Thursday, September 21, 2023",Seller,2023
9638,15,15,81,"Tuesday, May 9, 2023",Seller,2023
528,15,30,61,"Tuesday, December 5, 2023",Seller,2023
717,15,154,30,"Tuesday, January 3, 2023",Seller,2023
824,15,119,89,"Friday, July 28, 2023",Seller,2023
902,15,100,33,"Wednesday, November 15, 2023",Seller,2023
949,15,41,77,"Friday, January 19, 2024",Seller,2024
1049,15,41,7,"Friday, August 4, 2023",Seller,2023
1084,15,69,35,"Wednesday, May 10, 2023",Seller,2023
1138,15,98,50,"Saturday, November 18, 2023",Seller,2023
1230,15,21,72,"Monday, September 11, 2023",Seller,2023
1481,15,62,86,"Friday, November 24, 2023",Seller,2023
2306,15,93,9,"Tuesday, June 13, 2023",Seller,2023
2504,15,153,97,"Friday, December 22, 2023",Seller,2023
2841,15,31,96,"Monday, June 19, 2023",Seller,2023
2892,15,73,45,"Thursday, December 28, 2023",Seller,2023
3026,15,37,96,"Saturday, November 4, 2023",Seller,2023
3090,15,185,31,"Saturday, December 9, 2023",Seller,2023
3133,15,69,12,"Monday, April 24, 2023",Seller,2023
3198,15,47,14,"Sunday, August 13, 2023",Seller,2023
4417,15,160,39,"Sunday, June 25, 2023",Seller,2023
4535,15,122,39,"Sunday, December 10, 2023",Seller,2023
4568,15,163,34,"Wednesday, October 25, 2023",Seller,2023
4716,15,16,33,"Thursday, August 10, 2023",Seller,2023
4765,15,39,62,"Friday, December 8, 2023",Seller,2023
4788,15,2,69,"Thursday, July 20, 2023",Seller,2023
69,15,120,27,"Monday, October 3, 2022",Seller,2022
113,15,109,66,"Saturday, April 23, 2022",Seller,2022
133,15,89,43,"Friday, May 13, 2022",Seller,2022
236,15,124,62,"Wednesday, August 24, 2022",Seller,2022
255,15,27,97,"Friday, December 9, 2022",Seller,2022
343,15,19,49,"Monday, September 12, 2022",Seller,2022
376,15,172,68,"Wednesday, November 1, 2023",Seller,2023
392,15,130,81,"Friday, January 27, 2023",Seller,2023
498,15,82,40,"Saturday, May 13, 2023",Seller,2023
637,15,8,73,"Friday, September 29, 2023",Seller,2023
710,15,55,99,"Sunday, November 12, 2023",Seller,2023
716,15,92,40,"Sunday, December 17, 2023",Seller,2023
924,15,75,51,"Saturday, December 7, 2024",Seller,2024
967,15,197,20,"Saturday, August 24, 2024",Seller,2024
1016,15,81,25,"Tuesday, December 10, 2024",Seller,2024
1054,15,105,24,"Tuesday, November 19, 2024",Seller,2024
1168,15,133,27,"Thursday, March 13, 2025",Seller,2025
1258,15,47,13,"Thursday, November 6, 2025",Seller,2025
1291,15,197,30,"Monday, July 14, 2025",Seller,2025
1296,15,168,59,"Saturday, July 19, 2025",Seller,2025
1328,15,68,72,"Wednesday, August 20, 2025",Seller,2025
1343,15,101,73,"Wednesday, April 9, 2025",Seller,2025
1346,15,121,27,"Wednesday, July 9, 2025",Seller,2025
1357,15,64,30,"Thursday, September 18, 2025",Seller,2025
1440,15,45,96,"Sunday, October 12, 2025",Seller,2025
119,2,26,46,"Tuesday, January 10, 2023",Seller,2023
232,2,6,99,"Sunday, February 5, 2023",Seller,2023
289,2,162,100,"Wednesday, October 18, 2023",Seller,2023
497,2,115,77,"Monday, February 13, 2023",Seller,2023
597,2,136,49,"Monday, December 18, 2023",Seller,2023
685,2,70,28,"Saturday, July 29, 2023",Seller,2023
756,2,11,56,"Saturday, June 3, 2023",Seller,2023
1500,2,156,52,"Tuesday, March 7, 2023",Seller,2023
1728,2,164,5,"Sunday, March 5, 2023",Seller,2023
1940,2,195,15,"Wednesday, October 4, 2023",Seller,2023
2031,2,30,59,"Sunday, December 24, 2023",Seller,2023
2259,2,62,67,"Friday, June 16, 2023",Seller,2023
2438,2,77,41,"Monday, September 25, 2023",Seller,2023
2626,2,74,30,"Wednesday, January 11, 2023",Seller,2023
2785,2,39,84,"Wednesday, April 12, 2023",Seller,2023
2845,2,99,31,"Wednesday, July 19, 2023",Seller,2023
3214,2,169,70,"Thursday, March 16, 2023",Seller,2023
3401,2,103,44,"Thursday, September 28, 2023",Seller,2023
3778,2,20,27,"Wednesday, November 22, 2023",Seller,2023
4120,2,127,88,"Friday, February 3, 2023",Seller,2023
4188,2,44,38,"Saturday, March 25, 2023",Seller,2023
4231,2,53,75,"Sunday, May 21, 2023",Seller,2023
4330,2,44,11,"Tuesday, February 7, 2023",Seller,2023
4399,2,38,85,"Friday, September 1, 2023",Seller,2023
4660,2,154,93,"Tuesday, June 13, 2023",Seller,2023
4871,2,90,18,"Saturday, June 10, 2023",Seller,2023
5057,2,13,86,"Thursday, October 26, 2023",Seller,2023
5151,2,3,85,"Wednesday, July 12, 2023",Seller,2023
5156,2,82,18,"Friday, August 25, 2023",Seller,2023
5174,2,91,66,"Sunday, January 1, 2023",Seller,2023
5534,2,129,11,"Tuesday, May 2, 2023",Seller,2023
5620,2,114,14,"Thursday, September 21, 2023",Seller,2023
5846,2,143,65,"Monday, November 13, 2023",Seller,2023
5893,2,149,94,"Friday, May 26, 2023",Seller,2023
6243,2,1,53,"Friday, September 1, 2023",Seller,2023
6257,2,72,7,"Monday, July 3, 2023",Seller,2023
6335,2,28,64,"Monday, January 16, 2023",Seller,2023
6403,2,39,59,"Friday, November 3, 2023",Seller,2023
6412,2,36,98,"Monday, July 31, 2023",Seller,2023
6433,2,168,25,"Saturday, November 25, 2023",Seller,2023
6479,2,65,27,"Monday, March 20, 2023",Seller,2023
6511,2,137,58,"Saturday, December 16, 2023",Seller,2023
6556,2,35,88,"Saturday, September 16, 2023",Seller,2023
6805,2,115,34,"Wednesday, March 15, 2023",Seller,2023
6811,2,191,97,"Friday, December 22, 2023",Seller,2023
6972,2,132,55,"Thursday, August 10, 2023",Seller,2023
7023,2,59,30,"Sunday, December 31, 2023",Seller,2023
7197,2,60,92,"Wednesday, March 8, 2023",Seller,2023
7340,2,130,25,"Monday, January 16, 2023",Seller,2023
7536,2,110,59,"Sunday, April 23, 2023",Seller,2023
7705,2,113,51,"Tuesday, June 13, 2023",Seller,2023
7823,2,86,70,"Wednesday, August 30, 2023",Seller,2023
8003,2,112,37,"Friday, July 7, 2023",Seller,2023
8013,2,155,56,"Wednesday, March 1, 2023",Seller,2023
8014,2,148,82,"Thursday, May 25, 2023",Seller,2023
8326,2,45,53,"Saturday, May 27, 2023",Seller,2023
8660,2,101,13,"Tuesday, December 26, 2023",Seller,2023
8686,2,138,98,"Wednesday, March 29, 2023",Seller,2023
8768,2,62,19,"Tuesday, March 28, 2023",Seller,2023
9178,2,112,22,"Wednesday, December 13, 2023",Seller,2023
9450,2,193,62,"Saturday, May 13, 2023",Seller,2023
9505,2,45,50,"Friday, April 14, 2023",Seller,2023
119,2,26,46,"Wednesday, January 24, 2024",Seller,2024
232,2,6,99,"Friday, May 26, 2023",Seller,2023
289,2,162,100,"Tuesday, August 15, 2023",Seller,2023
497,2,115,77,"Monday, September 18, 2023",Seller,2023
597,2,136,49,"Thursday, August 17, 2023",Seller,2023
685,2,70,28,"Monday, January 16, 2023",Seller,2023
756,2,11,56,"Tuesday, April 25, 2023",Seller,2023
1500,2,156,52,"Tuesday, March 7, 2023",Seller,2023
1728,2,164,5,"Sunday, March 5, 2023",Seller,2023
1940,2,195,15,"Wednesday, October 4, 2023",Seller,2023
2031,2,30,59,"Sunday, December 24, 2023",Seller,2023
2259,2,62,67,"Friday, June 16, 2023",Seller,2023
2438,2,77,41,"Monday, September 25, 2023",Seller,2023
2626,2,74,30,"Wednesday, January 11, 2023",Seller,2023
2785,2,39,84,"Wednesday, April 12, 2023",Seller,2023
2845,2,99,31,"Wednesday, July 19, 2023",Seller,2023
3214,2,169,70,"Thursday, March 16, 2023",Seller,2023
3401,2,103,44,"Thursday, September 28, 2023",Seller,2023
3778,2,20,27,"Wednesday, November 22, 2023",Seller,2023
4120,2,127,88,"Friday, February 3, 2023",Seller,2023
4188,2,44,38,"Saturday, March 25, 2023",Seller,2023
4231,2,53,75,"Sunday, May 21, 2023",Seller,2023
4330,2,44,11,"Tuesday, February 7, 2023",Seller,2023
4399,2,38,85,"Friday, September 1, 2023",Seller,2023
4660,2,154,93,"Tuesday, June 13, 2023",Seller,2023
95,2,158,56,"Wednesday, May 4, 2022",Seller,2022
250,2,26,17,"Saturday, July 9, 2022",Seller,2022
397,2,122,83,"Monday, January 2, 2023",Seller,2023
592,2,119,13,"Tuesday, August 15, 2023",Seller,2023
694,2,158,46,"Saturday, November 25, 2023",Seller,2023
717,2,133,22,"Monday, December 18, 2023",Seller,2023
807,2,106,52,"Sunday, March 17, 2024",Seller,2024
1033,2,39,11,"Tuesday, October 29, 2024",Seller,2024
1161,2,10,52,"Tuesday, June 3, 2025",Seller,2025
1295,2,130,58,"Friday, July 18, 2025",Seller,2025
1416,2,64,11,"Sunday, November 16, 2025",Seller,2025
107,35,108,50,"Sunday, September 10, 2023",Seller,2023
447,35,160,5,"Saturday, November 4, 2023",Seller,2023
885,35,79,39,"Friday, March 31, 2023",Seller,2023
1115,35,191,89,"Sunday, October 1, 2023",Seller,2023
1228,35,15,64,"Sunday, October 15, 2023",Seller,2023
1277,35,154,79,"Saturday, July 1, 2023",Seller,2023
1298,35,191,61,"Monday, April 17, 2023",Seller,2023
1592,35,5,35,"Friday, January 27, 2023",Seller,2023
2419,35,160,25,"Tuesday, March 21, 2023",Seller,2023
2809,35,143,70,"Saturday, March 25, 2023",Seller,2023
2861,35,156,9,"Wednesday, July 26, 2023",Seller,2023
2914,35,33,61,"Thursday, September 14, 2023",Seller,2023
3076,35,136,36,"Thursday, March 16, 2023",Seller,2023
3096,35,92,12,"Tuesday, December 5, 2023",Seller,2023
3195,35,82,56,"Saturday, February 18, 2023",Seller,2023
3574,35,73,55,"Monday, February 20, 2023",Seller,2023
3585,35,182,60,"Tuesday, October 31, 2023",Seller,2023
3770,35,52,89,"Tuesday, June 13, 2023",Seller,2023
3836,35,68,5,"Wednesday, March 8, 2023",Seller,2023
3983,35,185,13,"Monday, December 4, 2023",Seller,2023
4087,35,164,84,"Tuesday, January 17, 2023",Seller,2023
4199,35,179,77,"Saturday, January 28, 2023",Seller,2023
4315,35,14,62,"Tuesday, January 17, 2023",Seller,2023
4377,35,93,66,"Sunday, December 24, 2023",Seller,2023
4513,35,44,22,"Wednesday, May 17, 2023",Seller,2023
4857,35,63,50,"Saturday, March 11, 2023",Seller,2023
5020,35,12,16,"Monday, January 30, 2023",Seller,2023
5316,35,107,30,"Monday, May 8, 2023",Seller,2023
5624,35,25,57,"Monday, December 11, 2023",Seller,2023
5831,35,136,47,"Friday, March 3, 2023",Seller,2023
5837,35,129,6,"Monday, May 8, 2023",Seller,2023
5939,35,103,62,"Friday, August 25, 2023",Seller,2023
6277,35,131,35,"Friday, April 21, 2023",Seller,2023
6508,35,17,83,"Monday, July 24, 2023",Seller,2023
6891,35,76,48,"Sunday, March 5, 2023",Seller,2023
6942,35,132,24,"Tuesday, September 26, 2023",Seller,2023
7136,35,132,59,"Saturday, March 11, 2023",Seller,2023
7651,35,139,32,"Monday, January 23, 2023",Seller,2023
7652,35,33,55,"Tuesday, January 24, 2023",Seller,2023
7827,35,24,43,"Tuesday, July 4, 2023",Seller,2023
8105,35,70,70,"Friday, January 20, 2023",Seller,2023
8400,35,152,73,"Sunday, November 26, 2023",Seller,2023
8434,35,194,9,"Saturday, November 25, 2023",Seller,2023
8604,35,84,20,"Tuesday, May 9, 2023",Seller,2023
8609,35,138,85,"Sunday, July 30, 2023",Seller,2023
8931,35,64,68,"Sunday, February 19, 2023",Seller,2023
8975,35,92,76,"Wednesday, November 1, 2023",Seller,2023
9023,35,101,64,"Saturday, June 17, 2023",Seller,2023
9141,35,186,70,"Wednesday, May 24, 2023",Seller,2023
9182,35,1,82,"Wednesday, September 6, 2023",Seller,2023
9192,35,181,23,"Thursday, June 8, 2023",Seller,2023
9207,35,98,58,"Thursday, March 2, 2023",Seller,2023
9394,35,198,18,"Friday, December 29, 2023",Seller,2023
107,35,108,50,"Thursday, August 1, 2024",Seller,2024
447,35,160,5,"Saturday, October 7, 2023",Seller,2023
885,35,79,39,"Monday, October 23, 2023",Seller,2023
1115,35,191,89,"Sunday, October 1, 2023",Seller,2023
1228,35,15,64,"Sunday, October 15, 2023",Seller,2023
1277,35,154,79,"Saturday, July 1, 2023",Seller,2023
1298,35,191,61,"Monday, April 17, 2023",Seller,2023
1592,35,5,35,"Friday, January 27, 2023",Seller,2023
2419,35,160,25,"Tuesday, March 21, 2023",Seller,2023
2809,35,143,70,"Saturday, March 25, 2023",Seller,2023
2861,35,156,9,"Wednesday, July 26, 2023",Seller,2023
2914,35,33,61,"Thursday, September 14, 2023",Seller,2023
3076,35,136,36,"Thursday, March 16, 2023",Seller,2023
3096,35,92,12,"Tuesday, December 5, 2023",Seller,2023
3195,35,82,56,"Saturday, February 18, 2023",Seller,2023
3574,35,73,55,"Monday, February 20, 2023",Seller,2023
3585,35,182,60,"Tuesday, October 31, 2023",Seller,2023
3770,35,52,89,"Tuesday, June 13, 2023",Seller,2023
3836,35,68,5,"Wednesday, March 8, 2023",Seller,2023
3983,35,185,13,"Monday, December 4, 2023",Seller,2023
4087,35,164,84,"Tuesday, January 17, 2023",Seller,2023
4199,35,179,77,"Saturday, January 28, 2023",Seller,2023
4315,35,14,62,"Tuesday, January 17, 2023",Seller,2023
4377,35,93,66,"Sunday, December 24, 2023",Seller,2023
4513,35,44,22,"Wednesday, May 17, 2023",Seller,2023
68,35,80,81,"Saturday, September 3, 2022",Seller,2022
102,35,53,46,"Sunday, December 4, 2022",Seller,2022
103,35,180,82,"Wednesday, April 13, 2022",Seller,2022
240,35,97,39,"Sunday, August 28, 2022",Seller,2022
330,35,169,43,"Saturday, November 26, 2022",Seller,2022
524,35,163,11,"Sunday, August 6, 2023",Seller,2023
562,35,184,31,"Sunday, July 16, 2023",Seller,2023
727,35,111,18,"Thursday, December 28, 2023",Seller,2023
729,35,162,40,"Saturday, December 30, 2023",Seller,2023
939,35,2,68,"Saturday, July 27, 2024",Seller,2024
1072,35,61,86,"Friday, July 12, 2024",Seller,2024
1082,35,70,20,"Tuesday, December 17, 2024",Seller,2024
1150,35,107,45,"Sunday, February 23, 2025",Seller,2025
1162,35,183,34,"Thursday, July 3, 2025",Seller,2025
1172,35,52,89,"Monday, March 17, 2025",Seller,2025
1259,35,92,10,"Saturday, December 6, 2025",Seller,2025
1293,35,54,52,"Wednesday, July 16, 2025",Seller,2025
1344,35,40,35,"Friday, May 9, 2025",Seller,2025
1353,35,175,37,"Sunday, September 14, 2025",Seller,2025
1462,35,80,88,"Thursday, January 1, 2026",Seller,2026
1465,35,113,45,"Wednesday, April 1, 2026",Seller,2026
235,33,162,34,"Sunday, November 19, 2023",Seller,2023
385,33,135,5,"Monday, April 10, 2023",Seller,2023
477,33,148,96,"Sunday, May 28, 2023",Seller,2023
593,33,180,40,"Friday, May 5, 2023",Seller,2023
767,33,51,50,"Monday, July 24, 2023",Seller,2023
798,33,107,43,"Monday, October 2, 2023",Seller,2023
818,33,61,84,"Wednesday, July 12, 2023",Seller,2023
841,33,14,88,"Sunday, October 1, 2023",Seller,2023
1236,33,29,62,"Tuesday, January 31, 2023",Seller,2023
1385,33,65,34,"Saturday, April 29, 2023",Seller,2023
2187,33,98,10,"Thursday, June 29, 2023",Seller,2023
2254,33,158,10,"Monday, May 22, 2023",Seller,2023
2407,33,162,95,"Sunday, January 1, 2023",Seller,2023
2522,33,10,27,"Saturday, July 8, 2023",Seller,2023
2552,33,181,51,"Sunday, April 9, 2023",Seller,2023
2641,33,156,34,"Friday, July 21, 2023",Seller,2023
2689,33,17,33,"Saturday, June 17, 2023",Seller,2023
2897,33,24,51,"Friday, November 24, 2023",Seller,2023
2994,33,186,64,"Thursday, October 26, 2023",Seller,2023
3080,33,20,42,"Saturday, August 5, 2023",Seller,2023
3374,33,189,70,"Sunday, January 22, 2023",Seller,2023
3698,33,113,75,"Friday, June 30, 2023",Seller,2023
4158,33,196,56,"Wednesday, August 30, 2023",Seller,2023
4159,33,144,24,"Friday, January 6, 2023",Seller,2023
4531,33,171,14,"Saturday, March 18, 2023",Seller,2023
4619,33,69,63,"Tuesday, May 23, 2023",Seller,2023
5126,33,137,100,"Tuesday, April 18, 2023",Seller,2023
5225,33,56,66,"Friday, March 31, 2023",Seller,2023
5444,33,6,40,"Tuesday, January 3, 2023",Seller,2023
5497,33,121,81,"Monday, February 6, 2023",Seller,2023
5525,33,102,29,"Wednesday, October 11, 2023",Seller,2023
5557,33,4,65,"Tuesday, July 4, 2023",Seller,2023
5677,33,105,77,"Saturday, February 11, 2023",Seller,2023
6015,33,164,88,"Saturday, September 9, 2023",Seller,2023
6325,33,187,70,"Wednesday, October 4, 2023",Seller,2023
6397,33,6,85,"Friday, August 25, 2023",Seller,2023
6749,33,98,25,"Friday, September 29, 2023",Seller,2023
6787,33,60,72,"Sunday, May 14, 2023",Seller,2023
7024,33,165,68,"Tuesday, October 3, 2023",Seller,2023
7225,33,124,98,"Tuesday, August 22, 2023",Seller,2023
7429,33,52,6,"Friday, February 10, 2023",Seller,2023
7674,33,46,7,"Friday, December 22, 2023",Seller,2023
7977,33,81,69,"Thursday, November 16, 2023",Seller,2023
8024,33,116,20,"Saturday, February 11, 2023",Seller,2023
8587,33,100,6,"Monday, January 2, 2023",Seller,2023
8985,33,130,6,"Monday, January 30, 2023",Seller,2023
9297,33,30,73,"Wednesday, April 19, 2023",Seller,2023
9378,33,130,64,"Friday, July 14, 2023",Seller,2023
9476,33,61,76,"Wednesday, January 4, 2023",Seller,2023
9494,33,29,85,"Monday, April 17, 2023",Seller,2023
9521,33,28,71,"Monday, November 13, 2023",Seller,2023
235,33,162,34,"Wednesday, May 31, 2023",Seller,2023
385,33,135,5,"Thursday, April 13, 2023",Seller,2023
477,33,148,96,"Monday, August 21, 2023",Seller,2023
593,33,180,40,"Wednesday, November 8, 2023",Seller,2023
767,33,51,50,"Thursday, October 5, 2023",Seller,2023
798,33,107,43,"Thursday, June 22, 2023",Seller,2023
818,33,61,84,"Thursday, July 20, 2023",Seller,2023
841,33,14,88,"Tuesday, August 22, 2023",Seller,2023
1236,33,29,62,"Tuesday, January 31, 2023",Seller,2023
1385,33,65,34,"Saturday, April 29, 2023",Seller,2023
2187,33,98,10,"Thursday, June 29, 2023",Seller,2023
2254,33,158,10,"Monday, May 22, 2023",Seller,2023
2407,33,162,95,"Sunday, January 1, 2023",Seller,2023
2522,33,10,27,"Saturday, July 8, 2023",Seller,2023
2552,33,181,51,"Sunday, April 9, 2023",Seller,2023
2641,33,156,34,"Friday, July 21, 2023",Seller,2023
2689,33,17,33,"Saturday, June 17, 2023",Seller,2023
2897,33,24,51,"Friday, November 24, 2023",Seller,2023
2994,33,186,64,"Thursday, October 26, 2023",Seller,2023
3080,33,20,42,"Saturday, August 5, 2023",Seller,2023
3374,33,189,70,"Sunday, January 22, 2023",Seller,2023
3698,33,113,75,"Friday, June 30, 2023",Seller,2023
4158,33,196,56,"Wednesday, August 30, 2023",Seller,2023
4159,33,144,24,"Friday, January 6, 2023",Seller,2023
4531,33,171,14,"Saturday, March 18, 2023",Seller,2023
4619,33,69,63,"Tuesday, May 23, 2023",Seller,2023
38,33,183,27,"Saturday, July 2, 2022",Seller,2022
61,33,125,20,"Thursday, February 3, 2022",Seller,2022
122,33,2,99,"Saturday, February 5, 2022",Seller,2022
123,33,13,57,"Saturday, March 5, 2022",Seller,2022
195,33,106,21,"Thursday, July 14, 2022",Seller,2022
223,33,117,61,"Tuesday, November 8, 2022",Seller,2022
244,33,192,38,"Sunday, January 9, 2022",Seller,2022
416,33,97,81,"Monday, February 20, 2023",Seller,2023
465,33,174,50,"Wednesday, October 4, 2023",Seller,2023
481,33,155,16,"Wednesday, April 26, 2023",Seller,2023
514,33,61,45,"Monday, May 29, 2023",Seller,2023
578,33,149,51,"Sunday, January 8, 2023",Seller,2023
664,33,55,69,"Thursday, October 26, 2023",Seller,2023
701,33,163,100,"Sunday, February 12, 2023",Seller,2023
778,33,129,96,"Saturday, February 17, 2024",Seller,2024
953,33,111,41,"Tuesday, October 8, 2024",Seller,2024
959,33,107,66,"Friday, August 16, 2024",Seller,2024
1156,33,3,19,"Friday, January 3, 2025",Seller,2025
1286,33,188,55,"Sunday, September 7, 2025",Seller,2025
1335,33,29,29,"Wednesday, August 27, 2025",Seller,2025
1404,33,24,30,"Friday, April 11, 2025",Seller,2025
1425,33,119,75,"Tuesday, November 25, 2025",Seller,2025
33,29,97,52,"Tuesday, June 6, 2023",Seller,2023
120,29,43,100,"Monday, May 29, 2023",Seller,2023
147,29,73,83,"Wednesday, September 27, 2023",Seller,2023
317,29,91,55,"Monday, September 4, 2023",Seller,2023
527,29,138,8,"Monday, October 23, 2023",Seller,2023
553,29,30,53,"Sunday, October 1, 2023",Seller,2023
667,29,80,32,"Sunday, October 1, 2023",Seller,2023
833,29,168,30,"Tuesday, February 21, 2023",Seller,2023
1082,29,150,72,"Monday, January 16, 2023",Seller,2023
1352,29,146,21,"Saturday, April 1, 2023",Seller,2023
1482,29,91,25,"Monday, June 26, 2023",Seller,2023
1600,29,86,12,"Saturday, June 17, 2023",Seller,2023
1777,29,114,64,"Sunday, January 29, 2023",Seller,2023
2235,29,137,5,"Friday, December 22, 2023",Seller,2023
2535,29,102,98,"Wednesday, September 27, 2023",Seller,2023
2882,29,98,62,"Tuesday, June 27, 2023",Seller,2023
3384,29,76,15,"Wednesday, June 7, 2023",Seller,2023
3411,29,14,37,"Tuesday, July 11, 2023",Seller,2023
3564,29,159,97,"Sunday, March 12, 2023",Seller,2023
3655,29,81,94,"Thursday, May 11, 2023",Seller,2023
3713,29,65,14,"Tuesday, February 7, 2023",Seller,2023
3774,29,150,100,"Wednesday, December 20, 2023",Seller,2023
4234,29,88,60,"Saturday, March 4, 2023",Seller,2023
4290,29,53,42,"Saturday, March 11, 2023",Seller,2023
4577,29,191,79,"Sunday, April 16, 2023",Seller,2023
4733,29,5,100,"Monday, August 7, 2023",Seller,2023
4772,29,134,98,"Friday, July 21, 2023",Seller,2023
5021,29,106,31,"Monday, May 29, 2023",Seller,2023
5911,29,194,23,"Wednesday, August 16, 2023",Seller,2023
5937,29,159,99,"Tuesday, December 19, 2023",Seller,2023
5976,29,98,90,"Tuesday, November 14, 2023",Seller,2023
6093,29,40,69,"Friday, June 23, 2023",Seller,2023
6123,29,23,58,"Sunday, August 27, 2023",Seller,2023
6132,29,196,95,"Sunday, November 26, 2023",Seller,2023
6413,29,119,94,"Friday, May 26, 2023",Seller,2023
6705,29,121,20,"Sunday, December 17, 2023",Seller,2023
6862,29,43,46,"Sunday, May 14, 2023",Seller,2023
6916,29,162,77,"Thursday, August 31, 2023",Seller,2023
6939,29,25,23,"Thursday, August 31, 2023",Seller,2023
7035,29,108,89,"Tuesday, December 12, 2023",Seller,2023
7134,29,101,80,"Monday, December 11, 2023",Seller,2023
7303,29,155,24,"Sunday, March 5, 2023",Seller,2023
7373,29,120,88,"Saturday, July 29, 2023",Seller,2023
7424,29,185,32,"Monday, March 6, 2023",Seller,2023
8341,29,64,95,"Sunday, March 12, 2023",Seller,2023
8464,29,32,84,"Saturday, April 1, 2023",Seller,2023
8599,29,196,98,"Sunday, July 23, 2023",Seller,2023
8728,29,88,96,"Monday, October 9, 2023",Seller,2023
8811,29,97,35,"Wednesday, December 20, 2023",Seller,2023
8937,29,184,64,"Thursday, June 22, 2023",Seller,2023
9010,29,123,66,"Monday, February 6, 2023",Seller,2023
9465,29,38,95,"Friday, October 13, 2023",Seller,2023
9513,29,5,52,"Friday, May 19, 2023",Seller,2023
9838,29,41,61,"Wednesday, December 13, 2023",Seller,2023
9919,29,68,47,"Sunday, May 14, 2023",Seller,2023
120,29,43,100,"Thursday, January 25, 2024",Seller,2024
147,29,73,83,"Friday, January 27, 2023",Seller,2023
317,29,91,55,"Friday, September 22, 2023",Seller,2023
527,29,138,8,"Sunday, November 5, 2023",Seller,2023
553,29,30,53,"Friday, June 16, 2023",Seller,2023
667,29,80,32,"Thursday, November 23, 2023",Seller,2023
833,29,168,30,"Sunday, October 8, 2023",Seller,2023
1082,29,150,72,"Monday, January 16, 2023",Seller,2023
1352,29,146,21,"Saturday, April 1, 2023",Seller,2023
1482,29,91,25,"Monday, June 26, 2023",Seller,2023
1600,29,86,12,"Saturday, June 17, 2023",Seller,2023
1777,29,114,64,"Sunday, January 29, 2023",Seller,2023
2235,29,137,5,"Friday, December 22, 2023",Seller,2023
2535,29,102,98,"Wednesday, September 27, 2023",Seller,2023
2882,29,98,62,"Tuesday, June 27, 2023",Seller,2023
3384,29,76,15,"Wednesday, June 7, 2023",Seller,2023
3411,29,14,37,"Tuesday, July 11, 2023",Seller,2023
3564,29,159,97,"Sunday, March 12, 2023",Seller,2023
3655,29,81,94,"Thursday, May 11, 2023",Seller,2023
3713,29,65,14,"Tuesday, February 7, 2023",Seller,2023
3774,29,150,100,"Wednesday, December 20, 2023",Seller,2023
4234,29,88,60,"Saturday, March 4, 2023",Seller,2023
4290,29,53,42,"Saturday, March 11, 2023",Seller,2023
4577,29,191,79,"Sunday, April 16, 2023",Seller,2023
4733,29,5,100,"Monday, August 7, 2023",Seller,2023
4772,29,134,98,"Friday, July 21, 2023",Seller,2023
3,29,60,51,"Tuesday, March 1, 2022",Seller,2022
5,29,174,65,"Sunday, May 1, 2022",Seller,2022
106,29,57,69,"Saturday, April 16, 2022",Seller,2022
381,29,181,79,"Monday, January 16, 2023",Seller,2023
555,29,187,91,"Thursday, September 7, 2023",Seller,2023
606,29,157,35,"Tuesday, August 29, 2023",Seller,2023
614,29,57,10,"Friday, June 9, 2023",Seller,2023
627,29,182,81,"Tuesday, September 19, 2023",Seller,2023
705,29,116,82,"Monday, June 12, 2023",Seller,2023
741,29,148,73,"Friday, November 1, 2024",Seller,2024
913,29,181,48,"Sunday, January 7, 2024",Seller,2024
995,29,102,40,"Saturday, September 21, 2024",Seller,2024
1022,29,172,17,"Friday, October 18, 2024",Seller,2024
1070,29,125,72,"Sunday, May 12, 2024",Seller,2024
1196,29,69,66,"Saturday, October 4, 2025",Seller,2025
1203,29,47,40,"Thursday, April 17, 2025",Seller,2025
1230,29,140,80,"Wednesday, May 14, 2025",Seller,2025
1375,29,65,43,"Tuesday, June 10, 2025",Seller,2025
299,12,169,28,"Sunday, August 13, 2023",Seller,2023
305,12,166,90,"Thursday, April 20, 2023",Seller,2023
797,12,36,40,"Wednesday, December 13, 2023",Seller,2023
930,12,34,30,"Wednesday, November 29, 2023",Seller,2023
1053,12,8,63,"Saturday, March 11, 2023",Seller,2023
1341,12,115,84,"Sunday, July 2, 2023",Seller,2023
1381,12,100,36,"Saturday, May 6, 2023",Seller,2023
1421,12,103,35,"Wednesday, January 11, 2023",Seller,2023
1437,12,122,41,"Friday, November 3, 2023",Seller,2023
1533,12,54,53,"Sunday, October 8, 2023",Seller,2023
1765,12,65,93,"Sunday, December 10, 2023",Seller,2023
1883,12,164,50,"Wednesday, November 15, 2023",Seller,2023
1955,12,50,94,"Wednesday, August 23, 2023",Seller,2023
2718,12,98,56,"Wednesday, November 15, 2023",Seller,2023
2787,12,10,46,"Thursday, September 14, 2023",Seller,2023
2905,12,63,88,"Sunday, July 23, 2023",Seller,2023
2909,12,97,36,"Sunday, July 23, 2023",Seller,2023
3035,12,7,55,"Sunday, October 29, 2023",Seller,2023
3135,12,185,91,"Tuesday, May 23, 2023",Seller,2023
3176,12,126,58,"Sunday, April 9, 2023",Seller,2023
3390,12,187,13,"Friday, September 8, 2023",Seller,2023
3614,12,140,19,"Monday, December 18, 2023",Seller,2023
3693,12,36,48,"Monday, May 22, 2023",Seller,2023
3842,12,98,15,"Thursday, January 12, 2023",Seller,2023
3924,12,54,91,"Friday, December 1, 2023",Seller,2023
3937,12,118,39,"Saturday, February 11, 2023",Seller,2023
4256,12,190,20,"Saturday, July 8, 2023",Seller,2023
5582,12,9,70,"Tuesday, July 25, 2023",Seller,2023
5669,12,128,26,"Monday, May 1, 2023",Seller,2023
5922,12,22,96,"Wednesday, December 13, 2023",Seller,2023
6022,12,137,69,"Sunday, May 28, 2023",Seller,2023
6157,12,6,74,"Wednesday, February 1, 2023",Seller,2023
6163,12,32,79,"Sunday, July 23, 2023",Seller,2023
6327,12,20,6,"Sunday, April 2, 2023",Seller,2023
6505,12,71,34,"Monday, October 30, 2023",Seller,2023
6513,12,195,42,"Monday, May 1, 2023",Seller,2023
6648,12,133,73,"Thursday, April 27, 2023",Seller,2023
6709,12,40,64,"Thursday, March 23, 2023",Seller,2023
7151,12,65,66,"Sunday, April 9, 2023",Seller,2023
7697,12,193,52,"Wednesday, September 6, 2023",Seller,2023
7814,12,180,90,"Tuesday, May 23, 2023",Seller,2023
7894,12,36,67,"Friday, December 8, 2023",Seller,2023
7962,12,96,61,"Friday, October 13, 2023",Seller,2023
8049,12,50,14,"Monday, August 21, 2023",Seller,2023
8570,12,80,64,"Thursday, July 13, 2023",Seller,2023
8652,12,153,43,"Friday, March 3, 2023",Seller,2023
8677,12,199,39,"Friday, November 17, 2023",Seller,2023
8802,12,65,97,"Tuesday, September 26, 2023",Seller,2023
8823,12,17,31,"Saturday, January 28, 2023",Seller,2023
8908,12,131,95,"Thursday, September 7, 2023",Seller,2023
8963,12,107,35,"Wednesday, April 5, 2023",Seller,2023
9292,12,168,47,"Saturday, April 15, 2023",Seller,2023
9401,12,147,59,"Sunday, October 29, 2023",Seller,2023
9534,12,139,33,"Tuesday, November 21, 2023",Seller,2023
9571,12,143,73,"Tuesday, September 19, 2023",Seller,2023
9796,12,76,19,"Wednesday, January 11, 2023",Seller,2023
9949,12,151,44,"Friday, March 24, 2023",Seller,2023
9989,12,118,54,"Sunday, February 5, 2023",Seller,2023
299,12,169,28,"Tuesday, August 29, 2023",Seller,2023
305,12,166,90,"Friday, June 9, 2023",Seller,2023
797,12,36,40,"Wednesday, June 21, 2023",Seller,2023
930,12,34,30,"Monday, December 25, 2023",Seller,2023
1053,12,8,63,"Saturday, March 11, 2023",Seller,2023
1341,12,115,84,"Sunday, July 2, 2023",Seller,2023
1381,12,100,36,"Saturday, May 6, 2023",Seller,2023
1421,12,103,35,"Wednesday, January 11, 2023",Seller,2023
1437,12,122,41,"Friday, November 3, 2023",Seller,2023
1533,12,54,53,"Sunday, October 8, 2023",Seller,2023
1765,12,65,93,"Sunday, December 10, 2023",Seller,2023
1883,12,164,50,"Wednesday, November 15, 2023",Seller,2023
1955,12,50,94,"Wednesday, August 23, 2023",Seller,2023
2718,12,98,56,"Wednesday, November 15, 2023",Seller,2023
2787,12,10,46,"Thursday, September 14, 2023",Seller,2023
2905,12,63,88,"Sunday, July 23, 2023",Seller,2023
2909,12,97,36,"Sunday, July 23, 2023",Seller,2023
3035,12,7,55,"Sunday, October 29, 2023",Seller,2023
3135,12,185,91,"Tuesday, May 23, 2023",Seller,2023
3176,12,126,58,"Sunday, April 9, 2023",Seller,2023
3390,12,187,13,"Friday, September 8, 2023",Seller,2023
3614,12,140,19,"Monday, December 18, 2023",Seller,2023
3693,12,36,48,"Monday, May 22, 2023",Seller,2023
3842,12,98,15,"Thursday, January 12, 2023",Seller,2023
3924,12,54,91,"Friday, December 1, 2023",Seller,2023
3937,12,118,39,"Saturday, February 11, 2023",Seller,2023
4256,12,190,20,"Saturday, July 8, 2023",Seller,2023
6,12,99,69,"Wednesday, June 1, 2022",Seller,2022
221,12,138,95,"Thursday, September 8, 2022",Seller,2022
270,12,46,87,"Tuesday, September 27, 2022",Seller,2022
275,12,133,41,"Thursday, February 10, 2022",Seller,2022
278,12,169,75,"Tuesday, May 10, 2022",Seller,2022
394,12,11,30,"Sunday, January 29, 2023",Seller,2023
442,12,69,74,"Saturday, March 18, 2023",Seller,2023
450,12,28,58,"Sunday, March 26, 2023",Seller,2023
748,12,151,46,"Thursday, January 18, 2024",Seller,2024
926,12,15,35,"Sunday, July 14, 2024",Seller,2024
927,12,143,98,"Monday, July 15, 2024",Seller,2024
1142,12,117,57,"Saturday, February 15, 2025",Seller,2025
1175,12,48,77,"Thursday, March 20, 2025",Seller,2025
1299,12,28,32,"Tuesday, July 22, 2025",Seller,2025
1303,12,33,47,"Saturday, July 26, 2025",Seller,2025
1361,12,97,66,"Monday, September 22, 2025",Seller,2025
117,30,139,76,"Monday, March 20, 2023",Seller,2023
144,30,116,58,"Friday, June 2, 2023",Seller,2023
696,30,92,25,"Monday, May 1, 2023",Seller,2023
983,30,122,18,"Wednesday, December 13, 2023",Seller,2023
997,30,192,15,"Thursday, June 1, 2023",Seller,2023
1014,30,127,22,"Thursday, September 14, 2023",Seller,2023
1172,30,24,67,"Friday, December 15, 2023",Seller,2023
1416,30,78,7,"Wednesday, August 23, 2023",Seller,2023
1638,30,14,91,"Saturday, February 4, 2023",Seller,2023
1985,30,135,68,"Tuesday, November 7, 2023",Seller,2023
2106,30,162,60,"Tuesday, April 4, 2023",Seller,2023
2556,30,132,52,"Monday, April 17, 2023",Seller,2023
2605,30,196,11,"Friday, May 26, 2023",Seller,2023
2755,30,200,31,"Sunday, October 29, 2023",Seller,2023
2946,30,125,46,"Thursday, April 27, 2023",Seller,2023
3050,30,138,12,"Wednesday, May 10, 2023",Seller,2023
3110,30,26,97,"Tuesday, April 18, 2023",Seller,2023
3254,30,69,72,"Saturday, July 1, 2023",Seller,2023
3341,30,115,100,"Monday, December 4, 2023",Seller,2023
3440,30,191,34,"Tuesday, July 18, 2023",Seller,2023
3575,30,153,26,"Sunday, February 12, 2023",Seller,2023
3863,30,44,47,"Wednesday, April 5, 2023",Seller,2023
4157,30,43,27,"Monday, November 20, 2023",Seller,2023
4168,30,180,36,"Thursday, October 5, 2023",Seller,2023
4259,30,77,80,"Friday, January 13, 2023",Seller,2023
4347,30,149,43,"Thursday, February 9, 2023",Seller,2023
4361,30,5,17,"Friday, October 27, 2023",Seller,2023
5094,30,18,71,"Friday, April 14, 2023",Seller,2023
5124,30,166,32,"Monday, October 30, 2023",Seller,2023
5182,30,116,69,"Thursday, July 6, 2023",Seller,2023
5551,30,189,62,"Saturday, August 26, 2023",Seller,2023
5716,30,138,59,"Friday, August 4, 2023",Seller,2023
5908,30,146,51,"Friday, August 18, 2023",Seller,2023
5961,30,88,91,"Thursday, October 19, 2023",Seller,2023
6054,30,59,89,"Sunday, January 1, 2023",Seller,2023
6187,30,123,46,"Wednesday, October 4, 2023",Seller,2023
6260,30,75,57,"Tuesday, May 2, 2023",Seller,2023
6329,30,108,92,"Monday, April 10, 2023",Seller,2023
6770,30,86,35,"Thursday, November 16, 2023",Seller,2023
6867,30,85,50,"Monday, April 3, 2023",Seller,2023
6998,30,146,62,"Friday, January 27, 2023",Seller,2023
7064,30,192,96,"Saturday, August 12, 2023",Seller,2023
7090,30,57,45,"Thursday, May 25, 2023",Seller,2023
7249,30,135,92,"Saturday, November 25, 2023",Seller,2023
7252,30,124,73,"Monday, July 31, 2023",Seller,2023
7397,30,127,33,"Monday, July 31, 2023",Seller,2023
8007,30,153,35,"Monday, August 21, 2023",Seller,2023
8282,30,85,96,"Friday, September 8, 2023",Seller,2023
8389,30,8,64,"Thursday, February 16, 2023",Seller,2023
8528,30,98,38,"Thursday, March 2, 2023",Seller,2023
8896,30,161,5,"Sunday, December 3, 2023",Seller,2023
9470,30,32,10,"Thursday, July 6, 2023",Seller,2023
9540,30,27,17,"Friday, May 12, 2023",Seller,2023
9553,30,70,26,"Saturday, July 29, 2023",Seller,2023
9682,30,102,17,"Friday, December 1, 2023",Seller,2023
9685,30,100,90,"Thursday, September 14, 2023",Seller,2023
9859,30,115,15,"Thursday, May 4, 2023",Seller,2023
117,30,139,76,"Monday, January 22, 2024",Seller,2024
144,30,116,58,"Tuesday, January 24, 2023",Seller,2023
696,30,92,25,"Tuesday, January 31, 2023",Seller,2023
983,30,122,18,"Wednesday, July 3, 2024",Seller,2024
997,30,192,15,"Wednesday, March 27, 2024",Seller,2024
1014,30,127,22,"Thursday, September 14, 2023",Seller,2023
1172,30,24,67,"Friday, December 15, 2023",Seller,2023
1416,30,78,7,"Wednesday, August 23, 2023",Seller,2023
1638,30,14,91,"Saturday, February 4, 2023",Seller,2023
1985,30,135,68,"Tuesday, November 7, 2023",Seller,2023
2106,30,162,60,"Tuesday, April 4, 2023",Seller,2023
2556,30,132,52,"Monday, April 17, 2023",Seller,2023
2605,30,196,11,"Friday, May 26, 2023",Seller,2023
2755,30,200,31,"Sunday, October 29, 2023",Seller,2023
2946,30,125,46,"Thursday, April 27, 2023",Seller,2023
3050,30,138,12,"Wednesday, May 10, 2023",Seller,2023
3110,30,26,97,"Tuesday, April 18, 2023",Seller,2023
3254,30,69,72,"Saturday, July 1, 2023",Seller,2023
3341,30,115,100,"Monday, December 4, 2023",Seller,2023
3440,30,191,34,"Tuesday, July 18, 2023",Seller,2023
3575,30,153,26,"Sunday, February 12, 2023",Seller,2023
3863,30,44,47,"Wednesday, April 5, 2023",Seller,2023
4157,30,43,27,"Monday, November 20, 2023",Seller,2023
4168,30,180,36,"Thursday, October 5, 2023",Seller,2023
4259,30,77,80,"Friday, January 13, 2023",Seller,2023
4347,30,149,43,"Thursday, February 9, 2023",Seller,2023
4361,30,5,17,"Friday, October 27, 2023",Seller,2023
28,30,88,11,"Friday, January 28, 2022",Seller,2022
171,30,121,87,"Monday, June 20, 2022",Seller,2022
173,30,49,77,"Wednesday, June 22, 2022",Seller,2022
405,30,157,86,"Saturday, September 2, 2023",Seller,2023
425,30,52,89,"Tuesday, January 3, 2023",Seller,2023
457,30,70,40,"Saturday, February 4, 2023",Seller,2023
883,30,38,60,"Saturday, January 6, 2024",Seller,2024
957,30,134,48,"Wednesday, August 14, 2024",Seller,2024
972,30,194,81,"Thursday, August 29, 2024",Seller,2024
1026,30,135,72,"Tuesday, October 22, 2024",Seller,2024
1159,30,111,23,"Thursday, April 3, 2025",Seller,2025
1169,30,183,32,"Friday, March 14, 2025",Seller,2025
1226,30,26,20,"Sunday, October 5, 2025",Seller,2025
1241,30,112,45,"Sunday, May 25, 2025",Seller,2025
1257,30,58,96,"Monday, October 6, 2025",Seller,2025
1308,30,28,51,"Thursday, July 31, 2025",Seller,2025
1326,30,80,98,"Monday, August 18, 2025",Seller,2025
1487,30,36,96,"Monday, January 26, 2026",Seller,2026
138,3,79,52,"Sunday, March 12, 2023",Seller,2023
246,3,154,97,"Thursday, November 30, 2023",Seller,2023
724,3,59,42,"Tuesday, July 4, 2023",Seller,2023
870,3,68,95,"Thursday, August 17, 2023",Seller,2023
874,3,68,35,"Wednesday, June 28, 2023",Seller,2023
988,3,150,70,"Monday, July 3, 2023",Seller,2023
1064,3,71,77,"Thursday, February 23, 2023",Seller,2023
1094,3,60,18,"Thursday, November 9, 2023",Seller,2023
1602,3,160,86,"Saturday, September 30, 2023",Seller,2023
1801,3,49,13,"Sunday, August 13, 2023",Seller,2023
2002,3,78,55,"Thursday, February 16, 2023",Seller,2023
2127,3,147,64,"Monday, July 24, 2023",Seller,2023
2171,3,112,30,"Friday, January 13, 2023",Seller,2023
2239,3,34,87,"Monday, October 30, 2023",Seller,2023
2330,3,115,91,"Monday, January 2, 2023",Seller,2023
2561,3,112,95,"Tuesday, March 7, 2023",Seller,2023
2712,3,69,35,"Sunday, November 5, 2023",Seller,2023
2802,3,86,63,"Tuesday, October 10, 2023",Seller,2023
2876,3,110,82,"Sunday, July 9, 2023",Seller,2023
2880,3,162,89,"Wednesday, November 15, 2023",Seller,2023
2992,3,127,15,"Saturday, July 8, 2023",Seller,2023
3307,3,84,60,"Saturday, November 18, 2023",Seller,2023
3335,3,69,64,"Tuesday, December 12, 2023",Seller,2023
3666,3,141,69,"Friday, July 14, 2023",Seller,2023
3809,3,86,46,"Monday, June 26, 2023",Seller,2023
3866,3,187,30,"Sunday, October 15, 2023",Seller,2023
4968,3,60,56,"Wednesday, August 9, 2023",Seller,2023
5378,3,73,64,"Thursday, January 5, 2023",Seller,2023
5796,3,167,66,"Thursday, January 5, 2023",Seller,2023
5856,3,178,25,"Wednesday, January 11, 2023",Seller,2023
5913,3,42,17,"Tuesday, December 26, 2023",Seller,2023
5969,3,198,79,"Tuesday, December 5, 2023",Seller,2023
6055,3,125,77,"Monday, October 9, 2023",Seller,2023
6454,3,46,56,"Sunday, June 11, 2023",Seller,2023
6490,3,177,79,"Saturday, November 25, 2023",Seller,2023
6518,3,167,71,"Monday, July 17, 2023",Seller,2023
6680,3,31,22,"Saturday, September 30, 2023",Seller,2023
6971,3,12,39,"Tuesday, December 26, 2023",Seller,2023
7003,3,49,15,"Wednesday, June 7, 2023",Seller,2023
7016,3,132,31,"Tuesday, November 7, 2023",Seller,2023
7087,3,191,7,"Friday, January 13, 2023",Seller,2023
7155,3,155,59,"Saturday, July 1, 2023",Seller,2023
7567,3,119,56,"Sunday, May 7, 2023",Seller,2023
7577,3,171,97,"Saturday, October 21, 2023",Seller,2023
7583,3,26,36,"Saturday, July 29, 2023",Seller,2023
7901,3,103,22,"Saturday, May 27, 2023",Seller,2023
7938,3,94,98,"Friday, September 8, 2023",Seller,2023
8051,3,60,80,"Wednesday, March 29, 2023",Seller,2023
8165,3,51,77,"Saturday, August 26, 2023",Seller,2023
8251,3,34,77,"Wednesday, May 31, 2023",Seller,2023
8269,3,115,26,"Tuesday, June 6, 2023",Seller,2023
8378,3,137,99,"Wednesday, February 22, 2023",Seller,2023
8430,3,12,40,"Monday, July 10, 2023",Seller,2023
8489,3,25,98,"Monday, September 4, 2023",Seller,2023
8796,3,76,91,"Wednesday, July 5, 2023",Seller,2023
9000,3,196,6,"Tuesday, February 21, 2023",Seller,2023
9223,3,31,49,"Sunday, January 29, 2023",Seller,2023
9257,3,176,54,"Saturday, April 1, 2023",Seller,2023
9258,3,123,70,"Tuesday, June 13, 2023",Seller,2023
9365,3,183,63,"Monday, January 30, 2023",Seller,2023
9561,3,80,76,"Wednesday, February 8, 2023",Seller,2023
9918,3,46,66,"Thursday, November 30, 2023",Seller,2023
17,3,196,200,"Sunday, April 9, 2023",Seller,2023
138,3,79,52,"Monday, January 16, 2023",Seller,2023
246,3,154,97,"Thursday, June 15, 2023",Seller,2023
724,3,59,42,"Tuesday, October 3, 2023",Seller,2023
870,3,68,95,"Friday, February 10, 2023",Seller,2023
874,3,68,35,"Saturday, June 10, 2023",Seller,2023
988,3,150,70,"Thursday, March 14, 2024",Seller,2024
1064,3,71,77,"Thursday, February 23, 2023",Seller,2023
1094,3,60,18,"Thursday, November 9, 2023",Seller,2023
1602,3,160,86,"Saturday, September 30, 2023",Seller,2023
1801,3,49,13,"Sunday, August 13, 2023",Seller,2023
2002,3,78,55,"Thursday, February 16, 2023",Seller,2023
2127,3,147,64,"Monday, July 24, 2023",Seller,2023
2171,3,112,30,"Friday, January 13, 2023",Seller,2023
2239,3,34,87,"Monday, October 30, 2023",Seller,2023
2330,3,115,91,"Monday, January 2, 2023",Seller,2023
2561,3,112,95,"Tuesday, March 7, 2023",Seller,2023
2712,3,69,35,"Sunday, November 5, 2023",Seller,2023
2802,3,86,63,"Tuesday, October 10, 2023",Seller,2023
2876,3,110,82,"Sunday, July 9, 2023",Seller,2023
2880,3,162,89,"Wednesday, November 15, 2023",Seller,2023
2992,3,127,15,"Saturday, July 8, 2023",Seller,2023
3307,3,84,60,"Saturday, November 18, 2023",Seller,2023
3335,3,69,64,"Tuesday, December 12, 2023",Seller,2023
3666,3,141,69,"Friday, July 14, 2023",Seller,2023
3809,3,86,46,"Monday, June 26, 2023",Seller,2023
3866,3,187,30,"Sunday, October 15, 2023",Seller,2023
134,3,179,39,"Saturday, May 14, 2022",Seller,2022
417,3,172,22,"Tuesday, February 21, 2023",Seller,2023
653,3,142,28,"Sunday, October 15, 2023",Seller,2023
792,3,7,86,"Saturday, February 3, 2024",Seller,2024
832,3,155,93,"Monday, November 4, 2024",Seller,2024
887,3,165,64,"Monday, May 6, 2024",Seller,2024
909,3,144,10,"Thursday, June 27, 2024",Seller,2024
982,3,57,71,"Friday, August 9, 2024",Seller,2024
1015,3,94,78,"Sunday, November 10, 2024",Seller,2024
1118,3,50,14,"Wednesday, January 22, 2025",Seller,2025
1231,3,77,31,"Thursday, May 15, 2025",Seller,2025
1256,3,200,41,"Saturday, September 6, 2025",Seller,2025
1471,3,28,88,"Thursday, October 1, 2026",Seller,2026
179,18,168,95,"Saturday, December 16, 2023",Seller,2023
736,18,54,73,"Friday, December 8, 2023",Seller,2023
787,18,138,21,"Wednesday, November 15, 2023",Seller,2023
859,18,195,12,"Tuesday, May 16, 2023",Seller,2023
1340,18,141,91,"Sunday, March 19, 2023",Seller,2023
1579,18,79,21,"Thursday, March 30, 2023",Seller,2023
1653,18,50,75,"Saturday, November 11, 2023",Seller,2023
2199,18,27,66,"Wednesday, March 8, 2023",Seller,2023
2243,18,121,5,"Tuesday, August 1, 2023",Seller,2023
2377,18,185,9,"Thursday, January 26, 2023",Seller,2023
2576,18,136,34,"Wednesday, May 17, 2023",Seller,2023
2824,18,125,6,"Monday, March 27, 2023",Seller,2023
2935,18,141,52,"Thursday, March 30, 2023",Seller,2023
3311,18,10,51,"Saturday, December 30, 2023",Seller,2023
3565,18,100,67,"Tuesday, March 7, 2023",Seller,2023
3874,18,161,72,"Tuesday, July 25, 2023",Seller,2023
4096,18,44,53,"Wednesday, June 21, 2023",Seller,2023
4118,18,128,76,"Thursday, March 9, 2023",Seller,2023
4257,18,115,18,"Thursday, September 14, 2023",Seller,2023
4278,18,148,50,"Saturday, August 19, 2023",Seller,2023
4323,18,108,91,"Sunday, May 14, 2023",Seller,2023
4561,18,35,28,"Saturday, April 29, 2023",Seller,2023
4600,18,53,43,"Tuesday, July 4, 2023",Seller,2023
4624,18,71,27,"Friday, March 3, 2023",Seller,2023
4643,18,171,38,"Wednesday, May 10, 2023",Seller,2023
4712,18,38,89,"Saturday, July 29, 2023",Seller,2023
4827,18,58,62,"Saturday, May 20, 2023",Seller,2023
4938,18,130,35,"Monday, September 25, 2023",Seller,2023
4986,18,114,59,"Monday, January 30, 2023",Seller,2023
5284,18,153,75,"Friday, December 1, 2023",Seller,2023
5766,18,4,29,"Tuesday, February 7, 2023",Seller,2023
5786,18,168,50,"Sunday, September 17, 2023",Seller,2023
5835,18,55,38,"Saturday, December 9, 2023",Seller,2023
5847,18,128,66,"Friday, November 10, 2023",Seller,2023
6094,18,91,99,"Friday, April 28, 2023",Seller,2023
6525,18,16,50,"Wednesday, April 19, 2023",Seller,2023
7198,18,66,34,"Wednesday, October 25, 2023",Seller,2023
7266,18,118,61,"Wednesday, September 20, 2023",Seller,2023
7284,18,28,32,"Sunday, January 29, 2023",Seller,2023
7470,18,102,29,"Saturday, June 3, 2023",Seller,2023
7515,18,107,18,"Tuesday, November 14, 2023",Seller,2023
7603,18,161,22,"Saturday, February 4, 2023",Seller,2023
7634,18,5,40,"Saturday, January 7, 2023",Seller,2023
7655,18,136,44,"Thursday, September 14, 2023",Seller,2023
7716,18,162,91,"Tuesday, November 28, 2023",Seller,2023
7865,18,29,97,"Thursday, March 9, 2023",Seller,2023
8328,18,29,81,"Tuesday, July 18, 2023",Seller,2023
8742,18,88,64,"Sunday, August 6, 2023",Seller,2023
8847,18,40,84,"Thursday, March 23, 2023",Seller,2023
8974,18,136,72,"Saturday, September 16, 2023",Seller,2023
9310,18,170,63,"Tuesday, May 30, 2023",Seller,2023
9393,18,164,98,"Wednesday, September 20, 2023",Seller,2023
9717,18,178,71,"Thursday, June 15, 2023",Seller,2023
9765,18,73,66,"Tuesday, February 7, 2023",Seller,2023
179,18,168,95,"Tuesday, March 14, 2023",Seller,2023
736,18,54,73,"Tuesday, March 28, 2023",Seller,2023
787,18,138,21,"Thursday, July 6, 2023",Seller,2023
859,18,195,12,"Friday, September 15, 2023",Seller,2023
1340,18,141,91,"Sunday, March 19, 2023",Seller,2023
1579,18,79,21,"Thursday, March 30, 2023",Seller,2023
1653,18,50,75,"Saturday, November 11, 2023",Seller,2023
2199,18,27,66,"Wednesday, March 8, 2023",Seller,2023
2243,18,121,5,"Tuesday, August 1, 2023",Seller,2023
2377,18,185,9,"Thursday, January 26, 2023",Seller,2023
2576,18,136,34,"Wednesday, May 17, 2023",Seller,2023
2824,18,125,6,"Monday, March 27, 2023",Seller,2023
2935,18,141,52,"Thursday, March 30, 2023",Seller,2023
3311,18,10,51,"Saturday, December 30, 2023",Seller,2023
3565,18,100,67,"Tuesday, March 7, 2023",Seller,2023
3874,18,161,72,"Tuesday, July 25, 2023",Seller,2023
4096,18,44,53,"Wednesday, June 21, 2023",Seller,2023
4118,18,128,76,"Thursday, March 9, 2023",Seller,2023
4257,18,115,18,"Thursday, September 14, 2023",Seller,2023
4278,18,148,50,"Saturday, August 19, 2023",Seller,2023
4323,18,108,91,"Sunday, May 14, 2023",Seller,2023
4561,18,35,28,"Saturday, April 29, 2023",Seller,2023
4600,18,53,43,"Tuesday, July 4, 2023",Seller,2023
4624,18,71,27,"Friday, March 3, 2023",Seller,2023
4643,18,171,38,"Wednesday, May 10, 2023",Seller,2023
4712,18,38,89,"Saturday, July 29, 2023",Seller,2023
54,18,112,71,"Wednesday, February 23, 2022",Seller,2022
94,18,165,54,"Monday, April 4, 2022",Seller,2022
112,18,103,33,"Friday, April 22, 2022",Seller,2022
273,18,42,41,"Friday, September 30, 2022",Seller,2022
360,18,91,67,"Monday, December 26, 2022",Seller,2022
414,18,169,23,"Saturday, February 18, 2023",Seller,2023
504,18,135,74,"Friday, May 19, 2023",Seller,2023
506,18,106,27,"Sunday, May 21, 2023",Seller,2023
532,18,21,18,"Friday, June 16, 2023",Seller,2023
534,18,113,43,"Sunday, June 18, 2023",Seller,2023
630,18,54,64,"Friday, September 22, 2023",Seller,2023
651,18,4,31,"Friday, October 13, 2023",Seller,2023
764,18,135,91,"Saturday, March 2, 2024",Seller,2024
882,18,134,60,"Friday, May 31, 2024",Seller,2024
899,18,100,26,"Monday, June 17, 2024",Seller,2024
976,18,61,65,"Friday, February 9, 2024",Seller,2024
1004,18,117,89,"Monday, September 30, 2024",Seller,2024
1145,18,42,74,"Tuesday, February 18, 2025",Seller,2025
1158,18,20,36,"Monday, March 3, 2025",Seller,2025
1228,18,149,58,"Friday, December 5, 2025",Seller,2025
1302,18,163,74,"Friday, July 25, 2025",Seller,2025
1415,18,179,33,"Saturday, November 15, 2025",Seller,2025
12,11,196,86,"Thursday, August 3, 2023",Seller,2023
273,11,83,57,"Saturday, June 24, 2023",Seller,2023
382,11,7,15,"Saturday, April 8, 2023",Seller,2023
526,11,196,48,"Sunday, November 12, 2023",Seller,2023
638,11,148,69,"Monday, February 6, 2023",Seller,2023
654,11,99,71,"Friday, June 2, 2023",Seller,2023
662,11,118,78,"Thursday, March 23, 2023",Seller,2023
951,11,145,89,"Tuesday, August 1, 2023",Seller,2023
1189,11,6,88,"Wednesday, June 28, 2023",Seller,2023
1355,11,153,12,"Friday, July 21, 2023",Seller,2023
1366,11,58,16,"Tuesday, February 21, 2023",Seller,2023
2084,11,129,19,"Friday, June 9, 2023",Seller,2023
2085,11,180,25,"Wednesday, May 10, 2023",Seller,2023
2099,11,30,26,"Thursday, August 17, 2023",Seller,2023
2129,11,115,35,"Saturday, December 16, 2023",Seller,2023
2679,11,11,62,"Wednesday, March 8, 2023",Seller,2023
2740,11,176,97,"Thursday, November 9, 2023",Seller,2023
2744,11,140,81,"Thursday, November 23, 2023",Seller,2023
3205,11,44,44,"Wednesday, March 22, 2023",Seller,2023
3246,11,44,83,"Tuesday, April 11, 2023",Seller,2023
3612,11,41,51,"Sunday, February 12, 2023",Seller,2023
3929,11,48,85,"Saturday, December 23, 2023",Seller,2023
4043,11,13,68,"Thursday, April 6, 2023",Seller,2023
4124,11,161,7,"Wednesday, March 29, 2023",Seller,2023
4202,11,104,77,"Wednesday, December 27, 2023",Seller,2023
4785,11,39,38,"Thursday, December 14, 2023",Seller,2023
5054,11,36,24,"Thursday, August 10, 2023",Seller,2023
5070,11,112,79,"Monday, January 2, 2023",Seller,2023
5143,11,105,31,"Thursday, November 9, 2023",Seller,2023
5163,11,147,77,"Saturday, April 15, 2023",Seller,2023
5356,11,176,30,"Sunday, October 15, 2023",Seller,2023
5450,11,140,93,"Saturday, May 13, 2023",Seller,2023
5513,11,127,82,"Tuesday, March 14, 2023",Seller,2023
5607,11,124,47,"Tuesday, December 19, 2023",Seller,2023
5813,11,46,80,"Thursday, December 21, 2023",Seller,2023
6280,11,102,32,"Wednesday, May 24, 2023",Seller,2023
6333,11,140,15,"Thursday, July 27, 2023",Seller,2023
6436,11,196,94,"Monday, March 20, 2023",Seller,2023
6786,11,53,80,"Friday, September 8, 2023",Seller,2023
6952,11,57,67,"Saturday, February 25, 2023",Seller,2023
7098,11,199,84,"Friday, May 12, 2023",Seller,2023
7245,11,24,53,"Monday, October 30, 2023",Seller,2023
7302,11,189,11,"Tuesday, December 5, 2023",Seller,2023
7458,11,40,27,"Saturday, July 15, 2023",Seller,2023
7624,11,108,74,"Monday, April 24, 2023",Seller,2023
7790,11,67,16,"Saturday, April 1, 2023",Seller,2023
7819,11,43,49,"Thursday, October 12, 2023",Seller,2023
7837,11,35,87,"Wednesday, December 20, 2023",Seller,2023
7877,11,6,97,"Monday, December 25, 2023",Seller,2023
7883,11,114,99,"Saturday, June 10, 2023",Seller,2023
7913,11,187,49,"Saturday, September 23, 2023",Seller,2023
8132,11,36,19,"Wednesday, June 28, 2023",Seller,2023
8289,11,143,55,"Sunday, June 11, 2023",Seller,2023
8466,11,150,79,"Saturday, October 21, 2023",Seller,2023
8523,11,35,57,"Thursday, June 8, 2023",Seller,2023
9495,11,123,69,"Saturday, June 3, 2023",Seller,2023
9611,11,17,59,"Tuesday, August 29, 2023",Seller,2023
9734,11,73,27,"Saturday, July 15, 2023",Seller,2023
9857,11,128,50,"Sunday, March 19, 2023",Seller,2023
9963,11,147,33,"Saturday, July 15, 2023",Seller,2023
9992,11,40,95,"Friday, July 7, 2023",Seller,2023
12,11,196,86,"Monday, August 28, 2023",Seller,2023
273,11,83,57,"Monday, July 24, 2023",Seller,2023
382,11,7,15,"Wednesday, October 4, 2023",Seller,2023
526,11,196,48,"Thursday, October 5, 2023",Seller,2023
638,11,148,69,"Friday, October 13, 2023",Seller,2023
654,11,99,71,"Sunday, June 11, 2023",Seller,2023
662,11,118,78,"Thursday, November 16, 2023",Seller,2023
951,11,145,89,"Tuesday, January 23, 2024",Seller,2024
1189,11,6,88,"Wednesday, June 28, 2023",Seller,2023
1355,11,153,12,"Friday, July 21, 2023",Seller,2023
1366,11,58,16,"Tuesday, February 21, 2023",Seller,2023
2084,11,129,19,"Friday, June 9, 2023",Seller,2023
2085,11,180,25,"Wednesday, May 10, 2023",Seller,2023
2099,11,30,26,"Thursday, August 17, 2023",Seller,2023
2129,11,115,35,"Saturday, December 16, 2023",Seller,2023
2679,11,11,62,"Wednesday, March 8, 2023",Seller,2023
2740,11,176,97,"Thursday, November 9, 2023",Seller,2023
2744,11,140,81,"Thursday, November 23, 2023",Seller,2023
3205,11,44,44,"Wednesday, March 22, 2023",Seller,2023
3246,11,44,83,"Tuesday, April 11, 2023",Seller,2023
3612,11,41,51,"Sunday, February 12, 2023",Seller,2023
3929,11,48,85,"Saturday, December 23, 2023",Seller,2023
4043,11,13,68,"Thursday, April 6, 2023",Seller,2023
4124,11,161,7,"Wednesday, March 29, 2023",Seller,2023
4202,11,104,77,"Wednesday, December 27, 2023",Seller,2023
4785,11,39,38,"Thursday, December 14, 2023",Seller,2023
19,11,127,67,"Wednesday, January 19, 2022",Seller,2022
256,11,113,48,"Tuesday, September 13, 2022",Seller,2022
271,11,182,61,"Wednesday, September 28, 2022",Seller,2022
386,11,160,83,"Saturday, January 21, 2023",Seller,2023
549,11,122,38,"Tuesday, March 7, 2023",Seller,2023
685,11,156,46,"Thursday, November 16, 2023",Seller,2023
877,11,103,52,"Sunday, May 26, 2024",Seller,2024
895,11,187,16,"Thursday, June 13, 2024",Seller,2024
934,11,29,19,"Monday, July 22, 2024",Seller,2024
940,11,152,77,"Sunday, July 28, 2024",Seller,2024
963,11,163,57,"Tuesday, August 20, 2024",Seller,2024
1079,11,158,34,"Saturday, December 14, 2024",Seller,2024
1105,11,192,48,"Monday, September 1, 2025",Seller,2025
1116,11,37,85,"Monday, January 20, 2025",Seller,2025
1324,11,58,35,"Saturday, August 16, 2025",Seller,2025
1341,11,6,70,"Sunday, February 9, 2025",Seller,2025
1470,11,56,51,"Tuesday, September 1, 2026",Seller,2026
1473,11,76,45,"Tuesday, December 1, 2026",Seller,2026
1495,11,7,22,"Monday, March 2, 2026",Seller,2026
24,40,143,98,"Monday, May 22, 2023",Seller,2023
307,40,107,12,"Tuesday, January 31, 2023",Seller,2023
590,40,42,60,"Thursday, October 5, 2023",Seller,2023
664,40,103,13,"Saturday, April 8, 2023",Seller,2023
1353,40,17,12,"Thursday, October 19, 2023",Seller,2023
1457,40,94,79,"Thursday, August 31, 2023",Seller,2023
1493,40,1,16,"Sunday, July 16, 2023",Seller,2023
1795,40,80,32,"Saturday, December 23, 2023",Seller,2023
1950,40,20,12,"Monday, May 15, 2023",Seller,2023
1988,40,132,68,"Saturday, February 11, 2023",Seller,2023
2016,40,134,85,"Tuesday, January 24, 2023",Seller,2023
2018,40,199,57,"Thursday, February 23, 2023",Seller,2023
2033,40,51,54,"Monday, June 19, 2023",Seller,2023
2107,40,82,35,"Sunday, February 5, 2023",Seller,2023
2181,40,151,23,"Saturday, October 21, 2023",Seller,2023
2762,40,152,71,"Thursday, October 5, 2023",Seller,2023
2941,40,72,10,"Friday, June 2, 2023",Seller,2023
3078,40,113,41,"Friday, July 28, 2023",Seller,2023
3154,40,121,47,"Monday, June 26, 2023",Seller,2023
3332,40,103,39,"Wednesday, June 28, 2023",Seller,2023
3835,40,107,100,"Sunday, March 26, 2023",Seller,2023
3914,40,193,46,"Tuesday, January 24, 2023",Seller,2023
4117,40,188,63,"Monday, July 10, 2023",Seller,2023
4241,40,102,89,"Friday, May 19, 2023",Seller,2023
4249,40,84,19,"Thursday, October 12, 2023",Seller,2023
4695,40,9,86,"Sunday, December 3, 2023",Seller,2023
4734,40,178,52,"Monday, June 5, 2023",Seller,2023
4866,40,35,47,"Saturday, September 2, 2023",Seller,2023
5014,40,191,23,"Friday, April 7, 2023",Seller,2023
5134,40,153,9,"Saturday, August 5, 2023",Seller,2023
5175,40,28,27,"Wednesday, August 30, 2023",Seller,2023
5233,40,64,95,"Thursday, July 27, 2023",Seller,2023
5810,40,71,71,"Wednesday, May 24, 2023",Seller,2023
5917,40,31,11,"Monday, June 12, 2023",Seller,2023
5924,40,28,19,"Saturday, January 21, 2023",Seller,2023
5993,40,123,99,"Tuesday, July 4, 2023",Seller,2023
6038,40,60,79,"Thursday, October 5, 2023",Seller,2023
6091,40,134,69,"Wednesday, June 14, 2023",Seller,2023
6175,40,43,57,"Friday, April 21, 2023",Seller,2023
6218,40,189,88,"Saturday, February 11, 2023",Seller,2023
6302,40,93,61,"Thursday, November 9, 2023",Seller,2023
6316,40,195,83,"Monday, March 27, 2023",Seller,2023
6354,40,70,69,"Friday, April 28, 2023",Seller,2023
6385,40,76,65,"Tuesday, August 15, 2023",Seller,2023
6442,40,73,34,"Sunday, February 26, 2023",Seller,2023
6672,40,148,69,"Wednesday, May 31, 2023",Seller,2023
6692,40,13,64,"Tuesday, February 21, 2023",Seller,2023
6753,40,15,42,"Friday, January 27, 2023",Seller,2023
7223,40,73,74,"Tuesday, June 6, 2023",Seller,2023
7328,40,168,79,"Friday, July 14, 2023",Seller,2023
7376,40,143,96,"Monday, May 29, 2023",Seller,2023
7431,40,61,48,"Friday, March 10, 2023",Seller,2023
7468,40,158,91,"Wednesday, February 15, 2023",Seller,2023
7813,40,35,51,"Wednesday, March 1, 2023",Seller,2023
7940,40,85,95,"Monday, May 8, 2023",Seller,2023
8092,40,150,70,"Sunday, May 7, 2023",Seller,2023
8450,40,40,16,"Saturday, October 14, 2023",Seller,2023
8558,40,49,43,"Sunday, March 5, 2023",Seller,2023
8689,40,191,51,"Tuesday, April 11, 2023",Seller,2023
8844,40,6,87,"Tuesday, September 5, 2023",Seller,2023
8848,40,111,10,"Saturday, May 20, 2023",Seller,2023
8852,40,25,60,"Tuesday, March 14, 2023",Seller,2023
8871,40,94,90,"Saturday, April 8, 2023",Seller,2023
8904,40,152,31,"Tuesday, February 14, 2023",Seller,2023
9150,40,40,33,"Monday, May 1, 2023",Seller,2023
9236,40,110,8,"Tuesday, June 6, 2023",Seller,2023
9288,40,147,38,"Wednesday, July 26, 2023",Seller,2023
9462,40,175,70,"Friday, September 8, 2023",Seller,2023
9500,40,165,71,"Tuesday, December 26, 2023",Seller,2023
9594,40,31,22,"Wednesday, October 25, 2023",Seller,2023
9887,40,4,36,"Thursday, November 16, 2023",Seller,2023
24,40,143,98,"Wednesday, September 13, 2023",Seller,2023
307,40,107,12,"Wednesday, August 9, 2023",Seller,2023
590,40,42,60,"Tuesday, August 8, 2023",Seller,2023
664,40,103,13,"Monday, November 20, 2023",Seller,2023
1353,40,17,12,"Thursday, October 19, 2023",Seller,2023
1457,40,94,79,"Thursday, August 31, 2023",Seller,2023
1493,40,1,16,"Sunday, July 16, 2023",Seller,2023
1795,40,80,32,"Saturday, December 23, 2023",Seller,2023
1950,40,20,12,"Monday, May 15, 2023",Seller,2023
1988,40,132,68,"Saturday, February 11, 2023",Seller,2023
2016,40,134,85,"Tuesday, January 24, 2023",Seller,2023
2018,40,199,57,"Thursday, February 23, 2023",Seller,2023
2033,40,51,54,"Monday, June 19, 2023",Seller,2023
2107,40,82,35,"Sunday, February 5, 2023",Seller,2023
2181,40,151,23,"Saturday, October 21, 2023",Seller,2023
2762,40,152,71,"Thursday, October 5, 2023",Seller,2023
2941,40,72,10,"Friday, June 2, 2023",Seller,2023
3078,40,113,41,"Friday, July 28, 2023",Seller,2023
3154,40,121,47,"Monday, June 26, 2023",Seller,2023
3332,40,103,39,"Wednesday, June 28, 2023",Seller,2023
3835,40,107,100,"Sunday, March 26, 2023",Seller,2023
3914,40,193,46,"Tuesday, January 24, 2023",Seller,2023
4117,40,188,63,"Monday, July 10, 2023",Seller,2023
4241,40,102,89,"Friday, May 19, 2023",Seller,2023
4249,40,84,19,"Thursday, October 12, 2023",Seller,2023
4695,40,9,86,"Sunday, December 3, 2023",Seller,2023
4734,40,178,52,"Monday, June 5, 2023",Seller,2023
135,40,115,95,"Sunday, May 15, 2022",Seller,2022
140,40,185,87,"Friday, May 20, 2022",Seller,2022
152,40,169,81,"Thursday, January 6, 2022",Seller,2022
192,40,155,37,"Monday, November 7, 2022",Seller,2022
319,40,97,18,"Tuesday, November 15, 2022",Seller,2022
772,40,40,52,"Saturday, November 2, 2024",Seller,2024
800,40,59,68,"Thursday, October 3, 2024",Seller,2024
1010,40,17,29,"Monday, June 10, 2024",Seller,2024
1017,40,55,31,"Sunday, October 13, 2024",Seller,2024
1214,40,138,47,"Monday, April 28, 2025",Seller,2025
1217,40,129,72,"Sunday, January 5, 2025",Seller,2025
216,13,60,30,"Monday, April 24, 2023",Seller,2023
313,13,172,82,"Monday, September 25, 2023",Seller,2023
651,13,168,87,"Sunday, April 30, 2023",Seller,2023
673,13,146,20,"Tuesday, October 31, 2023",Seller,2023
734,13,144,79,"Saturday, July 15, 2023",Seller,2023
762,13,148,9,"Thursday, July 20, 2023",Seller,2023
793,13,1,80,"Tuesday, January 10, 2023",Seller,2023
901,13,78,35,"Wednesday, January 11, 2023",Seller,2023
947,13,179,9,"Monday, September 25, 2023",Seller,2023
1018,13,4,81,"Tuesday, November 7, 2023",Seller,2023
1313,13,126,67,"Sunday, April 9, 2023",Seller,2023
1487,13,41,36,"Saturday, July 1, 2023",Seller,2023
1599,13,166,32,"Saturday, February 11, 2023",Seller,2023
1698,13,156,43,"Friday, December 15, 2023",Seller,2023
1887,13,22,12,"Friday, October 27, 2023",Seller,2023
2042,13,93,87,"Wednesday, March 1, 2023",Seller,2023
2231,13,155,21,"Thursday, July 13, 2023",Seller,2023
2542,13,24,50,"Sunday, July 16, 2023",Seller,2023
2591,13,100,50,"Friday, August 18, 2023",Seller,2023
2764,13,145,96,"Thursday, March 9, 2023",Seller,2023
2804,13,188,43,"Sunday, April 30, 2023",Seller,2023
3174,13,4,17,"Tuesday, January 17, 2023",Seller,2023
3728,13,173,39,"Saturday, December 9, 2023",Seller,2023
3887,13,93,63,"Sunday, December 10, 2023",Seller,2023
3962,13,192,81,"Friday, March 31, 2023",Seller,2023
3975,13,94,52,"Saturday, July 8, 2023",Seller,2023
4226,13,104,92,"Monday, May 8, 2023",Seller,2023
4783,13,98,82,"Monday, May 29, 2023",Seller,2023
4804,13,78,89,"Friday, March 17, 2023",Seller,2023
4913,13,46,40,"Sunday, December 31, 2023",Seller,2023
4972,13,101,33,"Thursday, August 24, 2023",Seller,2023
5260,13,143,66,"Wednesday, July 5, 2023",Seller,2023
5386,13,22,33,"Tuesday, September 26, 2023",Seller,2023
5434,13,14,26,"Sunday, January 15, 2023",Seller,2023
5484,13,165,33,"Thursday, January 5, 2023",Seller,2023
5600,13,144,60,"Monday, September 18, 2023",Seller,2023
5873,13,80,77,"Saturday, March 4, 2023",Seller,2023
6030,13,86,45,"Thursday, February 16, 2023",Seller,2023
6147,13,79,10,"Saturday, April 15, 2023",Seller,2023
6256,13,188,71,"Saturday, September 30, 2023",Seller,2023
6318,13,4,39,"Wednesday, January 11, 2023",Seller,2023
6342,13,73,87,"Wednesday, December 27, 2023",Seller,2023
6493,13,67,54,"Tuesday, September 19, 2023",Seller,2023
6645,13,39,17,"Wednesday, February 15, 2023",Seller,2023
6774,13,64,40,"Monday, December 25, 2023",Seller,2023
6781,13,165,68,"Wednesday, November 15, 2023",Seller,2023
6783,13,183,48,"Thursday, October 12, 2023",Seller,2023
6878,13,71,64,"Sunday, September 24, 2023",Seller,2023
7122,13,24,32,"Friday, December 15, 2023",Seller,2023
7137,13,178,58,"Tuesday, January 10, 2023",Seller,2023
7436,13,21,24,"Saturday, February 4, 2023",Seller,2023
7547,13,182,12,"Tuesday, February 21, 2023",Seller,2023
7895,13,116,99,"Saturday, October 21, 2023",Seller,2023
7942,13,79,18,"Monday, January 16, 2023",Seller,2023
7992,13,127,29,"Thursday, December 7, 2023",Seller,2023
8038,13,103,73,"Sunday, February 19, 2023",Seller,2023
8548,13,65,37,"Monday, March 13, 2023",Seller,2023
8889,13,50,52,"Sunday, October 29, 2023",Seller,2023
8984,13,32,40,"Sunday, March 26, 2023",Seller,2023
9372,13,141,20,"Tuesday, March 7, 2023",Seller,2023
9459,13,179,44,"Sunday, January 1, 2023",Seller,2023
9580,13,175,53,"Thursday, November 2, 2023",Seller,2023
9601,13,41,91,"Monday, March 20, 2023",Seller,2023
9823,13,25,56,"Friday, November 17, 2023",Seller,2023
9931,13,181,20,"Friday, May 26, 2023",Seller,2023
216,13,60,30,"Wednesday, April 5, 2023",Seller,2023
313,13,172,82,"Monday, September 18, 2023",Seller,2023
651,13,168,87,"Wednesday, January 11, 2023",Seller,2023
673,13,146,20,"Thursday, January 12, 2023",Seller,2023
734,13,144,79,"Friday, March 24, 2023",Seller,2023
762,13,148,9,"Sunday, March 5, 2023",Seller,2023
793,13,1,80,"Thursday, June 15, 2023",Seller,2023
901,13,78,35,"Tuesday, November 14, 2023",Seller,2023
947,13,179,9,"Wednesday, January 17, 2024",Seller,2024
1018,13,4,81,"Tuesday, November 7, 2023",Seller,2023
1313,13,126,67,"Sunday, April 9, 2023",Seller,2023
1487,13,41,36,"Saturday, July 1, 2023",Seller,2023
1599,13,166,32,"Saturday, February 11, 2023",Seller,2023
1698,13,156,43,"Friday, December 15, 2023",Seller,2023
1887,13,22,12,"Friday, October 27, 2023",Seller,2023
2042,13,93,87,"Wednesday, March 1, 2023",Seller,2023
2231,13,155,21,"Thursday, July 13, 2023",Seller,2023
2542,13,24,50,"Sunday, July 16, 2023",Seller,2023
2591,13,100,50,"Friday, August 18, 2023",Seller,2023
2764,13,145,96,"Thursday, March 9, 2023",Seller,2023
2804,13,188,43,"Sunday, April 30, 2023",Seller,2023
3174,13,4,17,"Tuesday, January 17, 2023",Seller,2023
3728,13,173,39,"Saturday, December 9, 2023",Seller,2023
3887,13,93,63,"Sunday, December 10, 2023",Seller,2023
3962,13,192,81,"Friday, March 31, 2023",Seller,2023
3975,13,94,52,"Saturday, July 8, 2023",Seller,2023
4226,13,104,92,"Monday, May 8, 2023",Seller,2023
4783,13,98,82,"Monday, May 29, 2023",Seller,2023
4804,13,78,89,"Friday, March 17, 2023",Seller,2023
7,13,38,62,"Friday, July 1, 2022",Seller,2022
88,13,172,45,"Tuesday, March 29, 2022",Seller,2022
156,13,67,49,"Friday, May 6, 2022",Seller,2022
242,13,59,53,"Tuesday, August 30, 2022",Seller,2022
280,13,192,40,"Sunday, July 10, 2022",Seller,2022
400,13,139,56,"Sunday, April 2, 2023",Seller,2023
560,13,176,78,"Friday, July 14, 2023",Seller,2023
599,13,110,23,"Tuesday, August 22, 2023",Seller,2023
779,13,155,13,"Sunday, February 18, 2024",Seller,2024
788,13,197,93,"Tuesday, February 27, 2024",Seller,2024
803,13,34,23,"Wednesday, March 13, 2024",Seller,2024
884,13,157,79,"Tuesday, February 6, 2024",Seller,2024
1164,13,35,61,"Wednesday, September 3, 2025",Seller,2025
1215,13,104,52,"Tuesday, April 29, 2025",Seller,2025
1477,13,78,41,"Friday, January 16, 2026",Seller,2026
1484,13,140,65,"Friday, January 23, 2026",Seller,2026
1494,13,41,36,"Monday, February 2, 2026",Seller,2026
59,17,116,66,"Tuesday, November 28, 2023",Seller,2023
173,17,139,42,"Wednesday, May 3, 2023",Seller,2023
339,17,21,31,"Sunday, July 2, 2023",Seller,2023
462,17,43,75,"Monday, July 31, 2023",Seller,2023
623,17,55,13,"Thursday, August 10, 2023",Seller,2023
624,17,83,46,"Tuesday, June 27, 2023",Seller,2023
755,17,50,37,"Thursday, September 14, 2023",Seller,2023
763,17,158,46,"Wednesday, October 4, 2023",Seller,2023
821,17,167,35,"Thursday, April 20, 2023",Seller,2023
855,17,17,17,"Friday, October 6, 2023",Seller,2023
991,17,100,56,"Friday, June 16, 2023",Seller,2023
1088,17,31,97,"Friday, February 10, 2023",Seller,2023
1173,17,197,29,"Sunday, December 3, 2023",Seller,2023
1595,17,49,15,"Sunday, February 12, 2023",Seller,2023
2148,17,197,22,"Sunday, May 21, 2023",Seller,2023
2213,17,7,97,"Friday, November 24, 2023",Seller,2023
2348,17,68,98,"Tuesday, February 21, 2023",Seller,2023
2459,17,68,70,"Saturday, February 18, 2023",Seller,2023
2633,17,101,30,"Tuesday, February 28, 2023",Seller,2023
2796,17,154,30,"Saturday, November 25, 2023",Seller,2023
2978,17,134,95,"Saturday, September 9, 2023",Seller,2023
3275,17,145,54,"Thursday, June 1, 2023",Seller,2023
3278,17,14,39,"Friday, October 20, 2023",Seller,2023
3426,17,124,60,"Friday, June 30, 2023",Seller,2023
3670,17,98,22,"Wednesday, April 5, 2023",Seller,2023
3746,17,28,78,"Monday, February 27, 2023",Seller,2023
4020,17,17,37,"Tuesday, February 7, 2023",Seller,2023
4026,17,42,16,"Wednesday, October 18, 2023",Seller,2023
4086,17,96,68,"Saturday, January 7, 2023",Seller,2023
4461,17,167,36,"Tuesday, January 3, 2023",Seller,2023
4527,17,52,38,"Wednesday, February 15, 2023",Seller,2023
4682,17,5,70,"Saturday, July 15, 2023",Seller,2023
4952,17,66,90,"Tuesday, May 30, 2023",Seller,2023
4983,17,114,84,"Wednesday, April 19, 2023",Seller,2023
5658,17,183,87,"Thursday, February 23, 2023",Seller,2023
5693,17,189,70,"Thursday, January 5, 2023",Seller,2023
5706,17,191,86,"Wednesday, December 6, 2023",Seller,2023
5910,17,128,19,"Friday, December 15, 2023",Seller,2023
6128,17,133,64,"Wednesday, January 18, 2023",Seller,2023
6443,17,8,30,"Sunday, May 7, 2023",Seller,2023
6851,17,116,30,"Friday, January 27, 2023",Seller,2023
6888,17,188,98,"Monday, January 30, 2023",Seller,2023
7248,17,199,9,"Thursday, June 29, 2023",Seller,2023
7311,17,117,54,"Tuesday, March 14, 2023",Seller,2023
7632,17,78,46,"Sunday, June 4, 2023",Seller,2023
7641,17,87,82,"Tuesday, January 31, 2023",Seller,2023
7707,17,191,12,"Monday, April 10, 2023",Seller,2023
7838,17,102,44,"Thursday, June 22, 2023",Seller,2023
8276,17,172,67,"Monday, October 30, 2023",Seller,2023
8448,17,51,17,"Thursday, October 5, 2023",Seller,2023
8651,17,187,81,"Sunday, August 20, 2023",Seller,2023
8827,17,81,38,"Saturday, April 8, 2023",Seller,2023
8970,17,44,68,"Tuesday, May 9, 2023",Seller,2023
9038,17,108,66,"Saturday, February 18, 2023",Seller,2023
9194,17,27,28,"Thursday, July 27, 2023",Seller,2023
9241,17,32,46,"Saturday, June 10, 2023",Seller,2023
9591,17,158,11,"Sunday, January 22, 2023",Seller,2023
9849,17,93,27,"Tuesday, February 14, 2023",Seller,2023
59,17,116,66,"Wednesday, January 11, 2023",Seller,2023
173,17,139,42,"Saturday, June 3, 2023",Seller,2023
339,17,21,31,"Wednesday, August 2, 2023",Seller,2023
462,17,43,75,"Monday, July 31, 2023",Seller,2023
623,17,55,13,"Friday, September 22, 2023",Seller,2023
624,17,83,46,"Monday, September 25, 2023",Seller,2023
755,17,50,37,"Monday, April 24, 2023",Seller,2023
763,17,158,46,"Wednesday, April 5, 2023",Seller,2023
821,17,167,35,"Tuesday, July 25, 2023",Seller,2023
855,17,17,17,"Thursday, November 9, 2023",Seller,2023
991,17,100,56,"Tuesday, March 19, 2024",Seller,2024
1088,17,31,97,"Friday, February 10, 2023",Seller,2023
1173,17,197,29,"Sunday, December 3, 2023",Seller,2023
1595,17,49,15,"Sunday, February 12, 2023",Seller,2023
2148,17,197,22,"Sunday, May 21, 2023",Seller,2023
2213,17,7,97,"Friday, November 24, 2023",Seller,2023
2348,17,68,98,"Tuesday, February 21, 2023",Seller,2023
2459,17,68,70,"Saturday, February 18, 2023",Seller,2023
2633,17,101,30,"Tuesday, February 28, 2023",Seller,2023
2796,17,154,30,"Saturday, November 25, 2023",Seller,2023
2978,17,134,95,"Saturday, September 9, 2023",Seller,2023
3275,17,145,54,"Thursday, June 1, 2023",Seller,2023
3278,17,14,39,"Friday, October 20, 2023",Seller,2023
3426,17,124,60,"Friday, June 30, 2023",Seller,2023
3670,17,98,22,"Wednesday, April 5, 2023",Seller,2023
3746,17,28,78,"Monday, February 27, 2023",Seller,2023
4020,17,17,37,"Tuesday, February 7, 2023",Seller,2023
4026,17,42,16,"Wednesday, October 18, 2023",Seller,2023
4086,17,96,68,"Saturday, January 7, 2023",Seller,2023
4461,17,167,36,"Tuesday, January 3, 2023",Seller,2023
4527,17,52,38,"Wednesday, February 15, 2023",Seller,2023
4682,17,5,70,"Saturday, July 15, 2023",Seller,2023
12,17,102,80,"Thursday, December 1, 2022",Seller,2022
31,17,52,55,"Monday, January 31, 2022",Seller,2022
39,17,7,21,"Tuesday, August 2, 2022",Seller,2022
155,17,123,12,"Wednesday, April 6, 2022",Seller,2022
168,17,126,92,"Friday, June 17, 2022",Seller,2022
213,17,195,48,"Saturday, January 8, 2022",Seller,2022
371,17,37,77,"Thursday, June 1, 2023",Seller,2023
440,17,126,59,"Thursday, March 16, 2023",Seller,2023
474,17,195,25,"Wednesday, April 19, 2023",Seller,2023
527,17,130,88,"Monday, November 6, 2023",Seller,2023
565,17,131,93,"Wednesday, July 19, 2023",Seller,2023
571,17,177,91,"Tuesday, July 25, 2023",Seller,2023
585,17,150,55,"Tuesday, August 8, 2023",Seller,2023
612,17,75,37,"Sunday, April 9, 2023",Seller,2023
618,17,82,33,"Monday, October 9, 2023",Seller,2023
670,17,90,41,"Wednesday, January 11, 2023",Seller,2023
825,17,107,89,"Thursday, April 4, 2024",Seller,2024
1110,17,150,86,"Tuesday, January 14, 2025",Seller,2025
1266,17,187,74,"Thursday, June 19, 2025",Seller,2025
1351,17,74,67,"Tuesday, December 9, 2025",Seller,2025
1452,17,33,45,"Monday, December 22, 2025",Seller,2025
69,6,57,33,"Saturday, February 4, 2023",Seller,2023
834,6,65,81,"Friday, November 17, 2023",Seller,2023
980,6,24,81,"Tuesday, April 11, 2023",Seller,2023
1164,6,63,7,"Wednesday, February 8, 2023",Seller,2023
1224,6,6,58,"Sunday, January 15, 2023",Seller,2023
1235,6,49,54,"Sunday, July 16, 2023",Seller,2023
1388,6,3,25,"Tuesday, January 3, 2023",Seller,2023
1471,6,141,76,"Friday, September 29, 2023",Seller,2023
1929,6,52,52,"Friday, October 6, 2023",Seller,2023
1957,6,139,10,"Monday, July 24, 2023",Seller,2023
2124,6,170,26,"Friday, March 31, 2023",Seller,2023
2189,6,181,79,"Tuesday, February 28, 2023",Seller,2023
2404,6,145,46,"Saturday, March 11, 2023",Seller,2023
2470,6,183,91,"Thursday, June 1, 2023",Seller,2023
2720,6,82,96,"Sunday, September 3, 2023",Seller,2023
2825,6,85,63,"Friday, March 31, 2023",Seller,2023
2853,6,147,70,"Tuesday, November 28, 2023",Seller,2023
2887,6,99,55,"Thursday, October 19, 2023",Seller,2023
2906,6,158,31,"Tuesday, November 21, 2023",Seller,2023
3131,6,95,52,"Thursday, June 1, 2023",Seller,2023
3669,6,113,40,"Saturday, April 15, 2023",Seller,2023
3673,6,163,76,"Wednesday, January 18, 2023",Seller,2023
3712,6,195,96,"Saturday, September 16, 2023",Seller,2023
3843,6,84,96,"Saturday, September 30, 2023",Seller,2023
4238,6,113,34,"Sunday, July 2, 2023",Seller,2023
4300,6,142,65,"Wednesday, December 6, 2023",Seller,2023
4550,6,1,12,"Thursday, March 2, 2023",Seller,2023
4749,6,185,7,"Thursday, August 3, 2023",Seller,2023
4898,6,35,16,"Friday, November 10, 2023",Seller,2023
5013,6,135,10,"Friday, November 24, 2023",Seller,2023
5041,6,125,51,"Friday, November 24, 2023",Seller,2023
5101,6,51,65,"Saturday, August 5, 2023",Seller,2023
5141,6,92,8,"Sunday, January 1, 2023",Seller,2023
5213,6,104,96,"Sunday, October 8, 2023",Seller,2023
5573,6,11,99,"Tuesday, September 5, 2023",Seller,2023
5776,6,100,71,"Friday, January 13, 2023",Seller,2023
6009,6,107,88,"Wednesday, December 27, 2023",Seller,2023
6016,6,16,40,"Thursday, August 31, 2023",Seller,2023
6122,6,116,38,"Saturday, October 14, 2023",Seller,2023
6139,6,179,95,"Sunday, January 15, 2023",Seller,2023
6449,6,52,65,"Wednesday, April 19, 2023",Seller,2023
6595,6,97,83,"Wednesday, December 20, 2023",Seller,2023
6754,6,62,28,"Thursday, April 13, 2023",Seller,2023
6892,6,15,41,"Monday, August 21, 2023",Seller,2023
6904,6,161,95,"Wednesday, September 6, 2023",Seller,2023
7120,6,77,80,"Thursday, February 23, 2023",Seller,2023
7154,6,197,70,"Thursday, April 6, 2023",Seller,2023
7160,6,108,32,"Wednesday, March 1, 2023",Seller,2023
7183,6,32,80,"Monday, September 25, 2023",Seller,2023
7502,6,2,80,"Sunday, June 25, 2023",Seller,2023
7687,6,154,31,"Sunday, October 15, 2023",Seller,2023
7841,6,99,42,"Thursday, November 30, 2023",Seller,2023
8018,6,118,68,"Wednesday, November 22, 2023",Seller,2023
8368,6,86,64,"Saturday, December 9, 2023",Seller,2023
8420,6,170,47,"Sunday, October 15, 2023",Seller,2023
8517,6,31,71,"Saturday, December 23, 2023",Seller,2023
8912,6,32,45,"Thursday, November 16, 2023",Seller,2023
8957,6,66,44,"Saturday, November 4, 2023",Seller,2023
9123,6,110,81,"Tuesday, September 26, 2023",Seller,2023
9218,6,80,69,"Wednesday, October 18, 2023",Seller,2023
9359,6,118,48,"Wednesday, November 8, 2023",Seller,2023
9435,6,28,57,"Thursday, June 1, 2023",Seller,2023
9526,6,105,61,"Wednesday, August 16, 2023",Seller,2023
9747,6,66,30,"Sunday, October 22, 2023",Seller,2023
9846,6,76,45,"Tuesday, June 13, 2023",Seller,2023
9948,6,192,15,"Friday, September 8, 2023",Seller,2023
9975,6,184,95,"Monday, July 31, 2023",Seller,2023
14,6,196,100,"Wednesday, August 30, 2023",Seller,2023
834,6,65,81,"Wednesday, November 8, 2023",Seller,2023
980,6,24,81,"Wednesday, April 3, 2024",Seller,2024
1164,6,63,7,"Wednesday, February 8, 2023",Seller,2023
1224,6,6,58,"Sunday, January 15, 2023",Seller,2023
1235,6,49,54,"Sunday, July 16, 2023",Seller,2023
1388,6,3,25,"Tuesday, January 3, 2023",Seller,2023
1471,6,141,76,"Friday, September 29, 2023",Seller,2023
1929,6,52,52,"Friday, October 6, 2023",Seller,2023
1957,6,139,10,"Monday, July 24, 2023",Seller,2023
2124,6,170,26,"Friday, March 31, 2023",Seller,2023
2189,6,181,79,"Tuesday, February 28, 2023",Seller,2023
2404,6,145,46,"Saturday, March 11, 2023",Seller,2023
2470,6,183,91,"Thursday, June 1, 2023",Seller,2023
2720,6,82,96,"Sunday, September 3, 2023",Seller,2023
2825,6,85,63,"Friday, March 31, 2023",Seller,2023
2853,6,147,70,"Tuesday, November 28, 2023",Seller,2023
2887,6,99,55,"Thursday, October 19, 2023",Seller,2023
2906,6,158,31,"Tuesday, November 21, 2023",Seller,2023
3131,6,95,52,"Thursday, June 1, 2023",Seller,2023
3669,6,113,40,"Saturday, April 15, 2023",Seller,2023
3673,6,163,76,"Wednesday, January 18, 2023",Seller,2023
3712,6,195,96,"Saturday, September 16, 2023",Seller,2023
3843,6,84,96,"Saturday, September 30, 2023",Seller,2023
4238,6,113,34,"Sunday, July 2, 2023",Seller,2023
4300,6,142,65,"Wednesday, December 6, 2023",Seller,2023
4550,6,1,12,"Thursday, March 2, 2023",Seller,2023
4749,6,185,7,"Thursday, August 3, 2023",Seller,2023
75,6,151,68,"Wednesday, March 16, 2022",Seller,2022
121,6,198,29,"Wednesday, January 5, 2022",Seller,2022
434,6,70,82,"Tuesday, October 3, 2023",Seller,2023
471,6,131,58,"Sunday, April 16, 2023",Seller,2023
757,6,75,31,"Saturday, January 27, 2024",Seller,2024
796,6,116,37,"Monday, June 3, 2024",Seller,2024
890,6,72,98,"Tuesday, August 6, 2024",Seller,2024
955,6,65,100,"Sunday, December 8, 2024",Seller,2024
990,6,3,75,"Monday, September 16, 2024",Seller,2024
1018,6,52,29,"Monday, October 14, 2024",Seller,2024
1098,6,119,82,"Saturday, February 1, 2025",Seller,2025
1182,6,146,78,"Thursday, March 27, 2025",Seller,2025
1191,6,4,76,"Sunday, May 4, 2025",Seller,2025
1204,6,123,57,"Friday, April 18, 2025",Seller,2025
1245,6,89,77,"Thursday, May 29, 2025",Seller,2025
1366,6,145,50,"Saturday, September 27, 2025",Seller,2025
1414,6,196,37,"Friday, November 14, 2025",Seller,2025
1458,6,115,82,"Sunday, December 28, 2025",Seller,2025
4,36,84,66,"Friday, September 15, 2023",Seller,2023
162,36,128,73,"Thursday, November 9, 2023",Seller,2023
237,36,119,23,"Wednesday, August 2, 2023",Seller,2023
670,36,6,15,"Sunday, January 8, 2023",Seller,2023
842,36,10,18,"Wednesday, May 24, 2023",Seller,2023
880,36,197,69,"Saturday, January 21, 2023",Seller,2023
941,36,32,83,"Friday, November 10, 2023",Seller,2023
1083,36,51,100,"Thursday, April 27, 2023",Seller,2023
1118,36,24,72,"Friday, January 6, 2023",Seller,2023
1625,36,88,66,"Tuesday, October 17, 2023",Seller,2023
1808,36,53,36,"Monday, July 31, 2023",Seller,2023
1967,36,165,61,"Tuesday, September 12, 2023",Seller,2023
2415,36,161,71,"Saturday, September 30, 2023",Seller,2023
2443,36,144,74,"Tuesday, January 17, 2023",Seller,2023
2488,36,89,38,"Sunday, May 7, 2023",Seller,2023
2858,36,185,42,"Tuesday, November 7, 2023",Seller,2023
2901,36,176,96,"Friday, December 8, 2023",Seller,2023
2940,36,115,82,"Wednesday, September 27, 2023",Seller,2023
2980,36,78,53,"Tuesday, January 31, 2023",Seller,2023
3048,36,151,47,"Wednesday, June 21, 2023",Seller,2023
3225,36,150,33,"Friday, May 5, 2023",Seller,2023
3259,36,132,13,"Thursday, March 16, 2023",Seller,2023
3371,36,48,69,"Thursday, March 16, 2023",Seller,2023
3550,36,158,100,"Saturday, August 19, 2023",Seller,2023
3597,36,74,68,"Sunday, October 1, 2023",Seller,2023
3668,36,157,48,"Thursday, February 2, 2023",Seller,2023
3699,36,173,82,"Saturday, November 11, 2023",Seller,2023
3738,36,91,40,"Friday, November 17, 2023",Seller,2023
3961,36,25,6,"Saturday, August 5, 2023",Seller,2023
4352,36,37,9,"Wednesday, January 18, 2023",Seller,2023
4437,36,145,83,"Wednesday, August 23, 2023",Seller,2023
4797,36,87,91,"Tuesday, June 27, 2023",Seller,2023
5312,36,188,98,"Wednesday, September 13, 2023",Seller,2023
5696,36,56,33,"Monday, August 21, 2023",Seller,2023
5752,36,79,78,"Thursday, June 22, 2023",Seller,2023
5801,36,40,69,"Monday, October 9, 2023",Seller,2023
5819,36,16,82,"Sunday, May 14, 2023",Seller,2023
5945,36,79,35,"Tuesday, December 12, 2023",Seller,2023
5958,36,6,62,"Sunday, March 26, 2023",Seller,2023
6149,36,148,13,"Thursday, May 11, 2023",Seller,2023
6544,36,175,33,"Wednesday, February 15, 2023",Seller,2023
6667,36,75,20,"Wednesday, March 15, 2023",Seller,2023
6706,36,178,92,"Friday, July 28, 2023",Seller,2023
7350,36,131,48,"Saturday, January 14, 2023",Seller,2023
7736,36,45,60,"Saturday, December 16, 2023",Seller,2023
7796,36,85,77,"Monday, January 30, 2023",Seller,2023
7840,36,10,27,"Thursday, December 14, 2023",Seller,2023
8091,36,122,58,"Sunday, June 18, 2023",Seller,2023
8099,36,104,43,"Tuesday, May 2, 2023",Seller,2023
8412,36,175,71,"Saturday, December 9, 2023",Seller,2023
8535,36,12,42,"Monday, November 6, 2023",Seller,2023
8536,36,2,89,"Wednesday, August 23, 2023",Seller,2023
8696,36,53,85,"Monday, December 18, 2023",Seller,2023
8962,36,16,7,"Saturday, February 18, 2023",Seller,2023
9263,36,191,5,"Wednesday, April 26, 2023",Seller,2023
9367,36,146,18,"Tuesday, November 21, 2023",Seller,2023
9772,36,81,9,"Friday, February 17, 2023",Seller,2023
9880,36,38,44,"Saturday, October 14, 2023",Seller,2023
4,36,84,66,"Wednesday, August 16, 2023",Seller,2023
162,36,128,73,"Friday, February 17, 2023",Seller,2023
237,36,119,23,"Monday, February 6, 2023",Seller,2023
670,36,6,15,"Tuesday, November 28, 2023",Seller,2023
842,36,10,18,"Wednesday, August 23, 2023",Seller,2023
880,36,197,69,"Monday, October 16, 2023",Seller,2023
941,36,32,83,"Sunday, September 1, 2024",Seller,2024
1083,36,51,100,"Thursday, April 27, 2023",Seller,2023
1118,36,24,72,"Friday, January 6, 2023",Seller,2023
1625,36,88,66,"Tuesday, October 17, 2023",Seller,2023
1808,36,53,36,"Monday, July 31, 2023",Seller,2023
1967,36,165,61,"Tuesday, September 12, 2023",Seller,2023
2415,36,161,71,"Saturday, September 30, 2023",Seller,2023
2443,36,144,74,"Tuesday, January 17, 2023",Seller,2023
2488,36,89,38,"Sunday, May 7, 2023",Seller,2023
2858,36,185,42,"Tuesday, November 7, 2023",Seller,2023
2901,36,176,96,"Friday, December 8, 2023",Seller,2023
2940,36,115,82,"Wednesday, September 27, 2023",Seller,2023
2980,36,78,53,"Tuesday, January 31, 2023",Seller,2023
3048,36,151,47,"Wednesday, June 21, 2023",Seller,2023
3225,36,150,33,"Friday, May 5, 2023",Seller,2023
3259,36,132,13,"Thursday, March 16, 2023",Seller,2023
3371,36,48,69,"Thursday, March 16, 2023",Seller,2023
3550,36,158,100,"Saturday, August 19, 2023",Seller,2023
3597,36,74,68,"Sunday, October 1, 2023",Seller,2023
3668,36,157,48,"Thursday, February 2, 2023",Seller,2023
3699,36,173,82,"Saturday, November 11, 2023",Seller,2023
3738,36,91,40,"Friday, November 17, 2023",Seller,2023
3961,36,25,6,"Saturday, August 5, 2023",Seller,2023
4352,36,37,9,"Wednesday, January 18, 2023",Seller,2023
4437,36,145,83,"Wednesday, August 23, 2023",Seller,2023
4797,36,87,91,"Tuesday, June 27, 2023",Seller,2023
10,36,84,95,"Saturday, October 1, 2022",Seller,2022
21,36,116,98,"Friday, January 21, 2022",Seller,2022
34,36,109,68,"Wednesday, March 2, 2022",Seller,2022
63,36,116,19,"Sunday, April 3, 2022",Seller,2022
97,36,127,97,"Monday, July 4, 2022",Seller,2022
109,36,115,42,"Tuesday, April 19, 2022",Seller,2022
277,36,45,93,"Sunday, April 10, 2022",Seller,2022
453,36,84,53,"Wednesday, March 29, 2023",Seller,2023
467,36,30,58,"Monday, December 4, 2023",Seller,2023
469,36,177,48,"Friday, April 14, 2023",Seller,2023
515,36,55,35,"Tuesday, May 30, 2023",Seller,2023
519,36,123,54,"Monday, March 6, 2023",Seller,2023
558,36,95,93,"Thursday, December 7, 2023",Seller,2023
575,36,154,76,"Saturday, July 29, 2023",Seller,2023
641,36,65,14,"Friday, March 10, 2023",Seller,2023
820,36,50,54,"Saturday, March 30, 2024",Seller,2024
998,36,6,38,"Tuesday, September 24, 2024",Seller,2024
1208,36,126,90,"Tuesday, April 22, 2025",Seller,2025
1224,36,83,33,"Tuesday, August 5, 2025",Seller,2025
1236,36,96,46,"Tuesday, May 20, 2025",Seller,2025
1254,36,195,50,"Sunday, July 6, 2025",Seller,2025
1327,36,103,79,"Tuesday, August 19, 2025",Seller,2025
1377,36,1,79,"Sunday, August 10, 2025",Seller,2025
334,24,82,65,"Tuesday, August 15, 2023",Seller,2023
363,24,169,49,"Saturday, October 7, 2023",Seller,2023
381,24,19,41,"Sunday, January 1, 2023",Seller,2023
747,24,40,18,"Thursday, February 2, 2023",Seller,2023
1040,24,50,46,"Monday, May 15, 2023",Seller,2023
1433,24,109,65,"Monday, August 7, 2023",Seller,2023
1528,24,159,88,"Monday, February 6, 2023",Seller,2023
1569,24,194,5,"Saturday, March 4, 2023",Seller,2023
1633,24,7,28,"Thursday, December 21, 2023",Seller,2023
1634,24,38,83,"Wednesday, June 28, 2023",Seller,2023
1898,24,176,69,"Thursday, May 18, 2023",Seller,2023
1964,24,45,36,"Friday, October 20, 2023",Seller,2023
2108,24,99,81,"Wednesday, May 31, 2023",Seller,2023
2167,24,91,9,"Thursday, July 13, 2023",Seller,2023
2436,24,24,49,"Saturday, August 19, 2023",Seller,2023
2480,24,59,65,"Thursday, August 31, 2023",Seller,2023
2687,24,144,17,"Tuesday, March 14, 2023",Seller,2023
2710,24,128,21,"Friday, September 1, 2023",Seller,2023
2984,24,136,88,"Monday, June 26, 2023",Seller,2023
3058,24,54,98,"Monday, November 20, 2023",Seller,2023
3092,24,89,55,"Wednesday, May 3, 2023",Seller,2023
3197,24,141,5,"Sunday, September 17, 2023",Seller,2023
3209,24,124,27,"Sunday, February 19, 2023",Seller,2023
3288,24,150,38,"Sunday, October 15, 2023",Seller,2023
3541,24,34,40,"Saturday, November 11, 2023",Seller,2023
3579,24,32,98,"Monday, April 3, 2023",Seller,2023
3674,24,190,54,"Wednesday, September 27, 2023",Seller,2023
3776,24,75,46,"Monday, May 8, 2023",Seller,2023
4003,24,83,75,"Monday, February 13, 2023",Seller,2023
4173,24,187,85,"Wednesday, June 14, 2023",Seller,2023
4316,24,2,29,"Thursday, December 28, 2023",Seller,2023
4427,24,30,77,"Tuesday, January 3, 2023",Seller,2023
4674,24,140,93,"Thursday, September 14, 2023",Seller,2023
5022,24,183,37,"Tuesday, November 7, 2023",Seller,2023
5046,24,77,90,"Friday, August 18, 2023",Seller,2023
5162,24,128,5,"Friday, December 15, 2023",Seller,2023
5337,24,6,93,"Thursday, August 24, 2023",Seller,2023
5374,24,27,49,"Sunday, September 10, 2023",Seller,2023
5494,24,118,61,"Friday, July 21, 2023",Seller,2023
5799,24,62,43,"Sunday, May 28, 2023",Seller,2023
5838,24,129,19,"Sunday, October 8, 2023",Seller,2023
6048,24,114,74,"Tuesday, October 31, 2023",Seller,2023
6299,24,191,70,"Sunday, December 10, 2023",Seller,2023
6310,24,38,32,"Monday, April 17, 2023",Seller,2023
6530,24,141,78,"Thursday, May 25, 2023",Seller,2023
6627,24,149,34,"Thursday, December 21, 2023",Seller,2023
6829,24,94,30,"Sunday, August 20, 2023",Seller,2023
6921,24,187,97,"Monday, July 10, 2023",Seller,2023
7585,24,120,58,"Monday, February 27, 2023",Seller,2023
8043,24,32,99,"Sunday, June 25, 2023",Seller,2023
8250,24,198,34,"Saturday, November 4, 2023",Seller,2023
8459,24,79,20,"Wednesday, August 2, 2023",Seller,2023
8748,24,54,44,"Monday, May 8, 2023",Seller,2023
8902,24,29,21,"Monday, July 24, 2023",Seller,2023
9118,24,163,55,"Monday, June 26, 2023",Seller,2023
9335,24,74,62,"Sunday, January 15, 2023",Seller,2023
9351,24,84,46,"Sunday, April 2, 2023",Seller,2023
9520,24,9,93,"Tuesday, July 4, 2023",Seller,2023
9637,24,31,41,"Thursday, October 5, 2023",Seller,2023
9873,24,153,96,"Saturday, September 30, 2023",Seller,2023
9943,24,71,9,"Tuesday, February 7, 2023",Seller,2023
334,24,82,65,"Monday, January 2, 2023",Seller,2023
363,24,169,49,"Tuesday, March 14, 2023",Seller,2023
381,24,19,41,"Tuesday, July 4, 2023",Seller,2023
747,24,40,18,"Monday, December 4, 2023",Seller,2023
1040,24,50,46,"Monday, May 15, 2023",Seller,2023
1433,24,109,65,"Monday, August 7, 2023",Seller,2023
1528,24,159,88,"Monday, February 6, 2023",Seller,2023
1569,24,194,5,"Saturday, March 4, 2023",Seller,2023
1633,24,7,28,"Thursday, December 21, 2023",Seller,2023
1634,24,38,83,"Wednesday, June 28, 2023",Seller,2023
1898,24,176,69,"Thursday, May 18, 2023",Seller,2023
1964,24,45,36,"Friday, October 20, 2023",Seller,2023
2108,24,99,81,"Wednesday, May 31, 2023",Seller,2023
2167,24,91,9,"Thursday, July 13, 2023",Seller,2023
2436,24,24,49,"Saturday, August 19, 2023",Seller,2023
2480,24,59,65,"Thursday, August 31, 2023",Seller,2023
2687,24,144,17,"Tuesday, March 14, 2023",Seller,2023
2710,24,128,21,"Friday, September 1, 2023",Seller,2023
2984,24,136,88,"Monday, June 26, 2023",Seller,2023
3058,24,54,98,"Monday, November 20, 2023",Seller,2023
3092,24,89,55,"Wednesday, May 3, 2023",Seller,2023
3197,24,141,5,"Sunday, September 17, 2023",Seller,2023
3209,24,124,27,"Sunday, February 19, 2023",Seller,2023
3288,24,150,38,"Sunday, October 15, 2023",Seller,2023
3541,24,34,40,"Saturday, November 11, 2023",Seller,2023
3579,24,32,98,"Monday, April 3, 2023",Seller,2023
3674,24,190,54,"Wednesday, September 27, 2023",Seller,2023
3776,24,75,46,"Monday, May 8, 2023",Seller,2023
4003,24,83,75,"Monday, February 13, 2023",Seller,2023
4173,24,187,85,"Wednesday, June 14, 2023",Seller,2023
4316,24,2,29,"Thursday, December 28, 2023",Seller,2023
4427,24,30,77,"Tuesday, January 3, 2023",Seller,2023
4674,24,140,93,"Thursday, September 14, 2023",Seller,2023
132,24,2,67,"Monday, December 5, 2022",Seller,2022
174,24,118,46,"Thursday, June 23, 2022",Seller,2022
225,24,68,81,"Saturday, August 13, 2022",Seller,2022
267,24,94,80,"Saturday, September 24, 2022",Seller,2022
318,24,63,11,"Monday, November 14, 2022",Seller,2022
448,24,99,71,"Friday, March 24, 2023",Seller,2023
520,24,12,14,"Thursday, April 6, 2023",Seller,2023
544,24,166,39,"Wednesday, June 28, 2023",Seller,2023
595,24,111,16,"Friday, August 18, 2023",Seller,2023
601,24,28,55,"Thursday, August 24, 2023",Seller,2023
634,24,29,46,"Tuesday, September 26, 2023",Seller,2023
648,24,183,58,"Tuesday, October 10, 2023",Seller,2023
747,24,89,69,"Wednesday, January 17, 2024",Seller,2024
763,24,81,77,"Friday, February 2, 2024",Seller,2024
885,24,33,97,"Wednesday, March 6, 2024",Seller,2024
1251,24,174,91,"Sunday, April 6, 2025",Seller,2025
1318,24,153,32,"Wednesday, October 8, 2025",Seller,2025
1347,24,54,90,"Saturday, August 9, 2025",Seller,2025
1352,24,53,50,"Saturday, September 13, 2025",Seller,2025
1460,24,45,89,"Tuesday, December 30, 2025",Seller,2025
61,7,26,32,"Sunday, August 27, 2023",Seller,2023
157,7,94,63,"Monday, December 4, 2023",Seller,2023
249,7,8,62,"Tuesday, October 10, 2023",Seller,2023
257,7,91,64,"Saturday, July 15, 2023",Seller,2023
290,7,144,32,"Wednesday, May 3, 2023",Seller,2023
538,7,81,98,"Saturday, July 15, 2023",Seller,2023
596,7,102,83,"Sunday, June 11, 2023",Seller,2023
1110,7,62,17,"Tuesday, July 25, 2023",Seller,2023
1306,7,98,98,"Wednesday, May 10, 2023",Seller,2023
1351,7,163,50,"Tuesday, January 17, 2023",Seller,2023
1445,7,7,99,"Saturday, August 12, 2023",Seller,2023
1450,7,18,67,"Friday, April 21, 2023",Seller,2023
1781,7,57,48,"Friday, May 12, 2023",Seller,2023
1788,7,3,82,"Tuesday, February 21, 2023",Seller,2023
1791,7,177,34,"Tuesday, September 19, 2023",Seller,2023
1798,7,80,95,"Saturday, April 8, 2023",Seller,2023
2267,7,154,59,"Thursday, September 21, 2023",Seller,2023
2431,7,191,97,"Friday, July 28, 2023",Seller,2023
2722,7,150,61,"Monday, February 6, 2023",Seller,2023
2734,7,39,98,"Saturday, February 25, 2023",Seller,2023
3053,7,188,54,"Sunday, July 30, 2023",Seller,2023
3363,7,77,71,"Sunday, January 1, 2023",Seller,2023
3376,7,95,5,"Tuesday, June 6, 2023",Seller,2023
3695,7,183,5,"Friday, February 10, 2023",Seller,2023
3915,7,107,7,"Saturday, December 30, 2023",Seller,2023
4056,7,59,94,"Sunday, February 26, 2023",Seller,2023
4063,7,124,50,"Sunday, October 22, 2023",Seller,2023
4228,7,6,16,"Thursday, July 13, 2023",Seller,2023
4356,7,8,64,"Saturday, October 7, 2023",Seller,2023
4479,7,114,92,"Friday, August 18, 2023",Seller,2023
4499,7,122,68,"Thursday, November 2, 2023",Seller,2023
4607,7,171,71,"Wednesday, May 31, 2023",Seller,2023
4609,7,131,41,"Tuesday, April 11, 2023",Seller,2023
4787,7,169,26,"Saturday, December 2, 2023",Seller,2023
5117,7,134,98,"Tuesday, July 25, 2023",Seller,2023
5504,7,143,50,"Wednesday, December 6, 2023",Seller,2023
5784,7,4,27,"Monday, July 3, 2023",Seller,2023
5842,7,107,13,"Sunday, October 8, 2023",Seller,2023
5887,7,7,55,"Saturday, October 21, 2023",Seller,2023
5918,7,61,75,"Sunday, March 12, 2023",Seller,2023
6121,7,17,91,"Saturday, September 16, 2023",Seller,2023
6288,7,27,13,"Monday, July 3, 2023",Seller,2023
6301,7,74,98,"Wednesday, April 12, 2023",Seller,2023
6532,7,115,30,"Saturday, November 18, 2023",Seller,2023
7273,7,15,70,"Thursday, August 17, 2023",Seller,2023
7391,7,130,17,"Friday, September 8, 2023",Seller,2023
7597,7,41,75,"Wednesday, April 26, 2023",Seller,2023
7856,7,125,45,"Saturday, June 3, 2023",Seller,2023
8398,7,73,65,"Saturday, September 9, 2023",Seller,2023
8446,7,35,58,"Monday, December 25, 2023",Seller,2023
8746,7,47,63,"Friday, May 19, 2023",Seller,2023
8921,7,186,5,"Tuesday, January 10, 2023",Seller,2023
8999,7,180,30,"Saturday, June 24, 2023",Seller,2023
9168,7,116,100,"Friday, June 16, 2023",Seller,2023
9325,7,157,58,"Thursday, October 12, 2023",Seller,2023
9400,7,51,94,"Thursday, November 23, 2023",Seller,2023
9472,7,27,80,"Thursday, January 5, 2023",Seller,2023
9597,7,87,69,"Friday, November 24, 2023",Seller,2023
9801,7,23,36,"Monday, May 1, 2023",Seller,2023
9938,7,190,73,"Wednesday, May 24, 2023",Seller,2023
61,7,26,32,"Saturday, March 11, 2023",Seller,2023
157,7,94,63,"Monday, October 2, 2023",Seller,2023
249,7,8,62,"Tuesday, June 20, 2023",Seller,2023
257,7,91,64,"Friday, June 30, 2023",Seller,2023
290,7,144,32,"Wednesday, August 16, 2023",Seller,2023
538,7,81,98,"Friday, May 26, 2023",Seller,2023
596,7,102,83,"Wednesday, August 16, 2023",Seller,2023
1110,7,62,17,"Tuesday, July 25, 2023",Seller,2023
1306,7,98,98,"Wednesday, May 10, 2023",Seller,2023
1351,7,163,50,"Tuesday, January 17, 2023",Seller,2023
1445,7,7,99,"Saturday, August 12, 2023",Seller,2023
1450,7,18,67,"Friday, April 21, 2023",Seller,2023
1781,7,57,48,"Friday, May 12, 2023",Seller,2023
1788,7,3,82,"Tuesday, February 21, 2023",Seller,2023
1791,7,177,34,"Tuesday, September 19, 2023",Seller,2023
1798,7,80,95,"Saturday, April 8, 2023",Seller,2023
2267,7,154,59,"Thursday, September 21, 2023",Seller,2023
2431,7,191,97,"Friday, July 28, 2023",Seller,2023
2722,7,150,61,"Monday, February 6, 2023",Seller,2023
2734,7,39,98,"Saturday, February 25, 2023",Seller,2023
3053,7,188,54,"Sunday, July 30, 2023",Seller,2023
3363,7,77,71,"Sunday, January 1, 2023",Seller,2023
3376,7,95,5,"Tuesday, June 6, 2023",Seller,2023
3695,7,183,5,"Friday, February 10, 2023",Seller,2023
3915,7,107,7,"Saturday, December 30, 2023",Seller,2023
4056,7,59,94,"Sunday, February 26, 2023",Seller,2023
4063,7,124,50,"Sunday, October 22, 2023",Seller,2023
4228,7,6,16,"Thursday, July 13, 2023",Seller,2023
4356,7,8,64,"Saturday, October 7, 2023",Seller,2023
4479,7,114,92,"Friday, August 18, 2023",Seller,2023
4499,7,122,68,"Thursday, November 2, 2023",Seller,2023
4607,7,171,71,"Wednesday, May 31, 2023",Seller,2023
4609,7,131,41,"Tuesday, April 11, 2023",Seller,2023
4787,7,169,26,"Saturday, December 2, 2023",Seller,2023
254,7,107,54,"Wednesday, November 9, 2022",Seller,2022
379,7,166,89,"Saturday, January 14, 2023",Seller,2023
647,7,151,62,"Sunday, September 10, 2023",Seller,2023
658,7,40,76,"Friday, October 20, 2023",Seller,2023
724,7,24,79,"Monday, December 25, 2023",Seller,2023
740,7,22,53,"Tuesday, October 1, 2024",Seller,2024
833,7,107,41,"Wednesday, December 4, 2024",Seller,2024
860,7,68,77,"Thursday, September 5, 2024",Seller,2024
864,7,80,61,"Monday, May 13, 2024",Seller,2024
964,7,159,59,"Wednesday, August 21, 2024",Seller,2024
966,7,126,60,"Friday, August 23, 2024",Seller,2024
1064,7,159,78,"Friday, November 29, 2024",Seller,2024
1083,7,54,70,"Wednesday, December 18, 2024",Seller,2024
1106,7,26,66,"Wednesday, October 1, 2025",Seller,2025
1131,7,32,45,"Wednesday, April 2, 2025",Seller,2025
1200,7,142,85,"Monday, April 14, 2025",Seller,2025
1297,7,129,95,"Sunday, July 20, 2025",Seller,2025
1300,7,88,73,"Wednesday, July 23, 2025",Seller,2025
1410,7,124,64,"Saturday, October 11, 2025",Seller,2025
1442,7,100,66,"Friday, December 12, 2025",Seller,2025
1482,7,71,86,"Wednesday, January 21, 2026",Seller,2026
190,34,47,13,"Monday, August 21, 2023",Seller,2023
407,34,6,56,"Tuesday, April 4, 2023",Seller,2023
646,34,29,98,"Friday, July 7, 2023",Seller,2023
742,34,13,84,"Friday, January 27, 2023",Seller,2023
965,34,74,6,"Wednesday, January 25, 2023",Seller,2023
1075,34,91,49,"Monday, October 2, 2023",Seller,2023
1157,34,77,86,"Tuesday, June 13, 2023",Seller,2023
1310,34,3,38,"Sunday, December 3, 2023",Seller,2023
1323,34,53,28,"Sunday, September 24, 2023",Seller,2023
1349,34,119,62,"Saturday, April 22, 2023",Seller,2023
1521,34,172,91,"Monday, February 27, 2023",Seller,2023
1907,34,81,65,"Wednesday, October 4, 2023",Seller,2023
2038,34,62,52,"Saturday, December 30, 2023",Seller,2023
2194,34,195,8,"Sunday, July 23, 2023",Seller,2023
2519,34,125,40,"Tuesday, December 5, 2023",Seller,2023
2540,34,83,68,"Saturday, November 25, 2023",Seller,2023
2550,34,178,100,"Saturday, November 4, 2023",Seller,2023
2590,34,88,10,"Wednesday, October 18, 2023",Seller,2023
2650,34,72,38,"Tuesday, May 30, 2023",Seller,2023
2761,34,199,67,"Saturday, June 24, 2023",Seller,2023
2784,34,178,87,"Tuesday, March 7, 2023",Seller,2023
3192,34,148,9,"Tuesday, July 25, 2023",Seller,2023
3337,34,79,10,"Wednesday, June 28, 2023",Seller,2023
3538,34,39,26,"Sunday, August 20, 2023",Seller,2023
3578,34,67,12,"Wednesday, May 31, 2023",Seller,2023
3581,34,163,47,"Sunday, September 24, 2023",Seller,2023
3613,34,128,20,"Saturday, February 4, 2023",Seller,2023
3623,34,101,9,"Saturday, September 16, 2023",Seller,2023
3799,34,82,67,"Sunday, May 7, 2023",Seller,2023
3879,34,182,71,"Thursday, September 21, 2023",Seller,2023
4697,34,73,86,"Sunday, May 7, 2023",Seller,2023
5315,34,17,44,"Friday, July 14, 2023",Seller,2023
5325,34,25,39,"Friday, April 7, 2023",Seller,2023
5436,34,21,51,"Tuesday, November 28, 2023",Seller,2023
5520,34,200,84,"Friday, August 4, 2023",Seller,2023
5997,34,43,44,"Saturday, September 23, 2023",Seller,2023
6061,34,137,87,"Sunday, July 9, 2023",Seller,2023
6062,34,134,94,"Friday, September 22, 2023",Seller,2023
6220,34,155,76,"Wednesday, March 15, 2023",Seller,2023
6241,34,188,28,"Tuesday, May 2, 2023",Seller,2023
6497,34,154,82,"Thursday, March 30, 2023",Seller,2023
6524,34,133,91,"Saturday, January 7, 2023",Seller,2023
6728,34,140,63,"Sunday, December 10, 2023",Seller,2023
6771,34,81,93,"Friday, October 6, 2023",Seller,2023
6785,34,47,73,"Tuesday, February 7, 2023",Seller,2023
6872,34,20,76,"Thursday, September 14, 2023",Seller,2023
7163,34,156,23,"Thursday, November 23, 2023",Seller,2023
7175,34,184,5,"Tuesday, June 13, 2023",Seller,2023
7256,34,183,65,"Thursday, July 6, 2023",Seller,2023
7319,34,177,52,"Saturday, February 4, 2023",Seller,2023
7381,34,49,43,"Friday, April 14, 2023",Seller,2023
7538,34,51,58,"Sunday, March 5, 2023",Seller,2023
8167,34,115,93,"Friday, May 26, 2023",Seller,2023
8181,34,189,50,"Monday, August 14, 2023",Seller,2023
8216,34,119,49,"Thursday, October 19, 2023",Seller,2023
8303,34,189,16,"Friday, February 24, 2023",Seller,2023
8406,34,38,47,"Thursday, December 21, 2023",Seller,2023
8468,34,17,28,"Thursday, April 20, 2023",Seller,2023
8611,34,133,32,"Monday, June 5, 2023",Seller,2023
8693,34,124,72,"Tuesday, June 6, 2023",Seller,2023
9058,34,121,16,"Friday, March 3, 2023",Seller,2023
9099,34,135,90,"Friday, February 24, 2023",Seller,2023
9250,34,168,62,"Friday, September 29, 2023",Seller,2023
9251,34,58,73,"Monday, February 13, 2023",Seller,2023
9869,34,177,22,"Thursday, February 9, 2023",Seller,2023
9923,34,8,44,"Saturday, August 12, 2023",Seller,2023
9952,34,136,12,"Tuesday, June 27, 2023",Seller,2023
9993,34,130,9,"Monday, March 6, 2023",Seller,2023
190,34,47,13,"Wednesday, March 29, 2023",Seller,2023
407,34,6,56,"Monday, May 15, 2023",Seller,2023
646,34,29,98,"Wednesday, October 25, 2023",Seller,2023
742,34,13,84,"Thursday, May 4, 2023",Seller,2023
965,34,74,6,"Monday, December 2, 2024",Seller,2024
1075,34,91,49,"Monday, October 2, 2023",Seller,2023
1157,34,77,86,"Tuesday, June 13, 2023",Seller,2023
1310,34,3,38,"Sunday, December 3, 2023",Seller,2023
1323,34,53,28,"Sunday, September 24, 2023",Seller,2023
1349,34,119,62,"Saturday, April 22, 2023",Seller,2023
1521,34,172,91,"Monday, February 27, 2023",Seller,2023
1907,34,81,65,"Wednesday, October 4, 2023",Seller,2023
2038,34,62,52,"Saturday, December 30, 2023",Seller,2023
2194,34,195,8,"Sunday, July 23, 2023",Seller,2023
2519,34,125,40,"Tuesday, December 5, 2023",Seller,2023
2540,34,83,68,"Saturday, November 25, 2023",Seller,2023
2550,34,178,100,"Saturday, November 4, 2023",Seller,2023
2590,34,88,10,"Wednesday, October 18, 2023",Seller,2023
2650,34,72,38,"Tuesday, May 30, 2023",Seller,2023
2761,34,199,67,"Saturday, June 24, 2023",Seller,2023
2784,34,178,87,"Tuesday, March 7, 2023",Seller,2023
3192,34,148,9,"Tuesday, July 25, 2023",Seller,2023
3337,34,79,10,"Wednesday, June 28, 2023",Seller,2023
3538,34,39,26,"Sunday, August 20, 2023",Seller,2023
3578,34,67,12,"Wednesday, May 31, 2023",Seller,2023
3581,34,163,47,"Sunday, September 24, 2023",Seller,2023
3613,34,128,20,"Saturday, February 4, 2023",Seller,2023
3623,34,101,9,"Saturday, September 16, 2023",Seller,2023
3799,34,82,67,"Sunday, May 7, 2023",Seller,2023
3879,34,182,71,"Thursday, September 21, 2023",Seller,2023
4697,34,73,86,"Sunday, May 7, 2023",Seller,2023
46,34,38,46,"Tuesday, February 15, 2022",Seller,2022
79,34,8,78,"Sunday, March 20, 2022",Seller,2022
101,34,177,30,"Friday, November 4, 2022",Seller,2022
128,34,28,52,"Friday, August 5, 2022",Seller,2022
336,34,124,34,"Saturday, February 12, 2022",Seller,2022
344,34,154,80,"Wednesday, October 12, 2022",Seller,2022
462,34,75,79,"Tuesday, July 4, 2023",Seller,2023
486,34,86,43,"Thursday, January 5, 2023",Seller,2023
880,34,106,23,"Wednesday, May 29, 2024",Seller,2024
929,34,60,89,"Wednesday, July 17, 2024",Seller,2024
1179,34,66,74,"Monday, March 24, 2025",Seller,2025
1212,34,68,40,"Saturday, April 26, 2025",Seller,2025
1237,34,84,17,"Wednesday, May 21, 2025",Seller,2025
1242,34,49,81,"Monday, May 26, 2025",Seller,2025
1420,34,86,38,"Thursday, November 20, 2025",Seller,2025
1424,34,152,41,"Monday, November 24, 2025",Seller,2025
223,16,40,5,"Sunday, January 29, 2023",Seller,2023
355,16,176,39,"Friday, April 28, 2023",Seller,2023
422,16,181,78,"Tuesday, January 24, 2023",Seller,2023
825,16,30,55,"Thursday, February 2, 2023",Seller,2023
1005,16,144,19,"Tuesday, October 10, 2023",Seller,2023
1077,16,161,97,"Sunday, September 3, 2023",Seller,2023
1081,16,190,43,"Sunday, April 2, 2023",Seller,2023
1169,16,24,58,"Sunday, June 4, 2023",Seller,2023
1621,16,102,68,"Saturday, April 1, 2023",Seller,2023
1644,16,133,64,"Monday, December 18, 2023",Seller,2023
2061,16,24,33,"Thursday, February 16, 2023",Seller,2023
2275,16,95,100,"Thursday, April 6, 2023",Seller,2023
2351,16,29,11,"Saturday, July 8, 2023",Seller,2023
2355,16,18,76,"Tuesday, June 6, 2023",Seller,2023
2444,16,36,35,"Sunday, April 2, 2023",Seller,2023
3148,16,145,30,"Thursday, June 29, 2023",Seller,2023
3193,16,83,79,"Tuesday, December 12, 2023",Seller,2023
3453,16,190,89,"Monday, October 23, 2023",Seller,2023
3676,16,95,97,"Sunday, June 11, 2023",Seller,2023
3767,16,163,90,"Friday, September 29, 2023",Seller,2023
3805,16,56,77,"Sunday, January 8, 2023",Seller,2023
3898,16,18,55,"Tuesday, February 28, 2023",Seller,2023
4100,16,92,93,"Wednesday, November 15, 2023",Seller,2023
4637,16,189,35,"Sunday, December 10, 2023",Seller,2023
4748,16,5,81,"Wednesday, June 7, 2023",Seller,2023
4880,16,138,71,"Saturday, May 20, 2023",Seller,2023
4884,16,71,78,"Saturday, September 30, 2023",Seller,2023
4955,16,147,38,"Friday, June 2, 2023",Seller,2023
5305,16,154,44,"Sunday, July 30, 2023",Seller,2023
5322,16,198,77,"Friday, September 29, 2023",Seller,2023
5947,16,84,80,"Thursday, December 21, 2023",Seller,2023
5986,16,171,26,"Tuesday, October 31, 2023",Seller,2023
6073,16,115,71,"Sunday, November 26, 2023",Seller,2023
6144,16,157,13,"Wednesday, March 8, 2023",Seller,2023
6202,16,29,53,"Tuesday, August 8, 2023",Seller,2023
6231,16,124,23,"Friday, August 11, 2023",Seller,2023
6615,16,73,56,"Friday, September 1, 2023",Seller,2023
6621,16,10,73,"Tuesday, August 1, 2023",Seller,2023
6640,16,159,73,"Saturday, September 16, 2023",Seller,2023
6650,16,28,44,"Monday, May 1, 2023",Seller,2023
6735,16,134,20,"Wednesday, November 1, 2023",Seller,2023
6816,16,196,33,"Friday, September 8, 2023",Seller,2023
6861,16,144,76,"Saturday, February 11, 2023",Seller,2023
6883,16,158,6,"Thursday, March 30, 2023",Seller,2023
6940,16,45,92,"Wednesday, May 10, 2023",Seller,2023
7029,16,195,71,"Friday, October 20, 2023",Seller,2023
7258,16,139,36,"Wednesday, January 11, 2023",Seller,2023
7419,16,19,82,"Monday, June 5, 2023",Seller,2023
7464,16,147,55,"Thursday, October 19, 2023",Seller,2023
7746,16,39,69,"Saturday, May 27, 2023",Seller,2023
7793,16,3,75,"Saturday, December 2, 2023",Seller,2023
7849,16,96,90,"Tuesday, November 21, 2023",Seller,2023
7930,16,46,42,"Monday, April 24, 2023",Seller,2023
8118,16,189,86,"Saturday, January 7, 2023",Seller,2023
8121,16,69,62,"Wednesday, December 27, 2023",Seller,2023
8233,16,94,63,"Saturday, June 17, 2023",Seller,2023
8527,16,73,22,"Thursday, April 6, 2023",Seller,2023
8565,16,19,35,"Wednesday, September 13, 2023",Seller,2023
8692,16,103,89,"Sunday, January 22, 2023",Seller,2023
8703,16,72,77,"Wednesday, March 1, 2023",Seller,2023
8869,16,84,32,"Monday, November 27, 2023",Seller,2023
8909,16,102,48,"Tuesday, February 14, 2023",Seller,2023
9005,16,55,18,"Sunday, July 9, 2023",Seller,2023
9128,16,17,40,"Friday, April 14, 2023",Seller,2023
9164,16,121,23,"Saturday, September 9, 2023",Seller,2023
9303,16,64,5,"Wednesday, December 13, 2023",Seller,2023
9763,16,56,14,"Thursday, November 23, 2023",Seller,2023
9780,16,154,54,"Wednesday, November 8, 2023",Seller,2023
9782,16,8,43,"Tuesday, September 19, 2023",Seller,2023
9831,16,197,28,"Wednesday, May 17, 2023",Seller,2023
9951,16,83,14,"Saturday, October 28, 2023",Seller,2023
223,16,40,5,"Monday, May 15, 2023",Seller,2023
355,16,176,39,"Friday, February 3, 2023",Seller,2023
422,16,181,78,"Saturday, May 6, 2023",Seller,2023
825,16,30,55,"Monday, July 31, 2023",Seller,2023
1005,16,144,19,"Sunday, August 4, 2024",Seller,2024
1077,16,161,97,"Sunday, September 3, 2023",Seller,2023
1081,16,190,43,"Sunday, April 2, 2023",Seller,2023
1169,16,24,58,"Sunday, June 4, 2023",Seller,2023
1621,16,102,68,"Saturday, April 1, 2023",Seller,2023
1644,16,133,64,"Monday, December 18, 2023",Seller,2023
2061,16,24,33,"Thursday, February 16, 2023",Seller,2023
2275,16,95,100,"Thursday, April 6, 2023",Seller,2023
2351,16,29,11,"Saturday, July 8, 2023",Seller,2023
2355,16,18,76,"Tuesday, June 6, 2023",Seller,2023
2444,16,36,35,"Sunday, April 2, 2023",Seller,2023
3148,16,145,30,"Thursday, June 29, 2023",Seller,2023
3193,16,83,79,"Tuesday, December 12, 2023",Seller,2023
3453,16,190,89,"Monday, October 23, 2023",Seller,2023
3676,16,95,97,"Sunday, June 11, 2023",Seller,2023
3767,16,163,90,"Friday, September 29, 2023",Seller,2023
3805,16,56,77,"Sunday, January 8, 2023",Seller,2023
3898,16,18,55,"Tuesday, February 28, 2023",Seller,2023
4100,16,92,93,"Wednesday, November 15, 2023",Seller,2023
4637,16,189,35,"Sunday, December 10, 2023",Seller,2023
4748,16,5,81,"Wednesday, June 7, 2023",Seller,2023
110,16,152,40,"Wednesday, April 20, 2022",Seller,2022
232,16,113,22,"Saturday, August 20, 2022",Seller,2022
494,16,95,29,"Tuesday, September 5, 2023",Seller,2023
579,16,47,52,"Wednesday, February 8, 2023",Seller,2023
617,16,187,79,"Saturday, September 9, 2023",Seller,2023
784,16,55,32,"Friday, February 23, 2024",Seller,2024
813,16,171,73,"Saturday, March 23, 2024",Seller,2024
920,16,160,37,"Wednesday, August 7, 2024",Seller,2024
986,16,136,54,"Monday, December 9, 2024",Seller,2024
991,16,138,22,"Tuesday, September 17, 2024",Seller,2024
1001,16,38,10,"Friday, September 27, 2024",Seller,2024
1068,16,106,63,"Tuesday, March 12, 2024",Seller,2024
1075,16,12,86,"Saturday, October 12, 2024",Seller,2024
1078,16,27,96,"Friday, December 13, 2024",Seller,2024
1140,16,193,73,"Thursday, February 13, 2025",Seller,2025
1265,16,120,85,"Wednesday, June 18, 2025",Seller,2025
1267,16,54,43,"Friday, June 20, 2025",Seller,2025
1365,16,116,23,"Friday, September 26, 2025",Seller,2025
1403,16,71,29,"Tuesday, March 11, 2025",Seller,2025
99,37,29,21,"Wednesday, November 15, 2023",Seller,2023
196,37,108,24,"Friday, May 12, 2023",Seller,2023
325,37,189,64,"Friday, May 12, 2023",Seller,2023
457,37,43,59,"Monday, March 20, 2023",Seller,2023
492,37,5,16,"Wednesday, December 20, 2023",Seller,2023
635,37,12,38,"Monday, June 19, 2023",Seller,2023
916,37,182,9,"Thursday, August 3, 2023",Seller,2023
935,37,67,75,"Sunday, October 1, 2023",Seller,2023
1010,37,11,59,"Thursday, November 16, 2023",Seller,2023
1011,37,71,61,"Tuesday, May 30, 2023",Seller,2023
1097,37,36,14,"Friday, September 8, 2023",Seller,2023
1261,37,142,32,"Monday, May 1, 2023",Seller,2023
1510,37,59,53,"Monday, March 6, 2023",Seller,2023
1741,37,79,93,"Friday, December 22, 2023",Seller,2023
1843,37,122,57,"Saturday, November 18, 2023",Seller,2023
1889,37,164,99,"Monday, August 7, 2023",Seller,2023
2188,37,104,73,"Friday, February 24, 2023",Seller,2023
2256,37,191,47,"Saturday, March 18, 2023",Seller,2023
2362,37,163,29,"Saturday, April 22, 2023",Seller,2023
2675,37,81,71,"Sunday, February 26, 2023",Seller,2023
2691,37,145,57,"Saturday, August 5, 2023",Seller,2023
2839,37,129,45,"Tuesday, June 13, 2023",Seller,2023
2981,37,200,39,"Monday, September 18, 2023",Seller,2023
2988,37,196,78,"Monday, September 11, 2023",Seller,2023
3111,37,150,11,"Tuesday, June 27, 2023",Seller,2023
3171,37,19,25,"Monday, January 30, 2023",Seller,2023
3346,37,126,72,"Wednesday, August 30, 2023",Seller,2023
3486,37,19,26,"Sunday, January 22, 2023",Seller,2023
3651,37,107,93,"Friday, May 5, 2023",Seller,2023
3667,37,126,94,"Friday, March 24, 2023",Seller,2023
3685,37,174,62,"Wednesday, December 27, 2023",Seller,2023
3912,37,98,12,"Saturday, October 14, 2023",Seller,2023
4295,37,186,46,"Thursday, January 26, 2023",Seller,2023
4557,37,37,15,"Wednesday, January 11, 2023",Seller,2023
4926,37,143,67,"Friday, June 16, 2023",Seller,2023
5028,37,130,94,"Saturday, January 21, 2023",Seller,2023
5130,37,23,19,"Tuesday, May 16, 2023",Seller,2023
5286,37,69,23,"Friday, April 28, 2023",Seller,2023
5371,37,45,9,"Saturday, August 12, 2023",Seller,2023
5422,37,43,60,"Thursday, December 28, 2023",Seller,2023
5509,37,155,78,"Friday, April 7, 2023",Seller,2023
5763,37,45,26,"Thursday, April 20, 2023",Seller,2023
5899,37,9,95,"Saturday, February 4, 2023",Seller,2023
6281,37,51,20,"Saturday, March 25, 2023",Seller,2023
6474,37,38,42,"Saturday, October 28, 2023",Seller,2023
6584,37,66,99,"Wednesday, June 21, 2023",Seller,2023
6598,37,88,80,"Tuesday, September 26, 2023",Seller,2023
6665,37,31,18,"Saturday, May 6, 2023",Seller,2023
6996,37,106,67,"Sunday, January 15, 2023",Seller,2023
7039,37,39,100,"Friday, January 13, 2023",Seller,2023
7081,37,143,79,"Monday, March 13, 2023",Seller,2023
7211,37,71,46,"Sunday, October 8, 2023",Seller,2023
7233,37,74,57,"Saturday, December 9, 2023",Seller,2023
7280,37,160,95,"Wednesday, March 29, 2023",Seller,2023
7288,37,24,80,"Friday, September 22, 2023",Seller,2023
7908,37,20,96,"Monday, October 9, 2023",Seller,2023
8093,37,157,36,"Thursday, February 9, 2023",Seller,2023
8103,37,73,17,"Friday, November 10, 2023",Seller,2023
8524,37,30,66,"Sunday, July 9, 2023",Seller,2023
8532,37,89,14,"Wednesday, May 17, 2023",Seller,2023
8862,37,29,30,"Saturday, April 22, 2023",Seller,2023
9081,37,64,10,"Wednesday, May 31, 2023",Seller,2023
9202,37,126,53,"Thursday, January 26, 2023",Seller,2023
9781,37,102,29,"Saturday, January 28, 2023",Seller,2023
9947,37,69,60,"Monday, September 18, 2023",Seller,2023
99,37,29,21,"Wednesday, December 27, 2023",Seller,2023
196,37,108,24,"Sunday, June 4, 2023",Seller,2023
325,37,189,64,"Thursday, January 19, 2023",Seller,2023
457,37,43,59,"Monday, July 24, 2023",Seller,2023
492,37,5,16,"Thursday, November 9, 2023",Seller,2023
635,37,12,38,"Tuesday, October 10, 2023",Seller,2023
916,37,182,9,"Friday, May 12, 2023",Seller,2023
935,37,67,75,"Monday, January 1, 2024",Seller,2024
1010,37,11,59,"Thursday, November 16, 2023",Seller,2023
1011,37,71,61,"Tuesday, May 30, 2023",Seller,2023
1097,37,36,14,"Friday, September 8, 2023",Seller,2023
1261,37,142,32,"Monday, May 1, 2023",Seller,2023
1510,37,59,53,"Monday, March 6, 2023",Seller,2023
1741,37,79,93,"Friday, December 22, 2023",Seller,2023
1843,37,122,57,"Saturday, November 18, 2023",Seller,2023
1889,37,164,99,"Monday, August 7, 2023",Seller,2023
2188,37,104,73,"Friday, February 24, 2023",Seller,2023
2256,37,191,47,"Saturday, March 18, 2023",Seller,2023
2362,37,163,29,"Saturday, April 22, 2023",Seller,2023
2675,37,81,71,"Sunday, February 26, 2023",Seller,2023
2691,37,145,57,"Saturday, August 5, 2023",Seller,2023
2839,37,129,45,"Tuesday, June 13, 2023",Seller,2023
2981,37,200,39,"Monday, September 18, 2023",Seller,2023
2988,37,196,78,"Monday, September 11, 2023",Seller,2023
3111,37,150,11,"Tuesday, June 27, 2023",Seller,2023
3171,37,19,25,"Monday, January 30, 2023",Seller,2023
3346,37,126,72,"Wednesday, August 30, 2023",Seller,2023
3486,37,19,26,"Sunday, January 22, 2023",Seller,2023
3651,37,107,93,"Friday, May 5, 2023",Seller,2023
3667,37,126,94,"Friday, March 24, 2023",Seller,2023
3685,37,174,62,"Wednesday, December 27, 2023",Seller,2023
3912,37,98,12,"Saturday, October 14, 2023",Seller,2023
4295,37,186,46,"Thursday, January 26, 2023",Seller,2023
4557,37,37,15,"Wednesday, January 11, 2023",Seller,2023
116,37,159,96,"Tuesday, April 26, 2022",Seller,2022
143,37,191,39,"Monday, May 23, 2022",Seller,2022
314,37,140,13,"Tuesday, October 11, 2022",Seller,2022
401,37,92,31,"Tuesday, May 2, 2023",Seller,2023
456,37,191,55,"Wednesday, January 4, 2023",Seller,2023
480,37,134,30,"Tuesday, April 25, 2023",Seller,2023
508,37,98,28,"Tuesday, May 23, 2023",Seller,2023
570,37,49,97,"Monday, July 24, 2023",Seller,2023
656,37,18,86,"Wednesday, October 18, 2023",Seller,2023
674,37,130,49,"Thursday, May 11, 2023",Seller,2023
855,37,60,11,"Friday, April 5, 2024",Seller,2024
958,37,116,51,"Thursday, August 15, 2024",Seller,2024
1005,37,158,62,"Wednesday, January 10, 2024",Seller,2024
1080,37,116,15,"Sunday, December 15, 2024",Seller,2024
1081,37,56,94,"Monday, December 16, 2024",Seller,2024
1125,37,125,53,"Wednesday, January 29, 2025",Seller,2025
1443,37,180,88,"Saturday, December 13, 2025",Seller,2025
282,19,52,23,"Monday, November 13, 2023",Seller,2023
336,19,147,75,"Saturday, December 9, 2023",Seller,2023
437,19,200,23,"Friday, December 1, 2023",Seller,2023
591,19,192,24,"Wednesday, December 27, 2023",Seller,2023
707,19,22,49,"Saturday, April 29, 2023",Seller,2023
847,19,170,92,"Thursday, May 18, 2023",Seller,2023
897,19,199,61,"Thursday, June 1, 2023",Seller,2023
1216,19,170,13,"Tuesday, April 18, 2023",Seller,2023
1488,19,67,7,"Friday, November 10, 2023",Seller,2023
1657,19,187,37,"Saturday, October 7, 2023",Seller,2023
1785,19,29,69,"Tuesday, April 11, 2023",Seller,2023
1849,19,170,79,"Sunday, October 15, 2023",Seller,2023
1902,19,168,65,"Sunday, December 31, 2023",Seller,2023
2090,19,193,57,"Friday, July 21, 2023",Seller,2023
2136,19,44,41,"Monday, December 18, 2023",Seller,2023
2183,19,68,11,"Thursday, May 4, 2023",Seller,2023
2280,19,111,55,"Tuesday, September 19, 2023",Seller,2023
2309,19,15,37,"Thursday, October 5, 2023",Seller,2023
2450,19,44,49,"Sunday, August 27, 2023",Seller,2023
2453,19,177,75,"Friday, July 7, 2023",Seller,2023
2726,19,85,12,"Friday, April 21, 2023",Seller,2023
2800,19,12,29,"Saturday, May 20, 2023",Seller,2023
2884,19,61,57,"Sunday, June 18, 2023",Seller,2023
2983,19,165,11,"Thursday, May 4, 2023",Seller,2023
3157,19,29,54,"Tuesday, March 14, 2023",Seller,2023
3213,19,96,31,"Wednesday, April 19, 2023",Seller,2023
3233,19,65,79,"Thursday, July 27, 2023",Seller,2023
3653,19,73,95,"Sunday, April 30, 2023",Seller,2023
4449,19,163,59,"Tuesday, January 10, 2023",Seller,2023
4763,19,148,53,"Wednesday, June 7, 2023",Seller,2023
4971,19,158,47,"Sunday, January 29, 2023",Seller,2023
4991,19,17,78,"Tuesday, June 20, 2023",Seller,2023
5111,19,172,88,"Friday, December 22, 2023",Seller,2023
5287,19,181,75,"Saturday, October 28, 2023",Seller,2023
5353,19,146,23,"Tuesday, March 14, 2023",Seller,2023
5559,19,157,69,"Wednesday, May 31, 2023",Seller,2023
5577,19,114,21,"Wednesday, December 6, 2023",Seller,2023
6046,19,7,52,"Friday, July 14, 2023",Seller,2023
6167,19,13,5,"Monday, June 12, 2023",Seller,2023
6275,19,53,94,"Thursday, November 16, 2023",Seller,2023
6366,19,187,31,"Friday, December 22, 2023",Seller,2023
6519,19,163,7,"Wednesday, March 22, 2023",Seller,2023
6871,19,174,30,"Saturday, August 19, 2023",Seller,2023
7132,19,123,16,"Sunday, November 12, 2023",Seller,2023
7260,19,40,22,"Friday, November 10, 2023",Seller,2023
7334,19,78,12,"Wednesday, April 26, 2023",Seller,2023
7630,19,152,87,"Tuesday, September 12, 2023",Seller,2023
7660,19,26,14,"Sunday, July 30, 2023",Seller,2023
7680,19,194,73,"Tuesday, November 21, 2023",Seller,2023
7727,19,175,68,"Sunday, June 25, 2023",Seller,2023
7782,19,166,84,"Friday, August 18, 2023",Seller,2023
7808,19,187,84,"Tuesday, July 18, 2023",Seller,2023
8364,19,92,15,"Saturday, June 17, 2023",Seller,2023
8525,19,178,26,"Thursday, November 16, 2023",Seller,2023
8668,19,168,26,"Saturday, November 18, 2023",Seller,2023
8685,19,68,58,"Sunday, May 7, 2023",Seller,2023
8898,19,47,88,"Thursday, March 2, 2023",Seller,2023
8946,19,63,34,"Wednesday, May 17, 2023",Seller,2023
9104,19,145,100,"Friday, April 28, 2023",Seller,2023
9284,19,29,11,"Tuesday, December 26, 2023",Seller,2023
9605,19,190,12,"Thursday, July 13, 2023",Seller,2023
9686,19,188,50,"Wednesday, November 1, 2023",Seller,2023
9852,19,63,23,"Monday, April 10, 2023",Seller,2023
9956,19,24,88,"Wednesday, October 11, 2023",Seller,2023
282,19,52,23,"Saturday, April 8, 2023",Seller,2023
336,19,147,75,"Thursday, March 2, 2023",Seller,2023
437,19,200,23,"Monday, June 26, 2023",Seller,2023
591,19,192,24,"Friday, September 8, 2023",Seller,2023
707,19,22,49,"Wednesday, February 15, 2023",Seller,2023
847,19,170,92,"Wednesday, August 30, 2023",Seller,2023
897,19,199,61,"Friday, August 11, 2023",Seller,2023
1216,19,170,13,"Tuesday, April 18, 2023",Seller,2023
1488,19,67,7,"Friday, November 10, 2023",Seller,2023
1657,19,187,37,"Saturday, October 7, 2023",Seller,2023
1785,19,29,69,"Tuesday, April 11, 2023",Seller,2023
1849,19,170,79,"Sunday, October 15, 2023",Seller,2023
1902,19,168,65,"Sunday, December 31, 2023",Seller,2023
2090,19,193,57,"Friday, July 21, 2023",Seller,2023
2136,19,44,41,"Monday, December 18, 2023",Seller,2023
2183,19,68,11,"Thursday, May 4, 2023",Seller,2023
2280,19,111,55,"Tuesday, September 19, 2023",Seller,2023
2309,19,15,37,"Thursday, October 5, 2023",Seller,2023
2450,19,44,49,"Sunday, August 27, 2023",Seller,2023
2453,19,177,75,"Friday, July 7, 2023",Seller,2023
2726,19,85,12,"Friday, April 21, 2023",Seller,2023
2800,19,12,29,"Saturday, May 20, 2023",Seller,2023
2884,19,61,57,"Sunday, June 18, 2023",Seller,2023
2983,19,165,11,"Thursday, May 4, 2023",Seller,2023
3157,19,29,54,"Tuesday, March 14, 2023",Seller,2023
3213,19,96,31,"Wednesday, April 19, 2023",Seller,2023
3233,19,65,79,"Thursday, July 27, 2023",Seller,2023
3653,19,73,95,"Sunday, April 30, 2023",Seller,2023
4449,19,163,59,"Tuesday, January 10, 2023",Seller,2023
4763,19,148,53,"Wednesday, June 7, 2023",Seller,2023
114,19,95,76,"Sunday, April 24, 2022",Seller,2022
247,19,29,43,"Saturday, April 9, 2022",Seller,2022
259,19,167,83,"Friday, September 16, 2022",Seller,2022
265,19,140,48,"Thursday, September 22, 2022",Seller,2022
332,19,58,88,"Monday, November 28, 2022",Seller,2022
348,19,17,17,"Wednesday, December 14, 2022",Seller,2022
537,19,54,10,"Wednesday, June 21, 2023",Seller,2023
622,19,166,75,"Thursday, September 14, 2023",Seller,2023
711,19,118,98,"Tuesday, December 12, 2023",Seller,2023
806,19,187,12,"Saturday, March 16, 2024",Seller,2024
834,19,54,85,"Saturday, April 13, 2024",Seller,2024
941,19,196,93,"Monday, July 29, 2024",Seller,2024
946,19,119,17,"Friday, March 8, 2024",Seller,2024
1014,19,182,50,"Thursday, October 10, 2024",Seller,2024
1058,19,104,55,"Saturday, November 23, 2024",Seller,2024
1137,19,135,28,"Thursday, October 2, 2025",Seller,2025
1141,19,191,67,"Friday, February 14, 2025",Seller,2025
1233,19,180,37,"Saturday, May 17, 2025",Seller,2025
1260,19,29,42,"Friday, June 13, 2025",Seller,2025
1330,19,58,65,"Friday, August 22, 2025",Seller,2025
1380,19,143,56,"Monday, November 10, 2025",Seller,2025
1486,19,158,13,"Sunday, January 25, 2026",Seller,2026
1496,19,200,62,"Thursday, April 2, 2026",Seller,2026
419,26,173,86,"Monday, January 16, 2023",Seller,2023
772,26,64,35,"Tuesday, October 10, 2023",Seller,2023
995,26,136,22,"Saturday, August 19, 2023",Seller,2023
1020,26,16,22,"Tuesday, February 14, 2023",Seller,2023
1414,26,11,86,"Friday, March 3, 2023",Seller,2023
1601,26,64,19,"Thursday, April 6, 2023",Seller,2023
1828,26,133,62,"Sunday, December 10, 2023",Seller,2023
1885,26,48,65,"Friday, March 3, 2023",Seller,2023
1915,26,155,35,"Thursday, April 20, 2023",Seller,2023
1921,26,128,87,"Tuesday, January 24, 2023",Seller,2023
1990,26,195,23,"Wednesday, November 8, 2023",Seller,2023
2131,26,153,95,"Friday, July 28, 2023",Seller,2023
2318,26,81,75,"Monday, July 31, 2023",Seller,2023
2354,26,198,72,"Wednesday, June 28, 2023",Seller,2023
2391,26,193,18,"Thursday, January 19, 2023",Seller,2023
2432,26,193,89,"Saturday, February 11, 2023",Seller,2023
2598,26,171,52,"Friday, February 10, 2023",Seller,2023
2778,26,26,49,"Monday, August 14, 2023",Seller,2023
2942,26,72,71,"Friday, July 21, 2023",Seller,2023
3032,26,61,89,"Sunday, November 26, 2023",Seller,2023
3112,26,40,72,"Thursday, March 9, 2023",Seller,2023
3202,26,128,82,"Friday, December 1, 2023",Seller,2023
3292,26,177,91,"Monday, July 31, 2023",Seller,2023
3349,26,177,11,"Saturday, July 29, 2023",Seller,2023
3577,26,182,61,"Thursday, November 30, 2023",Seller,2023
3995,26,197,79,"Thursday, November 16, 2023",Seller,2023
4341,26,125,28,"Monday, October 2, 2023",Seller,2023
4395,26,69,87,"Wednesday, February 1, 2023",Seller,2023
4429,26,151,51,"Saturday, September 23, 2023",Seller,2023
4529,26,116,76,"Friday, December 22, 2023",Seller,2023
4530,26,115,61,"Wednesday, January 4, 2023",Seller,2023
4595,26,31,30,"Wednesday, June 14, 2023",Seller,2023
4726,26,141,67,"Monday, April 10, 2023",Seller,2023
4833,26,54,88,"Saturday, January 7, 2023",Seller,2023
4886,26,199,74,"Saturday, December 9, 2023",Seller,2023
4891,26,14,57,"Tuesday, February 28, 2023",Seller,2023
5034,26,8,62,"Thursday, March 23, 2023",Seller,2023
5279,26,42,8,"Wednesday, October 18, 2023",Seller,2023
5585,26,139,20,"Friday, January 6, 2023",Seller,2023
5665,26,193,51,"Sunday, November 5, 2023",Seller,2023
5836,26,107,13,"Sunday, February 19, 2023",Seller,2023
5996,26,147,35,"Saturday, December 9, 2023",Seller,2023
6295,26,10,69,"Tuesday, August 29, 2023",Seller,2023
6405,26,125,50,"Saturday, February 25, 2023",Seller,2023
6426,26,60,47,"Friday, November 24, 2023",Seller,2023
6460,26,183,61,"Tuesday, October 24, 2023",Seller,2023
6464,26,39,34,"Wednesday, April 19, 2023",Seller,2023
6736,26,105,93,"Friday, December 29, 2023",Seller,2023
6737,26,59,66,"Saturday, August 19, 2023",Seller,2023
7027,26,150,39,"Thursday, September 21, 2023",Seller,2023
7131,26,131,66,"Saturday, December 9, 2023",Seller,2023
7230,26,136,67,"Tuesday, October 17, 2023",Seller,2023
7240,26,58,41,"Wednesday, April 26, 2023",Seller,2023
7347,26,112,10,"Monday, March 6, 2023",Seller,2023
7384,26,41,75,"Thursday, January 12, 2023",Seller,2023
7677,26,50,16,"Sunday, September 10, 2023",Seller,2023
7775,26,34,41,"Monday, March 27, 2023",Seller,2023
7788,26,42,16,"Sunday, March 19, 2023",Seller,2023
7858,26,190,42,"Sunday, April 30, 2023",Seller,2023
8226,26,182,44,"Friday, November 24, 2023",Seller,2023
8338,26,53,80,"Thursday, February 9, 2023",Seller,2023
8437,26,147,70,"Saturday, June 24, 2023",Seller,2023
8625,26,6,5,"Monday, January 2, 2023",Seller,2023
8834,26,65,73,"Monday, September 11, 2023",Seller,2023
8857,26,151,42,"Wednesday, April 12, 2023",Seller,2023
9011,26,6,63,"Monday, April 17, 2023",Seller,2023
9340,26,72,67,"Thursday, August 31, 2023",Seller,2023
9593,26,133,20,"Saturday, January 14, 2023",Seller,2023
9774,26,126,84,"Thursday, July 13, 2023",Seller,2023
9845,26,189,94,"Thursday, June 29, 2023",Seller,2023
419,26,173,86,"Wednesday, May 31, 2023",Seller,2023
772,26,64,35,"Wednesday, May 17, 2023",Seller,2023
995,26,136,22,"Monday, March 25, 2024",Seller,2024
1020,26,16,22,"Tuesday, February 14, 2023",Seller,2023
1414,26,11,86,"Friday, March 3, 2023",Seller,2023
1601,26,64,19,"Thursday, April 6, 2023",Seller,2023
1828,26,133,62,"Sunday, December 10, 2023",Seller,2023
1885,26,48,65,"Friday, March 3, 2023",Seller,2023
1915,26,155,35,"Thursday, April 20, 2023",Seller,2023
1921,26,128,87,"Tuesday, January 24, 2023",Seller,2023
1990,26,195,23,"Wednesday, November 8, 2023",Seller,2023
2131,26,153,95,"Friday, July 28, 2023",Seller,2023
2318,26,81,75,"Monday, July 31, 2023",Seller,2023
2354,26,198,72,"Wednesday, June 28, 2023",Seller,2023
2391,26,193,18,"Thursday, January 19, 2023",Seller,2023
2432,26,193,89,"Saturday, February 11, 2023",Seller,2023
2598,26,171,52,"Friday, February 10, 2023",Seller,2023
2778,26,26,49,"Monday, August 14, 2023",Seller,2023
2942,26,72,71,"Friday, July 21, 2023",Seller,2023
3032,26,61,89,"Sunday, November 26, 2023",Seller,2023
3112,26,40,72,"Thursday, March 9, 2023",Seller,2023
3202,26,128,82,"Friday, December 1, 2023",Seller,2023
3292,26,177,91,"Monday, July 31, 2023",Seller,2023
3349,26,177,11,"Saturday, July 29, 2023",Seller,2023
3577,26,182,61,"Thursday, November 30, 2023",Seller,2023
3995,26,197,79,"Thursday, November 16, 2023",Seller,2023
4341,26,125,28,"Monday, October 2, 2023",Seller,2023
4395,26,69,87,"Wednesday, February 1, 2023",Seller,2023
4429,26,151,51,"Saturday, September 23, 2023",Seller,2023
4529,26,116,76,"Friday, December 22, 2023",Seller,2023
4530,26,115,61,"Wednesday, January 4, 2023",Seller,2023
4595,26,31,30,"Wednesday, June 14, 2023",Seller,2023
4726,26,141,67,"Monday, April 10, 2023",Seller,2023
29,26,123,48,"Saturday, January 29, 2022",Seller,2022
188,26,196,96,"Thursday, July 7, 2022",Seller,2022
380,26,31,48,"Sunday, January 15, 2023",Seller,2023
411,26,148,13,"Wednesday, February 15, 2023",Seller,2023
540,26,32,16,"Saturday, June 24, 2023",Seller,2023
768,26,132,57,"Tuesday, July 2, 2024",Seller,2024
971,26,112,67,"Wednesday, August 28, 2024",Seller,2024
1032,26,35,95,"Monday, October 28, 2024",Seller,2024
1096,26,194,95,"Tuesday, December 31, 2024",Seller,2024
1097,26,80,27,"Wednesday, January 1, 2025",Seller,2025
1278,26,49,24,"Tuesday, January 7, 2025",Seller,2025
1320,26,37,66,"Monday, December 8, 2025",Seller,2025
1422,26,132,59,"Saturday, November 22, 2025",Seller,2025
1463,26,167,48,"Sunday, February 1, 2026",Seller,2026
44,38,198,14,"Saturday, April 22, 2023",Seller,2023
158,38,175,21,"Friday, September 8, 2023",Seller,2023
326,38,97,86,"Saturday, November 11, 2023",Seller,2023
354,38,122,85,"Thursday, October 12, 2023",Seller,2023
376,38,75,70,"Wednesday, February 1, 2023",Seller,2023
378,38,128,7,"Monday, August 14, 2023",Seller,2023
409,38,24,32,"Wednesday, August 16, 2023",Seller,2023
448,38,89,95,"Monday, December 25, 2023",Seller,2023
480,38,52,12,"Saturday, June 17, 2023",Seller,2023
698,38,157,31,"Saturday, July 29, 2023",Seller,2023
699,38,4,49,"Friday, May 5, 2023",Seller,2023
1170,38,150,45,"Friday, April 7, 2023",Seller,2023
1280,38,102,5,"Sunday, April 23, 2023",Seller,2023
1374,38,35,49,"Friday, August 11, 2023",Seller,2023
2363,38,42,39,"Wednesday, May 10, 2023",Seller,2023
2945,38,25,98,"Friday, March 24, 2023",Seller,2023
2959,38,16,10,"Tuesday, July 11, 2023",Seller,2023
2964,38,170,29,"Thursday, August 10, 2023",Seller,2023
3244,38,169,61,"Monday, December 11, 2023",Seller,2023
3297,38,104,58,"Thursday, May 25, 2023",Seller,2023
3546,38,112,80,"Friday, July 28, 2023",Seller,2023
3696,38,44,83,"Sunday, June 4, 2023",Seller,2023
3701,38,2,6,"Friday, January 13, 2023",Seller,2023
3999,38,62,42,"Monday, November 13, 2023",Seller,2023
4353,38,9,100,"Friday, October 13, 2023",Seller,2023
4565,38,193,40,"Sunday, February 12, 2023",Seller,2023
4583,38,76,42,"Friday, April 28, 2023",Seller,2023
4620,38,65,78,"Thursday, November 16, 2023",Seller,2023
4715,38,97,5,"Thursday, July 20, 2023",Seller,2023
4900,38,51,64,"Saturday, July 22, 2023",Seller,2023
5004,38,72,48,"Saturday, June 3, 2023",Seller,2023
5032,38,35,92,"Tuesday, July 25, 2023",Seller,2023
5106,38,80,79,"Monday, July 3, 2023",Seller,2023
5447,38,13,38,"Tuesday, February 7, 2023",Seller,2023
5598,38,83,59,"Wednesday, February 22, 2023",Seller,2023
5709,38,49,78,"Tuesday, September 5, 2023",Seller,2023
5730,38,119,87,"Tuesday, October 17, 2023",Seller,2023
5780,38,75,68,"Sunday, January 22, 2023",Seller,2023
6101,38,14,34,"Monday, October 30, 2023",Seller,2023
6549,38,163,59,"Monday, August 21, 2023",Seller,2023
6664,38,112,8,"Tuesday, March 7, 2023",Seller,2023
6848,38,144,69,"Friday, September 15, 2023",Seller,2023
6923,38,191,53,"Monday, February 13, 2023",Seller,2023
6954,38,70,58,"Thursday, September 7, 2023",Seller,2023
7051,38,184,90,"Friday, June 16, 2023",Seller,2023
7104,38,55,33,"Saturday, December 23, 2023",Seller,2023
7113,38,48,56,"Wednesday, June 14, 2023",Seller,2023
7187,38,123,63,"Tuesday, December 26, 2023",Seller,2023
7555,38,19,96,"Saturday, March 25, 2023",Seller,2023
7584,38,85,87,"Thursday, November 9, 2023",Seller,2023
7704,38,55,68,"Saturday, December 16, 2023",Seller,2023
7812,38,40,21,"Sunday, January 1, 2023",Seller,2023
7951,38,82,14,"Wednesday, March 15, 2023",Seller,2023
8006,38,100,89,"Sunday, July 23, 2023",Seller,2023
8231,38,92,57,"Tuesday, October 31, 2023",Seller,2023
8508,38,57,98,"Wednesday, March 1, 2023",Seller,2023
8817,38,89,95,"Sunday, May 7, 2023",Seller,2023
9014,38,10,95,"Wednesday, July 19, 2023",Seller,2023
9190,38,100,12,"Sunday, March 12, 2023",Seller,2023
9471,38,57,27,"Sunday, December 24, 2023",Seller,2023
9560,38,146,17,"Friday, March 3, 2023",Seller,2023
9718,38,122,77,"Thursday, July 20, 2023",Seller,2023
9809,38,176,65,"Monday, August 14, 2023",Seller,2023
9927,38,33,80,"Tuesday, January 17, 2023",Seller,2023
44,38,40,14,"Friday, November 10, 2023",Seller,2023
158,38,175,21,"Monday, February 13, 2023",Seller,2023
326,38,97,86,"Friday, January 20, 2023",Seller,2023
354,38,122,85,"Tuesday, January 3, 2023",Seller,2023
376,38,75,70,"Friday, March 31, 2023",Seller,2023
378,38,128,7,"Tuesday, April 4, 2023",Seller,2023
409,38,24,32,"Wednesday, May 17, 2023",Seller,2023
448,38,89,95,"Tuesday, November 7, 2023",Seller,2023
480,38,52,12,"Thursday, August 24, 2023",Seller,2023
698,38,157,31,"Thursday, February 2, 2023",Seller,2023
699,38,4,49,"Thursday, March 2, 2023",Seller,2023
1170,38,150,45,"Friday, April 7, 2023",Seller,2023
1280,38,102,5,"Sunday, April 23, 2023",Seller,2023
1374,38,35,49,"Friday, August 11, 2023",Seller,2023
2363,38,42,39,"Wednesday, May 10, 2023",Seller,2023
2945,38,25,98,"Friday, March 24, 2023",Seller,2023
2959,38,16,10,"Tuesday, July 11, 2023",Seller,2023
2964,38,170,29,"Thursday, August 10, 2023",Seller,2023
3244,38,169,61,"Monday, December 11, 2023",Seller,2023
3297,38,104,58,"Thursday, May 25, 2023",Seller,2023
3546,38,112,80,"Friday, July 28, 2023",Seller,2023
3696,38,44,83,"Sunday, June 4, 2023",Seller,2023
3701,38,2,6,"Friday, January 13, 2023",Seller,2023
3999,38,62,42,"Monday, November 13, 2023",Seller,2023
4353,38,9,100,"Friday, October 13, 2023",Seller,2023
4565,38,193,40,"Sunday, February 12, 2023",Seller,2023
4583,38,76,42,"Friday, April 28, 2023",Seller,2023
4620,38,65,78,"Thursday, November 16, 2023",Seller,2023
4715,38,97,5,"Thursday, July 20, 2023",Seller,2023
72,38,41,27,"Sunday, March 13, 2022",Seller,2022
131,38,193,13,"Saturday, November 5, 2022",Seller,2022
208,38,38,99,"Wednesday, July 27, 2022",Seller,2022
230,38,17,67,"Thursday, August 18, 2022",Seller,2022
253,38,26,81,"Sunday, October 9, 2022",Seller,2022
264,38,159,68,"Wednesday, September 21, 2022",Seller,2022
269,38,119,59,"Monday, September 26, 2022",Seller,2022
286,38,101,74,"Thursday, October 13, 2022",Seller,2022
291,38,51,68,"Tuesday, October 18, 2022",Seller,2022
535,38,194,79,"Monday, June 19, 2023",Seller,2023
743,38,101,37,"Saturday, January 13, 2024",Seller,2024
795,38,13,40,"Friday, May 3, 2024",Seller,2024
840,38,116,38,"Friday, April 19, 2024",Seller,2024
857,38,176,88,"Wednesday, June 5, 2024",Seller,2024
875,38,164,54,"Friday, May 24, 2024",Seller,2024
918,38,135,84,"Friday, June 7, 2024",Seller,2024
942,38,60,92,"Tuesday, July 30, 2024",Seller,2024
1050,38,191,81,"Friday, November 15, 2024",Seller,2024
1065,38,197,50,"Saturday, November 30, 2024",Seller,2024
1104,38,134,11,"Friday, August 1, 2025",Seller,2025
1210,38,43,75,"Thursday, April 24, 2025",Seller,2025
1362,38,165,19,"Tuesday, September 23, 2025",Seller,2025
1419,38,22,16,"Wednesday, November 19, 2025",Seller,2025
1493,38,106,68,"Friday, January 2, 2026",Seller,2026
1499,38,145,91,"Thursday, July 2, 2026",Seller,2026
135,5,11,26,"Monday, June 26, 2023",Seller,2023
451,5,10,47,"Tuesday, September 5, 2023",Seller,2023
570,5,156,13,"Sunday, January 15, 2023",Seller,2023
574,5,134,28,"Saturday, July 1, 2023",Seller,2023
674,5,91,27,"Sunday, January 29, 2023",Seller,2023
695,5,3,39,"Monday, October 9, 2023",Seller,2023
1227,5,189,24,"Saturday, September 2, 2023",Seller,2023
1286,5,160,72,"Sunday, December 17, 2023",Seller,2023
1984,5,165,97,"Thursday, December 14, 2023",Seller,2023
2513,5,117,7,"Monday, June 26, 2023",Seller,2023
2915,5,179,53,"Wednesday, May 10, 2023",Seller,2023
3033,5,97,8,"Wednesday, April 5, 2023",Seller,2023
3107,5,103,83,"Sunday, December 10, 2023",Seller,2023
3281,5,86,99,"Sunday, May 28, 2023",Seller,2023
3295,5,157,31,"Sunday, February 5, 2023",Seller,2023
3299,5,31,42,"Saturday, September 30, 2023",Seller,2023
3449,5,75,37,"Monday, July 10, 2023",Seller,2023
3539,5,124,65,"Sunday, February 5, 2023",Seller,2023
3703,5,73,12,"Wednesday, August 16, 2023",Seller,2023
3757,5,19,88,"Tuesday, July 25, 2023",Seller,2023
3823,5,100,59,"Tuesday, February 7, 2023",Seller,2023
3930,5,136,46,"Friday, December 29, 2023",Seller,2023
4039,5,36,22,"Friday, December 22, 2023",Seller,2023
4207,5,77,46,"Wednesday, June 28, 2023",Seller,2023
4214,5,161,17,"Wednesday, January 11, 2023",Seller,2023
4296,5,145,25,"Sunday, March 5, 2023",Seller,2023
4445,5,183,37,"Friday, January 6, 2023",Seller,2023
4477,5,133,37,"Sunday, November 5, 2023",Seller,2023
4541,5,85,92,"Friday, April 21, 2023",Seller,2023
4611,5,29,81,"Tuesday, September 5, 2023",Seller,2023
4738,5,176,40,"Thursday, February 16, 2023",Seller,2023
4867,5,199,39,"Monday, November 6, 2023",Seller,2023
5049,5,5,86,"Friday, April 7, 2023",Seller,2023
5131,5,138,60,"Tuesday, June 20, 2023",Seller,2023
5171,5,155,12,"Wednesday, September 20, 2023",Seller,2023
5188,5,178,69,"Thursday, January 12, 2023",Seller,2023
5383,5,3,64,"Thursday, May 11, 2023",Seller,2023
5464,5,15,89,"Wednesday, December 13, 2023",Seller,2023
5652,5,159,93,"Monday, October 2, 2023",Seller,2023
5792,5,157,55,"Wednesday, July 5, 2023",Seller,2023
5843,5,25,64,"Monday, December 4, 2023",Seller,2023
5860,5,123,24,"Tuesday, October 31, 2023",Seller,2023
5875,5,95,84,"Thursday, March 16, 2023",Seller,2023
5927,5,92,16,"Friday, November 24, 2023",Seller,2023
5966,5,179,82,"Friday, January 13, 2023",Seller,2023
5990,5,135,53,"Sunday, July 16, 2023",Seller,2023
6204,5,189,97,"Monday, December 25, 2023",Seller,2023
6230,5,19,59,"Sunday, July 16, 2023",Seller,2023
6684,5,12,99,"Sunday, February 19, 2023",Seller,2023
6828,5,144,90,"Saturday, November 4, 2023",Seller,2023
7034,5,160,97,"Sunday, November 19, 2023",Seller,2023
7167,5,48,35,"Saturday, March 18, 2023",Seller,2023
7413,5,183,70,"Sunday, February 26, 2023",Seller,2023
7683,5,135,30,"Friday, April 7, 2023",Seller,2023
7694,5,6,94,"Tuesday, March 21, 2023",Seller,2023
7703,5,98,31,"Wednesday, November 1, 2023",Seller,2023
7939,5,22,58,"Monday, November 20, 2023",Seller,2023
8005,5,84,60,"Monday, March 13, 2023",Seller,2023
8074,5,132,11,"Sunday, October 1, 2023",Seller,2023
8111,5,58,79,"Saturday, July 8, 2023",Seller,2023
8295,5,53,35,"Thursday, May 25, 2023",Seller,2023
8504,5,197,92,"Wednesday, December 27, 2023",Seller,2023
8634,5,115,18,"Thursday, April 13, 2023",Seller,2023
8747,5,88,87,"Monday, February 6, 2023",Seller,2023
9126,5,70,65,"Tuesday, February 14, 2023",Seller,2023
9249,5,101,58,"Monday, June 19, 2023",Seller,2023
9408,5,76,8,"Sunday, May 7, 2023",Seller,2023
9458,5,90,14,"Tuesday, October 31, 2023",Seller,2023
9468,5,164,97,"Tuesday, April 4, 2023",Seller,2023
9514,5,64,30,"Thursday, April 20, 2023",Seller,2023
9549,5,200,57,"Saturday, July 15, 2023",Seller,2023
9621,5,110,51,"Monday, December 4, 2023",Seller,2023
135,5,11,26,"Wednesday, November 1, 2023",Seller,2023
451,5,10,47,"Friday, July 14, 2023",Seller,2023
570,5,156,13,"Tuesday, November 7, 2023",Seller,2023
574,5,134,28,"Monday, July 17, 2023",Seller,2023
674,5,91,27,"Wednesday, April 12, 2023",Seller,2023
695,5,3,39,"Monday, January 30, 2023",Seller,2023
1227,5,189,24,"Saturday, September 2, 2023",Seller,2023
1286,5,160,72,"Sunday, December 17, 2023",Seller,2023
1984,5,165,97,"Thursday, December 14, 2023",Seller,2023
2513,5,117,7,"Monday, June 26, 2023",Seller,2023
2915,5,179,53,"Wednesday, May 10, 2023",Seller,2023
3033,5,97,8,"Wednesday, April 5, 2023",Seller,2023
3107,5,103,83,"Sunday, December 10, 2023",Seller,2023
3281,5,86,99,"Sunday, May 28, 2023",Seller,2023
3295,5,157,31,"Sunday, February 5, 2023",Seller,2023
3299,5,31,42,"Saturday, September 30, 2023",Seller,2023
3449,5,75,37,"Monday, July 10, 2023",Seller,2023
3539,5,124,65,"Sunday, February 5, 2023",Seller,2023
3703,5,73,12,"Wednesday, August 16, 2023",Seller,2023
3757,5,19,88,"Tuesday, July 25, 2023",Seller,2023
3823,5,100,59,"Tuesday, February 7, 2023",Seller,2023
3930,5,136,46,"Friday, December 29, 2023",Seller,2023
4039,5,36,22,"Friday, December 22, 2023",Seller,2023
4207,5,77,46,"Wednesday, June 28, 2023",Seller,2023
4214,5,161,17,"Wednesday, January 11, 2023",Seller,2023
4296,5,145,25,"Sunday, March 5, 2023",Seller,2023
4445,5,183,37,"Friday, January 6, 2023",Seller,2023
4477,5,133,37,"Sunday, November 5, 2023",Seller,2023
4541,5,85,92,"Friday, April 21, 2023",Seller,2023
4611,5,29,81,"Tuesday, September 5, 2023",Seller,2023
4738,5,176,40,"Thursday, February 16, 2023",Seller,2023
81,5,195,35,"Tuesday, March 22, 2022",Seller,2022
153,5,185,94,"Sunday, February 6, 2022",Seller,2022
193,5,82,57,"Wednesday, December 7, 2022",Seller,2022
310,5,198,33,"Saturday, June 11, 2022",Seller,2022
538,5,63,53,"Thursday, June 22, 2023",Seller,2023
545,5,32,92,"Thursday, June 29, 2023",Seller,2023
643,5,79,90,"Wednesday, May 10, 2023",Seller,2023
726,5,4,34,"Wednesday, December 27, 2023",Seller,2023
818,5,125,98,"Thursday, March 28, 2024",Seller,2024
853,5,155,26,"Monday, February 5, 2024",Seller,2024
889,5,61,93,"Saturday, July 6, 2024",Seller,2024
1025,5,50,97,"Monday, October 21, 2024",Seller,2024
1368,5,88,63,"Monday, September 29, 2025",Seller,2025
1383,5,99,55,"Tuesday, October 14, 2025",Seller,2025
1433,5,110,76,"Wednesday, March 12, 2025",Seller,2025
143,31,139,36,"Sunday, May 14, 2023",Seller,2023
516,31,56,21,"Sunday, March 26, 2023",Seller,2023
816,31,94,60,"Thursday, January 12, 2023",Seller,2023
861,31,92,99,"Tuesday, April 11, 2023",Seller,2023
1095,31,53,75,"Tuesday, July 25, 2023",Seller,2023
1130,31,188,26,"Sunday, August 13, 2023",Seller,2023
1591,31,143,46,"Sunday, December 31, 2023",Seller,2023
1651,31,136,47,"Saturday, September 9, 2023",Seller,2023
1769,31,138,41,"Friday, September 15, 2023",Seller,2023
1830,31,97,52,"Wednesday, April 5, 2023",Seller,2023
1835,31,127,74,"Wednesday, April 19, 2023",Seller,2023
2072,31,80,70,"Friday, November 17, 2023",Seller,2023
2395,31,162,8,"Friday, February 10, 2023",Seller,2023
2412,31,79,26,"Tuesday, March 14, 2023",Seller,2023
2574,31,143,72,"Saturday, May 20, 2023",Seller,2023
2595,31,114,45,"Saturday, August 19, 2023",Seller,2023
2609,31,168,41,"Monday, April 10, 2023",Seller,2023
2719,31,50,45,"Sunday, October 22, 2023",Seller,2023
2826,31,110,15,"Saturday, February 25, 2023",Seller,2023
2883,31,158,80,"Wednesday, July 26, 2023",Seller,2023
2921,31,78,17,"Friday, March 3, 2023",Seller,2023
2939,31,70,64,"Sunday, January 8, 2023",Seller,2023
3243,31,171,81,"Thursday, April 6, 2023",Seller,2023
3347,31,164,49,"Monday, May 22, 2023",Seller,2023
3365,31,194,42,"Wednesday, October 4, 2023",Seller,2023
3558,31,62,29,"Tuesday, November 21, 2023",Seller,2023
3652,31,133,95,"Saturday, September 30, 2023",Seller,2023
3839,31,168,60,"Thursday, July 27, 2023",Seller,2023
3846,31,128,98,"Wednesday, November 8, 2023",Seller,2023
4034,31,84,14,"Tuesday, March 28, 2023",Seller,2023
4119,31,89,33,"Tuesday, December 19, 2023",Seller,2023
4293,31,141,32,"Tuesday, December 26, 2023",Seller,2023
4872,31,186,29,"Monday, March 13, 2023",Seller,2023
5061,31,188,29,"Wednesday, February 8, 2023",Seller,2023
5133,31,2,84,"Thursday, February 9, 2023",Seller,2023
5148,31,73,68,"Wednesday, March 1, 2023",Seller,2023
5196,31,101,62,"Tuesday, January 31, 2023",Seller,2023
5208,31,61,100,"Wednesday, July 5, 2023",Seller,2023
5293,31,3,73,"Monday, April 10, 2023",Seller,2023
5423,31,181,44,"Friday, January 27, 2023",Seller,2023
5686,31,184,76,"Wednesday, March 29, 2023",Seller,2023
5809,31,162,82,"Monday, November 27, 2023",Seller,2023
5844,31,16,15,"Sunday, September 17, 2023",Seller,2023
6268,31,32,55,"Friday, October 20, 2023",Seller,2023
6502,31,147,16,"Tuesday, February 7, 2023",Seller,2023
6629,31,62,71,"Tuesday, November 14, 2023",Seller,2023
6766,31,156,72,"Wednesday, September 6, 2023",Seller,2023
6980,31,10,17,"Saturday, March 25, 2023",Seller,2023
7236,31,68,36,"Sunday, January 22, 2023",Seller,2023
7268,31,175,99,"Saturday, October 28, 2023",Seller,2023
7360,31,83,79,"Friday, January 27, 2023",Seller,2023
7366,31,135,6,"Saturday, November 11, 2023",Seller,2023
7400,31,175,26,"Wednesday, October 11, 2023",Seller,2023
7427,31,31,84,"Sunday, July 9, 2023",Seller,2023
7864,31,17,86,"Wednesday, March 1, 2023",Seller,2023
7987,31,64,23,"Saturday, September 16, 2023",Seller,2023
8033,31,115,93,"Tuesday, December 12, 2023",Seller,2023
8139,31,103,91,"Sunday, September 24, 2023",Seller,2023
8606,31,77,88,"Tuesday, December 5, 2023",Seller,2023
8836,31,12,89,"Sunday, January 29, 2023",Seller,2023
8850,31,168,51,"Thursday, August 10, 2023",Seller,2023
9085,31,82,11,"Saturday, June 3, 2023",Seller,2023
9183,31,166,52,"Friday, July 14, 2023",Seller,2023
9302,31,54,91,"Monday, March 27, 2023",Seller,2023
9357,31,95,99,"Sunday, March 19, 2023",Seller,2023
9940,31,182,51,"Tuesday, July 11, 2023",Seller,2023
143,31,139,36,"Monday, January 23, 2023",Seller,2023
516,31,56,21,"Wednesday, April 26, 2023",Seller,2023
816,31,94,60,"Tuesday, July 18, 2023",Seller,2023
861,31,92,99,"Tuesday, September 19, 2023",Seller,2023
1095,31,53,75,"Tuesday, July 25, 2023",Seller,2023
1130,31,188,26,"Sunday, August 13, 2023",Seller,2023
1591,31,143,46,"Sunday, December 31, 2023",Seller,2023
1651,31,136,47,"Saturday, September 9, 2023",Seller,2023
1769,31,138,41,"Friday, September 15, 2023",Seller,2023
1830,31,97,52,"Wednesday, April 5, 2023",Seller,2023
1835,31,127,74,"Wednesday, April 19, 2023",Seller,2023
2072,31,80,70,"Friday, November 17, 2023",Seller,2023
2395,31,162,8,"Friday, February 10, 2023",Seller,2023
2412,31,79,26,"Tuesday, March 14, 2023",Seller,2023
2574,31,143,72,"Saturday, May 20, 2023",Seller,2023
2595,31,114,45,"Saturday, August 19, 2023",Seller,2023
2609,31,168,41,"Monday, April 10, 2023",Seller,2023
2719,31,50,45,"Sunday, October 22, 2023",Seller,2023
2826,31,110,15,"Saturday, February 25, 2023",Seller,2023
2883,31,158,80,"Wednesday, July 26, 2023",Seller,2023
2921,31,78,17,"Friday, March 3, 2023",Seller,2023
2939,31,70,64,"Sunday, January 8, 2023",Seller,2023
3243,31,171,81,"Thursday, April 6, 2023",Seller,2023
3347,31,164,49,"Monday, May 22, 2023",Seller,2023
3365,31,194,42,"Wednesday, October 4, 2023",Seller,2023
3558,31,62,29,"Tuesday, November 21, 2023",Seller,2023
3652,31,133,95,"Saturday, September 30, 2023",Seller,2023
3839,31,168,60,"Thursday, July 27, 2023",Seller,2023
3846,31,128,98,"Wednesday, November 8, 2023",Seller,2023
4034,31,84,14,"Tuesday, March 28, 2023",Seller,2023
4119,31,89,33,"Tuesday, December 19, 2023",Seller,2023
4293,31,141,32,"Tuesday, December 26, 2023",Seller,2023
8,31,86,37,"Monday, August 1, 2022",Seller,2022
13,31,88,86,"Thursday, January 13, 2022",Seller,2022
18,31,92,37,"Tuesday, January 18, 2022",Seller,2022
129,31,35,23,"Monday, September 5, 2022",Seller,2022
235,31,176,45,"Tuesday, August 23, 2022",Seller,2022
373,31,124,83,"Tuesday, August 1, 2023",Seller,2023
375,31,179,77,"Sunday, October 1, 2023",Seller,2023
443,31,182,44,"Sunday, March 19, 2023",Seller,2023
451,31,103,96,"Monday, March 27, 2023",Seller,2023
470,31,20,53,"Saturday, April 15, 2023",Seller,2023
500,31,21,14,"Monday, May 15, 2023",Seller,2023
564,31,190,44,"Tuesday, July 18, 2023",Seller,2023
576,31,2,32,"Sunday, July 30, 2023",Seller,2023
591,31,108,75,"Monday, August 14, 2023",Seller,2023
675,31,73,10,"Sunday, June 11, 2023",Seller,2023
827,31,148,22,"Tuesday, June 4, 2024",Seller,2024
829,31,22,69,"Sunday, August 4, 2024",Seller,2024
1060,31,134,79,"Monday, November 25, 2024",Seller,2024
1077,31,181,77,"Thursday, December 12, 2024",Seller,2024
1129,31,175,50,"Sunday, February 2, 2025",Seller,2025
1379,31,21,42,"Friday, October 10, 2025",Seller,2025
1444,31,13,55,"Sunday, December 14, 2025",Seller,2025
16,4,9,24,"Wednesday, September 13, 2023",Seller,2023
115,4,2,50,"Monday, July 31, 2023",Seller,2023
149,4,32,87,"Monday, June 5, 2023",Seller,2023
308,4,109,85,"Friday, June 30, 2023",Seller,2023
405,4,125,89,"Tuesday, September 26, 2023",Seller,2023
621,4,18,86,"Wednesday, April 19, 2023",Seller,2023
683,4,179,79,"Sunday, October 8, 2023",Seller,2023
719,4,128,54,"Thursday, May 18, 2023",Seller,2023
1002,4,70,44,"Friday, July 14, 2023",Seller,2023
1171,4,79,81,"Monday, February 6, 2023",Seller,2023
1497,4,140,52,"Thursday, May 4, 2023",Seller,2023
1739,4,103,9,"Tuesday, August 8, 2023",Seller,2023
1770,4,46,94,"Wednesday, May 10, 2023",Seller,2023
1857,4,131,49,"Monday, September 25, 2023",Seller,2023
1911,4,131,9,"Friday, September 8, 2023",Seller,2023
2022,4,126,70,"Tuesday, April 4, 2023",Seller,2023
2321,4,92,82,"Friday, January 13, 2023",Seller,2023
2365,4,76,38,"Saturday, July 1, 2023",Seller,2023
2425,4,121,11,"Tuesday, March 14, 2023",Seller,2023
2439,4,162,88,"Monday, April 3, 2023",Seller,2023
2476,4,175,97,"Wednesday, February 22, 2023",Seller,2023
2763,4,197,30,"Saturday, August 19, 2023",Seller,2023
2791,4,197,97,"Sunday, March 26, 2023",Seller,2023
2827,4,156,85,"Sunday, November 5, 2023",Seller,2023
3184,4,36,55,"Friday, February 10, 2023",Seller,2023
3207,4,53,74,"Wednesday, June 14, 2023",Seller,2023
3545,4,111,5,"Saturday, April 8, 2023",Seller,2023
3557,4,118,71,"Friday, July 28, 2023",Seller,2023
3559,4,191,87,"Saturday, April 15, 2023",Seller,2023
3692,4,40,85,"Saturday, April 1, 2023",Seller,2023
3747,4,176,59,"Friday, March 10, 2023",Seller,2023
4080,4,127,23,"Tuesday, September 19, 2023",Seller,2023
4127,4,164,6,"Saturday, April 29, 2023",Seller,2023
4371,4,130,79,"Wednesday, August 16, 2023",Seller,2023
4500,4,116,33,"Thursday, August 3, 2023",Seller,2023
4776,4,135,93,"Thursday, July 6, 2023",Seller,2023
5292,4,146,38,"Tuesday, February 21, 2023",Seller,2023
5541,4,70,38,"Monday, August 28, 2023",Seller,2023
5564,4,37,77,"Monday, November 6, 2023",Seller,2023
5649,4,156,64,"Sunday, January 29, 2023",Seller,2023
5675,4,127,23,"Thursday, November 16, 2023",Seller,2023
5698,4,61,19,"Tuesday, January 3, 2023",Seller,2023
5825,4,65,57,"Sunday, March 19, 2023",Seller,2023
6130,4,65,76,"Friday, May 19, 2023",Seller,2023
6623,4,120,5,"Saturday, June 17, 2023",Seller,2023
6661,4,68,54,"Tuesday, June 20, 2023",Seller,2023
6857,4,50,13,"Saturday, September 2, 2023",Seller,2023
6879,4,127,76,"Friday, August 11, 2023",Seller,2023
6991,4,28,41,"Sunday, October 15, 2023",Seller,2023
7059,4,122,84,"Sunday, August 20, 2023",Seller,2023
7063,4,8,69,"Friday, October 6, 2023",Seller,2023
7305,4,64,14,"Monday, June 19, 2023",Seller,2023
7479,4,162,33,"Monday, January 16, 2023",Seller,2023
7523,4,42,30,"Tuesday, July 18, 2023",Seller,2023
7578,4,104,98,"Wednesday, February 8, 2023",Seller,2023
8225,4,55,100,"Wednesday, May 24, 2023",Seller,2023
8372,4,155,72,"Friday, February 24, 2023",Seller,2023
8495,4,188,25,"Friday, June 23, 2023",Seller,2023
8576,4,97,6,"Tuesday, December 19, 2023",Seller,2023
8626,4,56,49,"Friday, October 6, 2023",Seller,2023
9044,4,77,22,"Tuesday, November 21, 2023",Seller,2023
9136,4,190,47,"Sunday, June 18, 2023",Seller,2023
9354,4,115,58,"Friday, March 10, 2023",Seller,2023
9677,4,191,63,"Tuesday, April 11, 2023",Seller,2023
9776,4,119,77,"Friday, May 26, 2023",Seller,2023
16,4,196,24,"Monday, January 9, 2023",Seller,2023
115,4,2,50,"Thursday, January 18, 2024",Seller,2024
149,4,32,87,"Tuesday, January 31, 2023",Seller,2023
308,4,109,85,"Thursday, November 9, 2023",Seller,2023
405,4,125,89,"Sunday, November 5, 2023",Seller,2023
621,4,18,86,"Wednesday, September 20, 2023",Seller,2023
683,4,179,79,"Friday, December 15, 2023",Seller,2023
719,4,128,54,"Friday, March 3, 2023",Seller,2023
1002,4,70,44,"Monday, March 4, 2024",Seller,2024
1171,4,79,81,"Monday, February 6, 2023",Seller,2023
1497,4,140,52,"Thursday, May 4, 2023",Seller,2023
1739,4,103,9,"Tuesday, August 8, 2023",Seller,2023
1770,4,46,94,"Wednesday, May 10, 2023",Seller,2023
1857,4,131,49,"Monday, September 25, 2023",Seller,2023
1911,4,131,9,"Friday, September 8, 2023",Seller,2023
2022,4,126,70,"Tuesday, April 4, 2023",Seller,2023
2321,4,92,82,"Friday, January 13, 2023",Seller,2023
2365,4,76,38,"Saturday, July 1, 2023",Seller,2023
2425,4,121,11,"Tuesday, March 14, 2023",Seller,2023
2439,4,162,88,"Monday, April 3, 2023",Seller,2023
2476,4,175,97,"Wednesday, February 22, 2023",Seller,2023
2763,4,197,30,"Saturday, August 19, 2023",Seller,2023
2791,4,197,97,"Sunday, March 26, 2023",Seller,2023
2827,4,156,85,"Sunday, November 5, 2023",Seller,2023
3184,4,36,55,"Friday, February 10, 2023",Seller,2023
3207,4,53,74,"Wednesday, June 14, 2023",Seller,2023
3545,4,111,5,"Saturday, April 8, 2023",Seller,2023
3557,4,118,71,"Friday, July 28, 2023",Seller,2023
3559,4,191,87,"Saturday, April 15, 2023",Seller,2023
3692,4,40,85,"Saturday, April 1, 2023",Seller,2023
3747,4,176,59,"Friday, March 10, 2023",Seller,2023
4080,4,127,23,"Tuesday, September 19, 2023",Seller,2023
4127,4,164,6,"Saturday, April 29, 2023",Seller,2023
4371,4,130,79,"Wednesday, August 16, 2023",Seller,2023
4500,4,116,33,"Thursday, August 3, 2023",Seller,2023
4776,4,135,93,"Thursday, July 6, 2023",Seller,2023
17,4,163,84,"Monday, January 17, 2022",Seller,2022
57,4,47,28,"Saturday, February 26, 2022",Seller,2022
93,4,85,38,"Friday, March 4, 2022",Seller,2022
164,4,64,45,"Monday, June 13, 2022",Seller,2022
165,4,172,20,"Tuesday, June 14, 2022",Seller,2022
263,4,67,39,"Tuesday, September 20, 2022",Seller,2022
283,4,69,45,"Monday, October 10, 2022",Seller,2022
317,4,48,59,"Sunday, November 13, 2022",Seller,2022
334,4,36,69,"Wednesday, November 30, 2022",Seller,2022
646,4,34,97,"Thursday, August 10, 2023",Seller,2023
798,4,182,57,"Saturday, August 3, 2024",Seller,2024
850,4,152,23,"Monday, April 29, 2024",Seller,2024
900,4,158,26,"Tuesday, June 18, 2024",Seller,2024
965,4,121,39,"Thursday, August 22, 2024",Seller,2024
1012,4,161,75,"Saturday, August 10, 2024",Seller,2024
1148,4,92,43,"Friday, February 21, 2025",Seller,2025
1157,4,62,55,"Monday, February 3, 2025",Seller,2025
1220,4,53,19,"Saturday, April 5, 2025",Seller,2025
1342,4,171,86,"Sunday, March 9, 2025",Seller,2025
1438,4,181,97,"Tuesday, August 12, 2025",Seller,2025
209,1,110,98,"Wednesday, March 29, 2023",Seller,2023
302,1,49,60,"Wednesday, October 25, 2023",Seller,2023
460,1,124,93,"Sunday, August 20, 2023",Seller,2023
741,1,127,9,"Friday, March 24, 2023",Seller,2023
1114,1,32,67,"Friday, June 23, 2023",Seller,2023
1166,1,164,90,"Sunday, May 28, 2023",Seller,2023
1278,1,181,58,"Sunday, June 25, 2023",Seller,2023
1506,1,87,28,"Sunday, June 4, 2023",Seller,2023
1612,1,66,11,"Sunday, May 14, 2023",Seller,2023
1729,1,145,94,"Friday, January 6, 2023",Seller,2023
1754,1,143,77,"Monday, August 7, 2023",Seller,2023
1968,1,198,33,"Saturday, October 14, 2023",Seller,2023
1993,1,139,72,"Wednesday, January 18, 2023",Seller,2023
2369,1,32,68,"Thursday, April 27, 2023",Seller,2023
2489,1,19,22,"Thursday, April 20, 2023",Seller,2023
2527,1,166,69,"Thursday, February 16, 2023",Seller,2023
2849,1,81,50,"Monday, October 2, 2023",Seller,2023
2888,1,133,51,"Friday, January 27, 2023",Seller,2023
3338,1,137,7,"Monday, December 18, 2023",Seller,2023
3599,1,41,17,"Friday, May 26, 2023",Seller,2023
3910,1,71,18,"Sunday, January 29, 2023",Seller,2023
4017,1,62,29,"Wednesday, March 1, 2023",Seller,2023
4025,1,183,50,"Sunday, August 27, 2023",Seller,2023
4266,1,198,37,"Sunday, October 29, 2023",Seller,2023
4443,1,97,37,"Friday, October 27, 2023",Seller,2023
4483,1,69,69,"Thursday, November 16, 2023",Seller,2023
4630,1,95,72,"Monday, December 18, 2023",Seller,2023
4743,1,112,81,"Friday, April 21, 2023",Seller,2023
4862,1,133,25,"Sunday, September 17, 2023",Seller,2023
4978,1,124,42,"Wednesday, March 8, 2023",Seller,2023
5437,1,155,83,"Wednesday, December 20, 2023",Seller,2023
5482,1,152,69,"Saturday, May 13, 2023",Seller,2023
5760,1,167,61,"Wednesday, August 23, 2023",Seller,2023
5770,1,129,83,"Thursday, March 9, 2023",Seller,2023
6194,1,71,79,"Saturday, November 25, 2023",Seller,2023
6266,1,71,31,"Friday, April 7, 2023",Seller,2023
6289,1,127,36,"Friday, December 15, 2023",Seller,2023
6482,1,78,40,"Wednesday, October 11, 2023",Seller,2023
6575,1,116,96,"Tuesday, October 31, 2023",Seller,2023
6682,1,124,84,"Friday, July 14, 2023",Seller,2023
6703,1,57,80,"Thursday, September 21, 2023",Seller,2023
6868,1,188,71,"Sunday, December 10, 2023",Seller,2023
7188,1,71,68,"Saturday, June 17, 2023",Seller,2023
7279,1,129,39,"Sunday, December 3, 2023",Seller,2023
7411,1,163,42,"Friday, September 15, 2023",Seller,2023
7425,1,14,17,"Saturday, June 24, 2023",Seller,2023
7426,1,104,72,"Saturday, May 13, 2023",Seller,2023
7487,1,110,28,"Sunday, February 26, 2023",Seller,2023
7568,1,120,97,"Monday, November 20, 2023",Seller,2023
7588,1,67,47,"Monday, June 5, 2023",Seller,2023
7667,1,4,25,"Saturday, October 14, 2023",Seller,2023
7689,1,182,14,"Thursday, November 30, 2023",Seller,2023
7845,1,47,7,"Sunday, January 1, 2023",Seller,2023
8726,1,79,82,"Friday, June 16, 2023",Seller,2023
8901,1,14,98,"Tuesday, January 17, 2023",Seller,2023
8919,1,178,37,"Sunday, October 1, 2023",Seller,2023
8986,1,12,7,"Wednesday, November 22, 2023",Seller,2023
8992,1,19,63,"Tuesday, May 30, 2023",Seller,2023
9013,1,172,22,"Sunday, March 19, 2023",Seller,2023
9032,1,70,100,"Friday, August 4, 2023",Seller,2023
9055,1,102,28,"Sunday, October 1, 2023",Seller,2023
9076,1,35,66,"Sunday, February 5, 2023",Seller,2023
9113,1,70,75,"Monday, April 10, 2023",Seller,2023
9511,1,10,32,"Tuesday, January 10, 2023",Seller,2023
9579,1,42,73,"Monday, November 6, 2023",Seller,2023
9622,1,165,67,"Thursday, January 12, 2023",Seller,2023
9922,1,92,71,"Friday, July 14, 2023",Seller,2023
9981,1,162,75,"Sunday, December 31, 2023",Seller,2023
209,1,110,98,"Tuesday, April 25, 2023",Seller,2023
302,1,49,60,"Monday, January 9, 2023",Seller,2023
460,1,124,93,"Thursday, July 27, 2023",Seller,2023
741,1,127,9,"Tuesday, April 4, 2023",Seller,2023
1114,1,32,67,"Friday, June 23, 2023",Seller,2023
1166,1,164,90,"Sunday, May 28, 2023",Seller,2023
1278,1,181,58,"Sunday, June 25, 2023",Seller,2023
1506,1,87,28,"Sunday, June 4, 2023",Seller,2023
1612,1,66,11,"Sunday, May 14, 2023",Seller,2023
1729,1,145,94,"Friday, January 6, 2023",Seller,2023
1754,1,143,77,"Monday, August 7, 2023",Seller,2023
1968,1,198,33,"Saturday, October 14, 2023",Seller,2023
1993,1,139,72,"Wednesday, January 18, 2023",Seller,2023
2369,1,32,68,"Thursday, April 27, 2023",Seller,2023
2489,1,19,22,"Thursday, April 20, 2023",Seller,2023
2527,1,166,69,"Thursday, February 16, 2023",Seller,2023
2849,1,81,50,"Monday, October 2, 2023",Seller,2023
2888,1,133,51,"Friday, January 27, 2023",Seller,2023
3338,1,137,7,"Monday, December 18, 2023",Seller,2023
3599,1,41,17,"Friday, May 26, 2023",Seller,2023
3910,1,71,18,"Sunday, January 29, 2023",Seller,2023
4017,1,62,29,"Wednesday, March 1, 2023",Seller,2023
4025,1,183,50,"Sunday, August 27, 2023",Seller,2023
4266,1,198,37,"Sunday, October 29, 2023",Seller,2023
4443,1,97,37,"Friday, October 27, 2023",Seller,2023
4483,1,69,69,"Thursday, November 16, 2023",Seller,2023
4630,1,95,72,"Monday, December 18, 2023",Seller,2023
4743,1,112,81,"Friday, April 21, 2023",Seller,2023
59,1,171,91,"Monday, February 28, 2022",Seller,2022
118,1,86,66,"Thursday, April 28, 2022",Seller,2022
142,1,187,24,"Sunday, May 22, 2022",Seller,2022
203,1,50,57,"Friday, July 22, 2022",Seller,2022
311,1,148,47,"Monday, July 11, 2022",Seller,2022
341,1,146,98,"Tuesday, July 12, 2022",Seller,2022
351,1,187,82,"Saturday, December 17, 2022",Seller,2022
377,1,174,38,"Friday, December 1, 2023",Seller,2023
390,1,111,73,"Wednesday, January 25, 2023",Seller,2023
429,1,122,75,"Wednesday, May 3, 2023",Seller,2023
473,1,108,19,"Tuesday, April 18, 2023",Seller,2023
484,1,200,78,"Saturday, April 29, 2023",Seller,2023
507,1,80,49,"Monday, May 22, 2023",Seller,2023
517,1,10,75,"Friday, January 6, 2023",Seller,2023
528,1,89,59,"Wednesday, December 6, 2023",Seller,2023
633,1,118,21,"Monday, September 25, 2023",Seller,2023
681,1,41,51,"Monday, December 11, 2023",Seller,2023
761,1,2,11,"Wednesday, January 31, 2024",Seller,2024
794,1,131,29,"Wednesday, April 3, 2024",Seller,2024
811,1,148,79,"Thursday, March 21, 2024",Seller,2024
812,1,96,69,"Friday, March 22, 2024",Seller,2024
935,1,75,48,"Tuesday, July 23, 2024",Seller,2024
978,1,178,27,"Tuesday, April 9, 2024",Seller,2024
1013,1,195,72,"Tuesday, September 10, 2024",Seller,2024
1272,1,104,76,"Wednesday, June 25, 2025",Seller,2025
1309,1,76,43,"Wednesday, January 8, 2025",Seller,2025
1317,1,193,53,"Monday, September 8, 2025",Seller,2025
1339,1,27,11,"Sunday, August 31, 2025",Seller,2025
258,22,31,94,"Sunday, October 22, 2023",Seller,2023
523,22,140,44,"Wednesday, January 25, 2023",Seller,2023
560,22,179,62,"Monday, February 27, 2023",Seller,2023
588,22,145,60,"Tuesday, October 10, 2023",Seller,2023
605,22,68,48,"Friday, December 29, 2023",Seller,2023
733,22,55,15,"Saturday, September 16, 2023",Seller,2023
829,22,153,90,"Wednesday, June 21, 2023",Seller,2023
1036,22,167,91,"Sunday, September 3, 2023",Seller,2023
1068,22,169,52,"Saturday, October 28, 2023",Seller,2023
1129,22,77,66,"Sunday, July 23, 2023",Seller,2023
1140,22,177,83,"Monday, November 20, 2023",Seller,2023
1334,22,53,45,"Sunday, July 2, 2023",Seller,2023
1571,22,106,11,"Saturday, April 1, 2023",Seller,2023
1734,22,13,37,"Thursday, April 27, 2023",Seller,2023
1827,22,81,44,"Monday, January 16, 2023",Seller,2023
2186,22,166,97,"Saturday, January 7, 2023",Seller,2023
2310,22,192,46,"Wednesday, April 5, 2023",Seller,2023
2510,22,163,26,"Tuesday, January 31, 2023",Seller,2023
2627,22,19,69,"Monday, May 8, 2023",Seller,2023
2635,22,45,54,"Sunday, September 10, 2023",Seller,2023
2684,22,18,35,"Wednesday, November 15, 2023",Seller,2023
2746,22,30,60,"Friday, September 29, 2023",Seller,2023
2777,22,135,78,"Saturday, June 10, 2023",Seller,2023
2801,22,64,84,"Sunday, April 16, 2023",Seller,2023
2863,22,126,32,"Saturday, September 16, 2023",Seller,2023
2923,22,91,72,"Thursday, November 23, 2023",Seller,2023
3082,22,1,98,"Thursday, July 6, 2023",Seller,2023
3465,22,154,44,"Friday, July 21, 2023",Seller,2023
3592,22,140,25,"Friday, February 10, 2023",Seller,2023
3658,22,133,18,"Thursday, August 24, 2023",Seller,2023
3672,22,176,91,"Sunday, October 22, 2023",Seller,2023
3905,22,153,47,"Monday, August 28, 2023",Seller,2023
3951,22,59,86,"Monday, September 25, 2023",Seller,2023
4004,22,77,54,"Thursday, March 2, 2023",Seller,2023
4325,22,80,80,"Sunday, January 15, 2023",Seller,2023
4331,22,45,36,"Monday, December 25, 2023",Seller,2023
4432,22,77,57,"Saturday, December 2, 2023",Seller,2023
4497,22,14,12,"Thursday, July 20, 2023",Seller,2023
5135,22,60,66,"Monday, October 30, 2023",Seller,2023
5240,22,185,24,"Wednesday, December 13, 2023",Seller,2023
5499,22,43,40,"Sunday, March 26, 2023",Seller,2023
5683,22,21,15,"Thursday, September 7, 2023",Seller,2023
5689,22,113,69,"Saturday, January 14, 2023",Seller,2023
5833,22,134,22,"Friday, January 13, 2023",Seller,2023
5914,22,161,48,"Monday, May 1, 2023",Seller,2023
6060,22,139,88,"Friday, August 18, 2023",Seller,2023
6106,22,32,42,"Tuesday, December 19, 2023",Seller,2023
6177,22,90,24,"Thursday, January 5, 2023",Seller,2023
6417,22,32,36,"Wednesday, December 13, 2023",Seller,2023
6526,22,177,54,"Tuesday, August 15, 2023",Seller,2023
6711,22,124,89,"Tuesday, September 26, 2023",Seller,2023
7186,22,159,36,"Sunday, June 18, 2023",Seller,2023
7618,22,125,73,"Sunday, February 19, 2023",Seller,2023
7693,22,126,81,"Thursday, April 20, 2023",Seller,2023
8078,22,191,7,"Monday, April 24, 2023",Seller,2023
8252,22,191,70,"Tuesday, January 31, 2023",Seller,2023
8272,22,4,85,"Sunday, March 12, 2023",Seller,2023
8353,22,70,81,"Monday, December 25, 2023",Seller,2023
8568,22,130,14,"Sunday, June 11, 2023",Seller,2023
8635,22,110,31,"Tuesday, September 5, 2023",Seller,2023
8782,22,23,10,"Tuesday, September 12, 2023",Seller,2023
8789,22,45,67,"Monday, August 21, 2023",Seller,2023
8897,22,78,85,"Monday, March 6, 2023",Seller,2023
8958,22,187,92,"Sunday, November 12, 2023",Seller,2023
9299,22,111,25,"Wednesday, August 23, 2023",Seller,2023
9398,22,20,35,"Saturday, November 4, 2023",Seller,2023
9944,22,140,93,"Friday, December 29, 2023",Seller,2023
9972,22,55,37,"Wednesday, November 29, 2023",Seller,2023
258,22,31,94,"Tuesday, March 7, 2023",Seller,2023
523,22,140,44,"Friday, May 5, 2023",Seller,2023
560,22,179,62,"Tuesday, June 27, 2023",Seller,2023
588,22,145,60,"Saturday, April 8, 2023",Seller,2023
605,22,68,48,"Tuesday, August 29, 2023",Seller,2023
733,22,55,15,"Thursday, March 23, 2023",Seller,2023
829,22,153,90,"Saturday, April 8, 2023",Seller,2023
1036,22,167,91,"Sunday, September 3, 2023",Seller,2023
1068,22,169,52,"Saturday, October 28, 2023",Seller,2023
1129,22,77,66,"Sunday, July 23, 2023",Seller,2023
1140,22,177,83,"Monday, November 20, 2023",Seller,2023
1334,22,53,45,"Sunday, July 2, 2023",Seller,2023
1571,22,106,11,"Saturday, April 1, 2023",Seller,2023
1734,22,13,37,"Thursday, April 27, 2023",Seller,2023
1827,22,81,44,"Monday, January 16, 2023",Seller,2023
2186,22,166,97,"Saturday, January 7, 2023",Seller,2023
2310,22,192,46,"Wednesday, April 5, 2023",Seller,2023
2510,22,163,26,"Tuesday, January 31, 2023",Seller,2023
2627,22,19,69,"Monday, May 8, 2023",Seller,2023
2635,22,45,54,"Sunday, September 10, 2023",Seller,2023
2684,22,18,35,"Wednesday, November 15, 2023",Seller,2023
2746,22,30,60,"Friday, September 29, 2023",Seller,2023
2777,22,135,78,"Saturday, June 10, 2023",Seller,2023
2801,22,64,84,"Sunday, April 16, 2023",Seller,2023
2863,22,126,32,"Saturday, September 16, 2023",Seller,2023
2923,22,91,72,"Thursday, November 23, 2023",Seller,2023
3082,22,1,98,"Thursday, July 6, 2023",Seller,2023
3465,22,154,44,"Friday, July 21, 2023",Seller,2023
3592,22,140,25,"Friday, February 10, 2023",Seller,2023
3658,22,133,18,"Thursday, August 24, 2023",Seller,2023
3672,22,176,91,"Sunday, October 22, 2023",Seller,2023
3905,22,153,47,"Monday, August 28, 2023",Seller,2023
3951,22,59,86,"Monday, September 25, 2023",Seller,2023
4004,22,77,54,"Thursday, March 2, 2023",Seller,2023
4325,22,80,80,"Sunday, January 15, 2023",Seller,2023
4331,22,45,36,"Monday, December 25, 2023",Seller,2023
4432,22,77,57,"Saturday, December 2, 2023",Seller,2023
4497,22,14,12,"Thursday, July 20, 2023",Seller,2023
107,22,77,71,"Sunday, April 17, 2022",Seller,2022
191,22,95,90,"Friday, October 7, 2022",Seller,2022
298,22,99,62,"Tuesday, October 25, 2022",Seller,2022
329,22,170,66,"Friday, November 25, 2022",Seller,2022
426,22,40,21,"Friday, February 3, 2023",Seller,2023
435,22,127,35,"Friday, November 3, 2023",Seller,2023
485,22,69,23,"Sunday, April 30, 2023",Seller,2023
518,22,167,24,"Monday, February 6, 2023",Seller,2023
552,22,9,77,"Wednesday, June 7, 2023",Seller,2023
608,22,101,49,"Thursday, August 31, 2023",Seller,2023
635,22,69,87,"Wednesday, September 27, 2023",Seller,2023
861,22,33,80,"Saturday, October 5, 2024",Seller,2024
910,22,196,93,"Friday, June 28, 2024",Seller,2024
930,22,21,31,"Thursday, July 18, 2024",Seller,2024
975,22,153,17,"Tuesday, January 9, 2024",Seller,2024
1049,22,108,75,"Thursday, November 14, 2024",Seller,2024
1165,22,48,41,"Friday, October 3, 2025",Seller,2025
1270,22,50,72,"Monday, June 23, 2025",Seller,2025
1431,22,112,10,"Sunday, January 12, 2025",Seller,2025
56,32,100,60,"Wednesday, August 16, 2023",Seller,2023
130,32,63,51,"Thursday, September 7, 2023",Seller,2023
199,32,152,7,"Wednesday, August 9, 2023",Seller,2023
586,32,45,11,"Tuesday, June 20, 2023",Seller,2023
628,32,177,90,"Monday, October 2, 2023",Seller,2023
893,32,31,48,"Sunday, November 5, 2023",Seller,2023
895,32,56,85,"Monday, February 27, 2023",Seller,2023
910,32,126,92,"Saturday, August 19, 2023",Seller,2023
1284,32,164,71,"Friday, March 24, 2023",Seller,2023
1418,32,173,25,"Saturday, May 27, 2023",Seller,2023
1429,32,150,88,"Thursday, February 23, 2023",Seller,2023
1522,32,196,11,"Monday, October 16, 2023",Seller,2023
1531,32,16,34,"Sunday, April 9, 2023",Seller,2023
1546,32,186,95,"Wednesday, November 29, 2023",Seller,2023
1738,32,197,45,"Saturday, November 18, 2023",Seller,2023
2150,32,182,36,"Thursday, August 31, 2023",Seller,2023
2224,32,200,19,"Friday, June 2, 2023",Seller,2023
2359,32,189,99,"Sunday, July 30, 2023",Seller,2023
2520,32,171,29,"Tuesday, October 3, 2023",Seller,2023
2559,32,171,41,"Friday, June 30, 2023",Seller,2023
2583,32,78,22,"Tuesday, July 18, 2023",Seller,2023
2678,32,120,23,"Wednesday, April 5, 2023",Seller,2023
3002,32,199,84,"Saturday, August 5, 2023",Seller,2023
3059,32,76,64,"Monday, December 11, 2023",Seller,2023
3093,32,191,67,"Monday, October 2, 2023",Seller,2023
3151,32,122,84,"Wednesday, May 10, 2023",Seller,2023
3217,32,6,21,"Thursday, May 4, 2023",Seller,2023
4084,32,28,28,"Wednesday, May 24, 2023",Seller,2023
4165,32,79,38,"Saturday, June 3, 2023",Seller,2023
4221,32,192,12,"Tuesday, March 28, 2023",Seller,2023
4482,32,90,10,"Tuesday, August 1, 2023",Seller,2023
4639,32,179,86,"Saturday, December 2, 2023",Seller,2023
4655,32,181,82,"Wednesday, March 15, 2023",Seller,2023
4801,32,151,30,"Tuesday, July 4, 2023",Seller,2023
4873,32,1,85,"Wednesday, May 24, 2023",Seller,2023
4904,32,12,96,"Wednesday, January 18, 2023",Seller,2023
5040,32,57,35,"Tuesday, June 27, 2023",Seller,2023
5201,32,129,50,"Wednesday, June 14, 2023",Seller,2023
5249,32,32,41,"Wednesday, June 28, 2023",Seller,2023
5266,32,173,18,"Thursday, April 27, 2023",Seller,2023
5324,32,15,55,"Monday, October 30, 2023",Seller,2023
5657,32,5,19,"Sunday, June 25, 2023",Seller,2023
5764,32,86,34,"Saturday, August 5, 2023",Seller,2023
6067,32,77,28,"Thursday, January 12, 2023",Seller,2023
6193,32,129,23,"Monday, October 23, 2023",Seller,2023
6226,32,143,12,"Sunday, August 6, 2023",Seller,2023
6263,32,152,5,"Saturday, June 17, 2023",Seller,2023
6608,32,198,39,"Friday, May 5, 2023",Seller,2023
6673,32,123,14,"Wednesday, September 13, 2023",Seller,2023
7316,32,191,17,"Monday, January 9, 2023",Seller,2023
7335,32,153,49,"Sunday, January 1, 2023",Seller,2023
7566,32,119,11,"Monday, November 27, 2023",Seller,2023
7591,32,120,45,"Saturday, May 13, 2023",Seller,2023
7967,32,119,46,"Sunday, July 9, 2023",Seller,2023
8059,32,176,82,"Wednesday, April 12, 2023",Seller,2023
8247,32,24,50,"Tuesday, May 23, 2023",Seller,2023
8262,32,183,29,"Sunday, June 18, 2023",Seller,2023
8687,32,53,13,"Monday, January 9, 2023",Seller,2023
8769,32,184,86,"Thursday, July 27, 2023",Seller,2023
8893,32,159,85,"Wednesday, October 25, 2023",Seller,2023
8925,32,105,15,"Friday, September 15, 2023",Seller,2023
8990,32,35,51,"Monday, February 27, 2023",Seller,2023
9024,32,19,57,"Friday, November 10, 2023",Seller,2023
9227,32,143,46,"Monday, September 18, 2023",Seller,2023
9259,32,7,71,"Sunday, August 27, 2023",Seller,2023
9389,32,151,65,"Sunday, December 17, 2023",Seller,2023
9430,32,138,81,"Thursday, December 14, 2023",Seller,2023
9452,32,88,64,"Friday, March 24, 2023",Seller,2023
9512,32,150,63,"Saturday, September 2, 2023",Seller,2023
9567,32,144,61,"Monday, July 17, 2023",Seller,2023
9629,32,45,47,"Monday, January 2, 2023",Seller,2023
9795,32,139,42,"Sunday, February 26, 2023",Seller,2023
9842,32,16,45,"Monday, October 9, 2023",Seller,2023
56,32,94,60,"Friday, October 27, 2023",Seller,2023
130,32,63,51,"Friday, August 2, 2024",Seller,2024
199,32,152,7,"Saturday, November 4, 2023",Seller,2023
586,32,45,11,"Wednesday, February 8, 2023",Seller,2023
628,32,177,90,"Friday, September 29, 2023",Seller,2023
893,32,31,48,"Saturday, February 11, 2023",Seller,2023
895,32,56,85,"Sunday, June 11, 2023",Seller,2023
910,32,126,92,"Monday, November 27, 2023",Seller,2023
1284,32,164,71,"Friday, March 24, 2023",Seller,2023
1418,32,173,25,"Saturday, May 27, 2023",Seller,2023
1429,32,150,88,"Thursday, February 23, 2023",Seller,2023
1522,32,196,11,"Monday, October 16, 2023",Seller,2023
1531,32,16,34,"Sunday, April 9, 2023",Seller,2023
1546,32,186,95,"Wednesday, November 29, 2023",Seller,2023
1738,32,197,45,"Saturday, November 18, 2023",Seller,2023
2150,32,182,36,"Thursday, August 31, 2023",Seller,2023
2224,32,200,19,"Friday, June 2, 2023",Seller,2023
2359,32,189,99,"Sunday, July 30, 2023",Seller,2023
2520,32,171,29,"Tuesday, October 3, 2023",Seller,2023
2559,32,171,41,"Friday, June 30, 2023",Seller,2023
2583,32,78,22,"Tuesday, July 18, 2023",Seller,2023
2678,32,120,23,"Wednesday, April 5, 2023",Seller,2023
3002,32,199,84,"Saturday, August 5, 2023",Seller,2023
3059,32,76,64,"Monday, December 11, 2023",Seller,2023
3093,32,191,67,"Monday, October 2, 2023",Seller,2023
3151,32,122,84,"Wednesday, May 10, 2023",Seller,2023
3217,32,6,21,"Thursday, May 4, 2023",Seller,2023
4084,32,28,28,"Wednesday, May 24, 2023",Seller,2023
4165,32,79,38,"Saturday, June 3, 2023",Seller,2023
4221,32,192,12,"Tuesday, March 28, 2023",Seller,2023
4482,32,90,10,"Tuesday, August 1, 2023",Seller,2023
4639,32,179,86,"Saturday, December 2, 2023",Seller,2023
4655,32,181,82,"Wednesday, March 15, 2023",Seller,2023
4801,32,151,30,"Tuesday, July 4, 2023",Seller,2023
35,32,88,80,"Saturday, April 2, 2022",Seller,2022
44,32,115,83,"Sunday, February 13, 2022",Seller,2022
48,32,186,13,"Thursday, February 17, 2022",Seller,2022
149,32,127,36,"Sunday, May 29, 2022",Seller,2022
172,32,8,67,"Tuesday, June 21, 2022",Seller,2022
231,32,47,35,"Friday, August 19, 2022",Seller,2022
292,32,2,78,"Wednesday, October 19, 2022",Seller,2022
342,32,42,25,"Friday, August 12, 2022",Seller,2022
383,32,185,27,"Wednesday, January 18, 2023",Seller,2023
458,32,136,22,"Saturday, March 4, 2023",Seller,2023
561,32,31,85,"Saturday, July 15, 2023",Seller,2023
616,32,37,32,"Wednesday, August 9, 2023",Seller,2023
874,32,150,22,"Thursday, May 23, 2024",Seller,2024
932,32,197,34,"Saturday, July 20, 2024",Seller,2024
994,32,164,86,"Friday, September 20, 2024",Seller,2024
1047,32,61,37,"Wednesday, December 11, 2024",Seller,2024
1225,32,176,91,"Friday, September 5, 2025",Seller,2025
1358,32,124,89,"Friday, September 19, 2025",Seller,2025
1381,32,10,86,"Wednesday, December 10, 2025",Seller,2025
1392,32,146,51,"Thursday, October 23, 2025",Seller,2025
13,23,69,76,"Friday, January 6, 2023",Seller,2023
303,23,102,95,"Tuesday, March 28, 2023",Seller,2023
315,23,34,99,"Thursday, March 2, 2023",Seller,2023
450,23,120,16,"Thursday, March 9, 2023",Seller,2023
491,23,89,91,"Thursday, August 3, 2023",Seller,2023
546,23,158,92,"Wednesday, February 15, 2023",Seller,2023
551,23,82,70,"Saturday, October 14, 2023",Seller,2023
575,23,191,83,"Monday, March 27, 2023",Seller,2023
805,23,160,75,"Wednesday, January 11, 2023",Seller,2023
920,23,154,75,"Tuesday, November 14, 2023",Seller,2023
1108,23,191,99,"Saturday, May 27, 2023",Seller,2023
1302,23,8,23,"Saturday, September 30, 2023",Seller,2023
1423,23,1,71,"Monday, April 17, 2023",Seller,2023
1452,23,119,7,"Friday, July 28, 2023",Seller,2023
1515,23,45,87,"Tuesday, September 26, 2023",Seller,2023
1606,23,23,83,"Saturday, May 6, 2023",Seller,2023
1656,23,75,6,"Saturday, November 25, 2023",Seller,2023
1668,23,12,86,"Sunday, April 23, 2023",Seller,2023
1821,23,159,38,"Wednesday, December 6, 2023",Seller,2023
1966,23,56,57,"Friday, March 31, 2023",Seller,2023
2292,23,124,38,"Wednesday, March 8, 2023",Seller,2023
2709,23,45,78,"Tuesday, January 17, 2023",Seller,2023
2813,23,37,46,"Wednesday, April 12, 2023",Seller,2023
2855,23,100,59,"Tuesday, November 14, 2023",Seller,2023
2956,23,2,80,"Saturday, September 30, 2023",Seller,2023
3060,23,23,35,"Sunday, August 20, 2023",Seller,2023
3145,23,125,52,"Thursday, May 18, 2023",Seller,2023
3420,23,53,42,"Wednesday, December 6, 2023",Seller,2023
3600,23,170,77,"Thursday, August 31, 2023",Seller,2023
3790,23,144,34,"Monday, January 2, 2023",Seller,2023
4253,23,13,52,"Thursday, December 7, 2023",Seller,2023
4440,23,31,90,"Monday, February 20, 2023",Seller,2023
4700,23,70,91,"Tuesday, May 16, 2023",Seller,2023
4701,23,132,70,"Thursday, March 2, 2023",Seller,2023
4721,23,99,61,"Wednesday, March 1, 2023",Seller,2023
5167,23,60,35,"Saturday, May 20, 2023",Seller,2023
5231,23,6,40,"Saturday, May 13, 2023",Seller,2023
5359,23,40,39,"Sunday, June 11, 2023",Seller,2023
5364,23,69,64,"Saturday, August 12, 2023",Seller,2023
5458,23,103,96,"Wednesday, December 20, 2023",Seller,2023
5508,23,21,57,"Sunday, June 4, 2023",Seller,2023
5673,23,99,26,"Friday, May 12, 2023",Seller,2023
5694,23,143,19,"Wednesday, May 24, 2023",Seller,2023
5739,23,119,63,"Saturday, January 14, 2023",Seller,2023
5762,23,54,95,"Monday, March 20, 2023",Seller,2023
5868,23,82,94,"Thursday, February 9, 2023",Seller,2023
5932,23,39,32,"Tuesday, February 28, 2023",Seller,2023
6023,23,130,47,"Wednesday, November 29, 2023",Seller,2023
6124,23,78,11,"Tuesday, January 17, 2023",Seller,2023
6154,23,155,53,"Tuesday, July 25, 2023",Seller,2023
6170,23,183,14,"Thursday, December 7, 2023",Seller,2023
6758,23,16,74,"Saturday, February 4, 2023",Seller,2023
6915,23,76,10,"Thursday, July 13, 2023",Seller,2023
7005,23,97,20,"Monday, February 27, 2023",Seller,2023
7171,23,1,14,"Friday, August 25, 2023",Seller,2023
7220,23,8,53,"Thursday, February 9, 2023",Seller,2023
7414,23,40,60,"Wednesday, July 19, 2023",Seller,2023
7580,23,97,61,"Tuesday, February 28, 2023",Seller,2023
7899,23,88,67,"Monday, December 18, 2023",Seller,2023
8177,23,145,51,"Friday, August 11, 2023",Seller,2023
8630,23,19,92,"Thursday, October 19, 2023",Seller,2023
8832,23,72,29,"Thursday, July 20, 2023",Seller,2023
8879,23,3,5,"Saturday, June 3, 2023",Seller,2023
9285,23,42,60,"Wednesday, July 5, 2023",Seller,2023
9381,23,189,33,"Monday, March 13, 2023",Seller,2023
9392,23,38,89,"Wednesday, June 21, 2023",Seller,2023
9405,23,165,22,"Tuesday, February 14, 2023",Seller,2023
9453,23,167,8,"Tuesday, August 22, 2023",Seller,2023
9581,23,109,15,"Wednesday, December 6, 2023",Seller,2023
9596,23,119,74,"Saturday, August 12, 2023",Seller,2023
9615,23,111,95,"Wednesday, November 22, 2023",Seller,2023
9650,23,77,66,"Sunday, March 5, 2023",Seller,2023
9670,23,51,87,"Wednesday, December 6, 2023",Seller,2023
9863,23,103,51,"Friday, April 21, 2023",Seller,2023
13,23,196,76,"Tuesday, August 29, 2023",Seller,2023
303,23,102,95,"Sunday, April 9, 2023",Seller,2023
315,23,34,99,"Wednesday, September 20, 2023",Seller,2023
450,23,120,16,"Thursday, July 13, 2023",Seller,2023
491,23,89,91,"Wednesday, August 9, 2023",Seller,2023
546,23,158,92,"Thursday, July 6, 2023",Seller,2023
551,23,82,70,"Wednesday, June 14, 2023",Seller,2023
575,23,191,83,"Tuesday, July 18, 2023",Seller,2023
805,23,160,75,"Tuesday, March 7, 2023",Seller,2023
920,23,154,75,"Sunday, November 12, 2023",Seller,2023
1108,23,191,99,"Saturday, May 27, 2023",Seller,2023
1302,23,8,23,"Saturday, September 30, 2023",Seller,2023
1423,23,1,71,"Monday, April 17, 2023",Seller,2023
1452,23,119,7,"Friday, July 28, 2023",Seller,2023
1515,23,45,87,"Tuesday, September 26, 2023",Seller,2023
1606,23,23,83,"Saturday, May 6, 2023",Seller,2023
1656,23,75,6,"Saturday, November 25, 2023",Seller,2023
1668,23,12,86,"Sunday, April 23, 2023",Seller,2023
1821,23,159,38,"Wednesday, December 6, 2023",Seller,2023
1966,23,56,57,"Friday, March 31, 2023",Seller,2023
2292,23,124,38,"Wednesday, March 8, 2023",Seller,2023
2709,23,45,78,"Tuesday, January 17, 2023",Seller,2023
2813,23,37,46,"Wednesday, April 12, 2023",Seller,2023
2855,23,100,59,"Tuesday, November 14, 2023",Seller,2023
2956,23,2,80,"Saturday, September 30, 2023",Seller,2023
3060,23,23,35,"Sunday, August 20, 2023",Seller,2023
3145,23,125,52,"Thursday, May 18, 2023",Seller,2023
3420,23,53,42,"Wednesday, December 6, 2023",Seller,2023
3600,23,170,77,"Thursday, August 31, 2023",Seller,2023
3790,23,144,34,"Monday, January 2, 2023",Seller,2023
4253,23,13,52,"Thursday, December 7, 2023",Seller,2023
4440,23,31,90,"Monday, February 20, 2023",Seller,2023
4700,23,70,91,"Tuesday, May 16, 2023",Seller,2023
4701,23,132,70,"Thursday, March 2, 2023",Seller,2023
4721,23,99,61,"Wednesday, March 1, 2023",Seller,2023
83,23,51,20,"Thursday, March 24, 2022",Seller,2022
98,23,195,45,"Thursday, August 4, 2022",Seller,2022
218,23,131,93,"Wednesday, June 8, 2022",Seller,2022
239,23,4,66,"Saturday, August 27, 2022",Seller,2022
258,23,84,69,"Thursday, September 15, 2022",Seller,2022
261,23,145,36,"Sunday, September 18, 2022",Seller,2022
441,23,168,18,"Friday, March 17, 2023",Seller,2023
446,23,28,47,"Wednesday, March 22, 2023",Seller,2023
659,23,29,99,"Saturday, October 21, 2023",Seller,2023
680,23,66,100,"Saturday, November 11, 2023",Seller,2023
797,23,152,25,"Wednesday, July 3, 2024",Seller,2024
819,23,40,95,"Friday, March 29, 2024",Seller,2024
851,23,113,41,"Tuesday, April 30, 2024",Seller,2024
906,23,9,61,"Monday, June 24, 2024",Seller,2024
938,23,107,91,"Friday, July 26, 2024",Seller,2024
1337,23,26,96,"Friday, August 29, 2025",Seller,2025
1349,23,41,35,"Thursday, October 9, 2025",Seller,2025
1395,23,11,22,"Sunday, October 26, 2025",Seller,2025
1405,23,127,47,"Sunday, May 11, 2025",Seller,2025
15,10,45,67,"Sunday, May 14, 2023",Seller,2023
380,10,160,89,"Tuesday, October 17, 2023",Seller,2023
496,10,163,93,"Sunday, April 9, 2023",Seller,2023
810,10,126,18,"Wednesday, May 31, 2023",Seller,2023
909,10,42,16,"Thursday, August 24, 2023",Seller,2023
1297,10,156,17,"Thursday, August 3, 2023",Seller,2023
1454,10,99,9,"Friday, January 20, 2023",Seller,2023
1593,10,3,17,"Monday, October 23, 2023",Seller,2023
1604,10,125,58,"Saturday, October 14, 2023",Seller,2023
1678,10,135,46,"Thursday, June 1, 2023",Seller,2023
1844,10,100,98,"Tuesday, May 23, 2023",Seller,2023
1880,10,188,11,"Monday, December 18, 2023",Seller,2023
1976,10,171,60,"Tuesday, August 22, 2023",Seller,2023
2026,10,193,100,"Wednesday, October 25, 2023",Seller,2023
2070,10,187,71,"Thursday, September 14, 2023",Seller,2023
2102,10,99,58,"Thursday, August 3, 2023",Seller,2023
2132,10,179,93,"Friday, April 21, 2023",Seller,2023
2164,10,171,10,"Wednesday, April 19, 2023",Seller,2023
2210,10,85,29,"Saturday, October 7, 2023",Seller,2023
2216,10,58,83,"Thursday, November 9, 2023",Seller,2023
2430,10,162,11,"Monday, October 9, 2023",Seller,2023
2491,10,137,32,"Sunday, October 29, 2023",Seller,2023
2565,10,196,20,"Saturday, September 23, 2023",Seller,2023
3003,10,34,71,"Wednesday, May 31, 2023",Seller,2023
3566,10,161,85,"Friday, January 13, 2023",Seller,2023
3763,10,120,91,"Friday, February 3, 2023",Seller,2023
3944,10,109,49,"Monday, October 9, 2023",Seller,2023
4148,10,190,57,"Sunday, April 23, 2023",Seller,2023
4279,10,91,85,"Saturday, June 3, 2023",Seller,2023
4281,10,73,37,"Friday, February 17, 2023",Seller,2023
4635,10,122,81,"Wednesday, May 17, 2023",Seller,2023
4778,10,22,40,"Sunday, May 7, 2023",Seller,2023
4796,10,141,56,"Sunday, September 3, 2023",Seller,2023
5084,10,130,96,"Monday, August 7, 2023",Seller,2023
5339,10,19,65,"Saturday, December 2, 2023",Seller,2023
5461,10,60,38,"Thursday, November 23, 2023",Seller,2023
5480,10,104,31,"Saturday, March 11, 2023",Seller,2023
5519,10,196,6,"Monday, July 17, 2023",Seller,2023
5568,10,167,26,"Wednesday, December 13, 2023",Seller,2023
5785,10,194,14,"Thursday, March 30, 2023",Seller,2023
6063,10,150,65,"Monday, December 18, 2023",Seller,2023
6099,10,43,79,"Monday, January 9, 2023",Seller,2023
6200,10,57,95,"Sunday, November 5, 2023",Seller,2023
6416,10,189,84,"Tuesday, August 22, 2023",Seller,2023
6514,10,118,93,"Sunday, April 30, 2023",Seller,2023
6628,10,136,58,"Tuesday, January 10, 2023",Seller,2023
6866,10,65,54,"Monday, May 8, 2023",Seller,2023
7102,10,139,32,"Saturday, May 6, 2023",Seller,2023
7235,10,157,96,"Sunday, March 19, 2023",Seller,2023
7473,10,122,86,"Thursday, April 20, 2023",Seller,2023
7517,10,81,38,"Monday, January 9, 2023",Seller,2023
7984,10,91,23,"Tuesday, March 21, 2023",Seller,2023
8022,10,106,35,"Friday, August 4, 2023",Seller,2023
8155,10,3,63,"Monday, March 6, 2023",Seller,2023
8164,10,174,98,"Tuesday, September 26, 2023",Seller,2023
8187,10,113,62,"Wednesday, January 18, 2023",Seller,2023
8363,10,131,8,"Friday, June 23, 2023",Seller,2023
8506,10,148,31,"Friday, November 3, 2023",Seller,2023
8542,10,84,66,"Saturday, June 24, 2023",Seller,2023
8552,10,95,28,"Saturday, September 16, 2023",Seller,2023
8588,10,121,29,"Sunday, July 9, 2023",Seller,2023
8991,10,46,99,"Monday, August 14, 2023",Seller,2023
9008,10,49,6,"Saturday, December 9, 2023",Seller,2023
9041,10,82,25,"Sunday, April 30, 2023",Seller,2023
9110,10,111,67,"Monday, May 15, 2023",Seller,2023
9203,10,200,20,"Friday, November 17, 2023",Seller,2023
9312,10,196,39,"Friday, April 21, 2023",Seller,2023
9530,10,174,32,"Saturday, August 12, 2023",Seller,2023
9898,10,32,83,"Thursday, February 2, 2023",Seller,2023
9979,10,188,50,"Friday, April 21, 2023",Seller,2023
9985,10,138,27,"Friday, April 21, 2023",Seller,2023
15,10,196,67,"Thursday, August 31, 2023",Seller,2023
380,10,160,89,"Sunday, June 4, 2023",Seller,2023
496,10,163,93,"Friday, September 15, 2023",Seller,2023
810,10,126,18,"Saturday, October 7, 2023",Seller,2023
909,10,42,16,"Friday, November 24, 2023",Seller,2023
1297,10,156,17,"Thursday, August 3, 2023",Seller,2023
1454,10,99,9,"Friday, January 20, 2023",Seller,2023
1593,10,3,17,"Monday, October 23, 2023",Seller,2023
1604,10,125,58,"Saturday, October 14, 2023",Seller,2023
1678,10,135,46,"Thursday, June 1, 2023",Seller,2023
1844,10,100,98,"Tuesday, May 23, 2023",Seller,2023
1880,10,188,11,"Monday, December 18, 2023",Seller,2023
1976,10,171,60,"Tuesday, August 22, 2023",Seller,2023
2026,10,193,100,"Wednesday, October 25, 2023",Seller,2023
2070,10,187,71,"Thursday, September 14, 2023",Seller,2023
2102,10,99,58,"Thursday, August 3, 2023",Seller,2023
2132,10,179,93,"Friday, April 21, 2023",Seller,2023
2164,10,171,10,"Wednesday, April 19, 2023",Seller,2023
2210,10,85,29,"Saturday, October 7, 2023",Seller,2023
2216,10,58,83,"Thursday, November 9, 2023",Seller,2023
2430,10,162,11,"Monday, October 9, 2023",Seller,2023
2491,10,137,32,"Sunday, October 29, 2023",Seller,2023
2565,10,196,20,"Saturday, September 23, 2023",Seller,2023
3003,10,34,71,"Wednesday, May 31, 2023",Seller,2023
3566,10,161,85,"Friday, January 13, 2023",Seller,2023
3763,10,120,91,"Friday, February 3, 2023",Seller,2023
3944,10,109,49,"Monday, October 9, 2023",Seller,2023
4148,10,190,57,"Sunday, April 23, 2023",Seller,2023
4279,10,91,85,"Saturday, June 3, 2023",Seller,2023
4281,10,73,37,"Friday, February 17, 2023",Seller,2023
4635,10,122,81,"Wednesday, May 17, 2023",Seller,2023
4778,10,22,40,"Sunday, May 7, 2023",Seller,2023
4796,10,141,56,"Sunday, September 3, 2023",Seller,2023
40,10,7,27,"Friday, September 2, 2022",Seller,2022
100,10,91,88,"Tuesday, October 4, 2022",Seller,2022
175,10,19,13,"Friday, June 24, 2022",Seller,2022
194,10,178,76,"Wednesday, July 13, 2022",Seller,2022
222,10,186,14,"Saturday, October 8, 2022",Seller,2022
238,10,170,91,"Friday, August 26, 2022",Seller,2022
248,10,123,99,"Monday, May 9, 2022",Seller,2022
421,10,178,33,"Saturday, February 25, 2023",Seller,2023
553,10,188,23,"Friday, July 7, 2023",Seller,2023
619,10,59,80,"Thursday, November 9, 2023",Seller,2023
688,10,76,68,"Sunday, November 19, 2023",Seller,2023
703,10,151,11,"Wednesday, April 12, 2023",Seller,2023
731,10,140,95,"Monday, January 1, 2024",Seller,2024
742,10,192,83,"Sunday, December 1, 2024",Seller,2024
765,10,127,11,"Tuesday, April 2, 2024",Seller,2024
785,10,120,20,"Saturday, February 24, 2024",Seller,2024
1160,10,78,46,"Saturday, May 3, 2025",Seller,2025
1176,10,118,33,"Friday, March 21, 2025",Seller,2025
1183,10,36,51,"Friday, March 28, 2025",Seller,2025
1283,10,192,61,"Saturday, June 7, 2025",Seller,2025
1334,10,125,10,"Tuesday, August 26, 2025",Seller,2025
1350,10,71,89,"Sunday, November 9, 2025",Seller,2025
1436,10,188,22,"Thursday, June 12, 2025",Seller,2025
1446,10,107,30,"Tuesday, December 16, 2025",Seller,2025
1491,10,137,88,"Friday, January 30, 2026",Seller,2026
1,25,159,100,"Thursday, February 2, 2023",Seller,2023
182,25,18,10,"Saturday, October 14, 2023",Seller,2023
202,25,40,65,"Monday, October 23, 2023",Seller,2023
296,25,108,7,"Saturday, July 22, 2023",Seller,2023
761,25,138,28,"Friday, January 6, 2023",Seller,2023
1051,25,149,26,"Sunday, March 26, 2023",Seller,2023
1207,25,141,82,"Friday, January 13, 2023",Seller,2023
1301,25,122,52,"Friday, March 3, 2023",Seller,2023
1305,25,9,77,"Thursday, June 1, 2023",Seller,2023
1383,25,140,62,"Thursday, July 6, 2023",Seller,2023
1478,25,107,50,"Sunday, July 16, 2023",Seller,2023
1755,25,97,63,"Saturday, March 25, 2023",Seller,2023
2044,25,159,61,"Friday, September 22, 2023",Seller,2023
2152,25,177,41,"Wednesday, October 18, 2023",Seller,2023
2153,25,20,23,"Wednesday, March 29, 2023",Seller,2023
2252,25,95,60,"Friday, December 15, 2023",Seller,2023
2360,25,163,31,"Monday, October 9, 2023",Seller,2023
2873,25,40,13,"Wednesday, June 21, 2023",Seller,2023
3144,25,33,35,"Friday, March 31, 2023",Seller,2023
3219,25,136,93,"Friday, April 28, 2023",Seller,2023
3300,25,21,59,"Saturday, April 8, 2023",Seller,2023
3326,25,94,61,"Saturday, June 17, 2023",Seller,2023
3354,25,178,71,"Friday, August 4, 2023",Seller,2023
3494,25,93,90,"Thursday, June 15, 2023",Seller,2023
3506,25,133,27,"Friday, August 11, 2023",Seller,2023
3607,25,56,18,"Friday, May 26, 2023",Seller,2023
3609,25,151,20,"Thursday, November 30, 2023",Seller,2023
3714,25,104,13,"Sunday, February 19, 2023",Seller,2023
3715,25,186,11,"Wednesday, October 18, 2023",Seller,2023
3724,25,138,53,"Friday, September 22, 2023",Seller,2023
3784,25,141,41,"Friday, April 28, 2023",Seller,2023
3865,25,63,30,"Thursday, August 10, 2023",Seller,2023
4139,25,24,64,"Sunday, August 13, 2023",Seller,2023
4385,25,63,86,"Tuesday, August 29, 2023",Seller,2023
4435,25,94,13,"Wednesday, September 20, 2023",Seller,2023
4566,25,171,73,"Thursday, August 24, 2023",Seller,2023
4618,25,176,94,"Thursday, July 13, 2023",Seller,2023
4628,25,22,15,"Wednesday, July 12, 2023",Seller,2023
4792,25,183,66,"Sunday, September 24, 2023",Seller,2023
4850,25,46,40,"Wednesday, May 31, 2023",Seller,2023
4863,25,65,59,"Friday, July 28, 2023",Seller,2023
5420,25,65,60,"Sunday, June 18, 2023",Seller,2023
5438,25,150,64,"Monday, October 16, 2023",Seller,2023
5581,25,186,67,"Wednesday, May 3, 2023",Seller,2023
5912,25,151,28,"Friday, July 28, 2023",Seller,2023
6298,25,58,28,"Saturday, July 29, 2023",Seller,2023
6341,25,179,65,"Tuesday, February 7, 2023",Seller,2023
6900,25,140,95,"Friday, May 19, 2023",Seller,2023
7115,25,151,90,"Monday, March 20, 2023",Seller,2023
7125,25,152,23,"Tuesday, October 3, 2023",Seller,2023
7304,25,82,70,"Sunday, January 22, 2023",Seller,2023
7455,25,196,12,"Tuesday, October 3, 2023",Seller,2023
7760,25,48,93,"Tuesday, July 18, 2023",Seller,2023
7766,25,147,16,"Sunday, September 3, 2023",Seller,2023
7806,25,6,42,"Friday, June 9, 2023",Seller,2023
7909,25,56,94,"Tuesday, March 21, 2023",Seller,2023
7988,25,151,44,"Thursday, May 25, 2023",Seller,2023
8041,25,182,29,"Tuesday, September 19, 2023",Seller,2023
8217,25,45,80,"Tuesday, December 5, 2023",Seller,2023
8229,25,32,85,"Monday, October 2, 2023",Seller,2023
8612,25,77,74,"Wednesday, November 15, 2023",Seller,2023
8700,25,197,87,"Sunday, September 17, 2023",Seller,2023
8973,25,198,72,"Thursday, August 17, 2023",Seller,2023
8997,25,17,14,"Saturday, December 9, 2023",Seller,2023
9111,25,42,41,"Thursday, September 21, 2023",Seller,2023
9254,25,185,11,"Wednesday, July 26, 2023",Seller,2023
9383,25,35,87,"Monday, July 24, 2023",Seller,2023
9415,25,157,40,"Saturday, January 28, 2023",Seller,2023
9436,25,19,14,"Wednesday, January 11, 2023",Seller,2023
9516,25,116,62,"Sunday, April 23, 2023",Seller,2023
9620,25,188,25,"Monday, October 16, 2023",Seller,2023
9812,25,155,68,"Friday, May 12, 2023",Seller,2023
9925,25,16,55,"Saturday, April 1, 2023",Seller,2023
9994,25,97,46,"Saturday, February 4, 2023",Seller,2023
1,25,159,100,"Friday, December 8, 2023",Seller,2023
182,25,18,10,"Friday, March 17, 2023",Seller,2023
202,25,40,65,"Friday, April 14, 2023",Seller,2023
296,25,108,7,"Thursday, August 24, 2023",Seller,2023
761,25,138,28,"Sunday, February 5, 2023",Seller,2023
1051,25,149,26,"Sunday, March 26, 2023",Seller,2023
1207,25,141,82,"Friday, January 13, 2023",Seller,2023
1301,25,122,52,"Friday, March 3, 2023",Seller,2023
1305,25,9,77,"Thursday, June 1, 2023",Seller,2023
1383,25,140,62,"Thursday, July 6, 2023",Seller,2023
1478,25,107,50,"Sunday, July 16, 2023",Seller,2023
1755,25,97,63,"Saturday, March 25, 2023",Seller,2023
2044,25,159,61,"Friday, September 22, 2023",Seller,2023
2152,25,177,41,"Wednesday, October 18, 2023",Seller,2023
2153,25,20,23,"Wednesday, March 29, 2023",Seller,2023
2252,25,95,60,"Friday, December 15, 2023",Seller,2023
2360,25,163,31,"Monday, October 9, 2023",Seller,2023
2873,25,40,13,"Wednesday, June 21, 2023",Seller,2023
3144,25,33,35,"Friday, March 31, 2023",Seller,2023
3219,25,136,93,"Friday, April 28, 2023",Seller,2023
3300,25,21,59,"Saturday, April 8, 2023",Seller,2023
3326,25,94,61,"Saturday, June 17, 2023",Seller,2023
3354,25,178,71,"Friday, August 4, 2023",Seller,2023
3494,25,93,90,"Thursday, June 15, 2023",Seller,2023
3506,25,133,27,"Friday, August 11, 2023",Seller,2023
3607,25,56,18,"Friday, May 26, 2023",Seller,2023
3609,25,151,20,"Thursday, November 30, 2023",Seller,2023
3714,25,104,13,"Sunday, February 19, 2023",Seller,2023
3715,25,186,11,"Wednesday, October 18, 2023",Seller,2023
3724,25,138,53,"Friday, September 22, 2023",Seller,2023
3784,25,141,41,"Friday, April 28, 2023",Seller,2023
3865,25,63,30,"Thursday, August 10, 2023",Seller,2023
4139,25,24,64,"Sunday, August 13, 2023",Seller,2023
4385,25,63,86,"Tuesday, August 29, 2023",Seller,2023
4435,25,94,13,"Wednesday, September 20, 2023",Seller,2023
4566,25,171,73,"Thursday, August 24, 2023",Seller,2023
4618,25,176,94,"Thursday, July 13, 2023",Seller,2023
4628,25,22,15,"Wednesday, July 12, 2023",Seller,2023
4792,25,183,66,"Sunday, September 24, 2023",Seller,2023
51,25,114,47,"Sunday, February 20, 2022",Seller,2022
74,25,122,82,"Tuesday, March 15, 2022",Seller,2022
158,25,89,22,"Wednesday, July 6, 2022",Seller,2022
206,25,96,91,"Monday, July 25, 2022",Seller,2022
335,25,77,49,"Wednesday, January 12, 2022",Seller,2022
445,25,147,94,"Tuesday, March 21, 2023",Seller,2023
475,25,101,62,"Thursday, April 20, 2023",Seller,2023
529,25,89,34,"Tuesday, June 13, 2023",Seller,2023
548,25,195,42,"Tuesday, February 7, 2023",Seller,2023
632,25,60,10,"Sunday, September 24, 2023",Seller,2023
704,25,89,36,"Friday, May 12, 2023",Seller,2023
735,25,112,91,"Wednesday, May 1, 2024",Seller,2024
815,25,50,72,"Monday, March 25, 2024",Seller,2024
956,25,141,34,"Tuesday, August 13, 2024",Seller,2024
1111,25,181,75,"Wednesday, January 15, 2025",Seller,2025
1119,25,41,88,"Thursday, January 23, 2025",Seller,2025
1138,25,157,63,"Sunday, November 2, 2025",Seller,2025
1155,25,12,34,"Friday, February 28, 2025",Seller,2025
1243,25,127,97,"Tuesday, May 27, 2025",Seller,2025
1397,25,174,83,"Tuesday, October 28, 2025",Seller,2025
1456,25,175,33,"Friday, December 26, 2025",Seller,2025
217,39,27,65,"Saturday, May 6, 2023",Seller,2023
335,39,151,90,"Tuesday, April 4, 2023",Seller,2023
443,39,84,82,"Saturday, September 16, 2023",Seller,2023
573,39,55,92,"Saturday, March 25, 2023",Seller,2023
708,39,24,41,"Saturday, August 12, 2023",Seller,2023
933,39,119,20,"Tuesday, November 14, 2023",Seller,2023
958,39,48,26,"Friday, July 28, 2023",Seller,2023
968,39,111,52,"Saturday, July 29, 2023",Seller,2023
1359,39,46,68,"Sunday, February 12, 2023",Seller,2023
1377,39,68,86,"Saturday, March 4, 2023",Seller,2023
1442,39,139,7,"Wednesday, August 16, 2023",Seller,2023
1603,39,1,72,"Thursday, November 2, 2023",Seller,2023
1636,39,187,71,"Monday, October 30, 2023",Seller,2023
1834,39,141,20,"Wednesday, June 28, 2023",Seller,2023
1853,39,104,68,"Friday, November 24, 2023",Seller,2023
1874,39,97,70,"Thursday, March 9, 2023",Seller,2023
1900,39,71,79,"Tuesday, February 7, 2023",Seller,2023
1925,39,198,65,"Monday, June 26, 2023",Seller,2023
1978,39,40,84,"Friday, November 17, 2023",Seller,2023
2075,39,141,100,"Tuesday, July 11, 2023",Seller,2023
2125,39,125,12,"Saturday, May 27, 2023",Seller,2023
2223,39,22,25,"Monday, November 27, 2023",Seller,2023
2327,39,111,100,"Friday, December 15, 2023",Seller,2023
2564,39,9,39,"Sunday, December 10, 2023",Seller,2023
2601,39,81,19,"Tuesday, October 3, 2023",Seller,2023
2916,39,120,54,"Saturday, May 20, 2023",Seller,2023
3229,39,146,6,"Wednesday, September 6, 2023",Seller,2023
3283,39,5,37,"Tuesday, December 19, 2023",Seller,2023
3369,39,4,51,"Wednesday, January 4, 2023",Seller,2023
3596,39,125,24,"Friday, September 1, 2023",Seller,2023
3628,39,95,49,"Sunday, July 30, 2023",Seller,2023
3942,39,100,56,"Wednesday, April 19, 2023",Seller,2023
3981,39,184,75,"Tuesday, April 11, 2023",Seller,2023
4083,39,173,32,"Monday, January 2, 2023",Seller,2023
4291,39,183,66,"Friday, May 12, 2023",Seller,2023
4340,39,108,67,"Tuesday, December 26, 2023",Seller,2023
4559,39,116,9,"Sunday, August 20, 2023",Seller,2023
4974,39,27,26,"Saturday, November 11, 2023",Seller,2023
5168,39,28,16,"Friday, May 19, 2023",Seller,2023
5365,39,167,71,"Wednesday, January 18, 2023",Seller,2023
5419,39,77,58,"Thursday, April 20, 2023",Seller,2023
5660,39,122,8,"Friday, November 24, 2023",Seller,2023
5670,39,113,40,"Tuesday, October 3, 2023",Seller,2023
5690,39,116,90,"Friday, September 15, 2023",Seller,2023
5808,39,186,76,"Thursday, March 2, 2023",Seller,2023
5895,39,65,12,"Thursday, September 21, 2023",Seller,2023
5982,39,42,77,"Thursday, February 2, 2023",Seller,2023
6008,39,142,77,"Friday, March 24, 2023",Seller,2023
6119,39,33,31,"Saturday, December 2, 2023",Seller,2023
6402,39,138,55,"Wednesday, November 1, 2023",Seller,2023
6763,39,127,11,"Friday, May 12, 2023",Seller,2023
6992,39,27,55,"Friday, June 16, 2023",Seller,2023
7074,39,19,60,"Wednesday, May 24, 2023",Seller,2023
7202,39,136,49,"Tuesday, November 28, 2023",Seller,2023
7748,39,142,6,"Saturday, August 26, 2023",Seller,2023
7762,39,186,44,"Saturday, October 14, 2023",Seller,2023
7880,39,174,54,"Wednesday, August 30, 2023",Seller,2023
7952,39,23,37,"Thursday, August 3, 2023",Seller,2023
8025,39,124,44,"Saturday, November 18, 2023",Seller,2023
8073,39,13,94,"Saturday, October 14, 2023",Seller,2023
8113,39,55,41,"Tuesday, May 23, 2023",Seller,2023
8215,39,70,79,"Monday, July 31, 2023",Seller,2023
8407,39,75,92,"Sunday, March 5, 2023",Seller,2023
8433,39,82,15,"Friday, April 14, 2023",Seller,2023
8474,39,83,28,"Wednesday, April 5, 2023",Seller,2023
8537,39,123,62,"Thursday, November 30, 2023",Seller,2023
8656,39,163,82,"Monday, May 1, 2023",Seller,2023
8678,39,5,32,"Wednesday, July 5, 2023",Seller,2023
8721,39,26,15,"Tuesday, April 11, 2023",Seller,2023
8810,39,14,91,"Tuesday, October 3, 2023",Seller,2023
8822,39,1,39,"Thursday, June 22, 2023",Seller,2023
9352,39,178,10,"Saturday, May 20, 2023",Seller,2023
9439,39,69,98,"Wednesday, April 26, 2023",Seller,2023
9606,39,7,80,"Monday, September 4, 2023",Seller,2023
9613,39,57,47,"Friday, October 20, 2023",Seller,2023
9832,39,161,44,"Friday, June 2, 2023",Seller,2023
9879,39,65,83,"Sunday, August 13, 2023",Seller,2023
217,39,27,65,"Friday, May 5, 2023",Seller,2023
335,39,151,90,"Thursday, February 2, 2023",Seller,2023
443,39,84,82,"Friday, April 7, 2023",Seller,2023
573,39,55,92,"Friday, July 14, 2023",Seller,2023
708,39,24,41,"Thursday, February 16, 2023",Seller,2023
933,39,119,20,"Thursday, December 28, 2023",Seller,2023
958,39,48,26,"Tuesday, January 2, 2024",Seller,2024
968,39,111,52,"Thursday, February 15, 2024",Seller,2024
1359,39,46,68,"Sunday, February 12, 2023",Seller,2023
1377,39,68,86,"Saturday, March 4, 2023",Seller,2023
1442,39,139,7,"Wednesday, August 16, 2023",Seller,2023
1603,39,1,72,"Thursday, November 2, 2023",Seller,2023
1636,39,187,71,"Monday, October 30, 2023",Seller,2023
1834,39,141,20,"Wednesday, June 28, 2023",Seller,2023
1853,39,104,68,"Friday, November 24, 2023",Seller,2023
1874,39,97,70,"Thursday, March 9, 2023",Seller,2023
1900,39,71,79,"Tuesday, February 7, 2023",Seller,2023
1925,39,198,65,"Monday, June 26, 2023",Seller,2023
1978,39,40,84,"Friday, November 17, 2023",Seller,2023
2075,39,141,100,"Tuesday, July 11, 2023",Seller,2023
2125,39,125,12,"Saturday, May 27, 2023",Seller,2023
2223,39,22,25,"Monday, November 27, 2023",Seller,2023
2327,39,111,100,"Friday, December 15, 2023",Seller,2023
2564,39,9,39,"Sunday, December 10, 2023",Seller,2023
2601,39,81,19,"Tuesday, October 3, 2023",Seller,2023
2916,39,120,54,"Saturday, May 20, 2023",Seller,2023
3229,39,146,6,"Wednesday, September 6, 2023",Seller,2023
3283,39,5,37,"Tuesday, December 19, 2023",Seller,2023
3369,39,4,51,"Wednesday, January 4, 2023",Seller,2023
3596,39,125,24,"Friday, September 1, 2023",Seller,2023
3628,39,95,49,"Sunday, July 30, 2023",Seller,2023
3942,39,100,56,"Wednesday, April 19, 2023",Seller,2023
3981,39,184,75,"Tuesday, April 11, 2023",Seller,2023
4083,39,173,32,"Monday, January 2, 2023",Seller,2023
4291,39,183,66,"Friday, May 12, 2023",Seller,2023
4340,39,108,67,"Tuesday, December 26, 2023",Seller,2023
4559,39,116,9,"Sunday, August 20, 2023",Seller,2023
125,39,199,98,"Thursday, May 5, 2022",Seller,2022
331,39,52,18,"Sunday, November 27, 2022",Seller,2022
384,39,146,72,"Thursday, January 19, 2023",Seller,2023
424,39,173,83,"Tuesday, February 28, 2023",Seller,2023
427,39,92,19,"Friday, March 3, 2023",Seller,2023
546,39,169,13,"Friday, June 30, 2023",Seller,2023
568,39,199,86,"Saturday, July 22, 2023",Seller,2023
594,39,100,20,"Thursday, August 17, 2023",Seller,2023
756,39,9,53,"Friday, January 26, 2024",Seller,2024
802,39,122,18,"Tuesday, December 3, 2024",Seller,2024
878,39,36,73,"Monday, May 27, 2024",Seller,2024
954,39,199,75,"Friday, November 8, 2024",Seller,2024
970,39,176,85,"Tuesday, August 27, 2024",Seller,2024
1008,39,131,70,"Wednesday, April 10, 2024",Seller,2024
1069,39,134,62,"Friday, April 12, 2024",Seller,2024
1122,39,34,65,"Sunday, January 26, 2025",Seller,2025
1136,39,73,59,"Tuesday, September 2, 2025",Seller,2025
1205,39,157,43,"Saturday, April 19, 2025",Seller,2025
1222,39,198,77,"Thursday, June 5, 2025",Seller,2025
1329,39,42,80,"Thursday, August 21, 2025",Seller,2025
1382,39,123,45,"Monday, October 13, 2025",Seller,2025
1393,39,88,92,"Friday, October 24, 2025",Seller,2025
1468,39,37,52,"Wednesday, July 1, 2026",Seller,2026
91,20,73,30,"Wednesday, May 3, 2023",Seller,2023
298,20,189,23,"Sunday, December 31, 2023",Seller,2023
341,20,148,41,"Wednesday, January 4, 2023",Seller,2023
370,20,77,7,"Wednesday, December 27, 2023",Seller,2023
397,20,149,23,"Sunday, January 29, 2023",Seller,2023
444,20,15,64,"Sunday, May 14, 2023",Seller,2023
498,20,118,36,"Wednesday, February 22, 2023",Seller,2023
636,20,80,63,"Monday, December 25, 2023",Seller,2023
921,20,114,86,"Saturday, December 23, 2023",Seller,2023
963,20,108,29,"Tuesday, March 14, 2023",Seller,2023
1294,20,38,56,"Saturday, November 18, 2023",Seller,2023
1413,20,172,14,"Wednesday, January 18, 2023",Seller,2023
1446,20,131,80,"Wednesday, September 20, 2023",Seller,2023
1567,20,113,53,"Saturday, June 17, 2023",Seller,2023
1685,20,126,63,"Saturday, April 29, 2023",Seller,2023
1720,20,79,83,"Friday, November 24, 2023",Seller,2023
1750,20,148,100,"Saturday, December 16, 2023",Seller,2023
1860,20,88,60,"Saturday, February 11, 2023",Seller,2023
1975,20,137,87,"Monday, November 27, 2023",Seller,2023
1982,20,77,92,"Monday, July 31, 2023",Seller,2023
2298,20,68,67,"Sunday, July 16, 2023",Seller,2023
2329,20,101,95,"Monday, February 27, 2023",Seller,2023
2768,20,190,59,"Wednesday, May 10, 2023",Seller,2023
2797,20,185,25,"Friday, December 8, 2023",Seller,2023
2996,20,69,11,"Saturday, January 14, 2023",Seller,2023
3160,20,169,59,"Friday, September 22, 2023",Seller,2023
3617,20,58,71,"Friday, October 20, 2023",Seller,2023
3749,20,52,27,"Thursday, November 30, 2023",Seller,2023
3783,20,10,82,"Thursday, February 9, 2023",Seller,2023
3848,20,152,29,"Monday, October 9, 2023",Seller,2023
3988,20,142,52,"Friday, April 21, 2023",Seller,2023
4006,20,21,73,"Thursday, May 11, 2023",Seller,2023
4217,20,110,32,"Wednesday, January 18, 2023",Seller,2023
4362,20,178,36,"Wednesday, August 30, 2023",Seller,2023
4369,20,158,50,"Tuesday, September 12, 2023",Seller,2023
4379,20,81,36,"Tuesday, October 31, 2023",Seller,2023
4397,20,72,75,"Sunday, June 18, 2023",Seller,2023
4403,20,96,47,"Monday, May 15, 2023",Seller,2023
4487,20,59,91,"Monday, June 12, 2023",Seller,2023
4642,20,112,45,"Friday, June 30, 2023",Seller,2023
4780,20,177,49,"Sunday, November 26, 2023",Seller,2023
5030,20,52,41,"Tuesday, January 24, 2023",Seller,2023
5243,20,27,68,"Saturday, May 6, 2023",Seller,2023
5272,20,33,45,"Thursday, February 2, 2023",Seller,2023
5415,20,20,84,"Wednesday, December 27, 2023",Seller,2023
5486,20,106,36,"Thursday, May 18, 2023",Seller,2023
5550,20,27,30,"Wednesday, March 8, 2023",Seller,2023
5950,20,76,85,"Saturday, June 24, 2023",Seller,2023
5952,20,36,8,"Monday, May 8, 2023",Seller,2023
6236,20,40,37,"Sunday, November 19, 2023",Seller,2023
6307,20,11,22,"Tuesday, July 11, 2023",Seller,2023
6384,20,123,43,"Tuesday, February 28, 2023",Seller,2023
6423,20,158,92,"Monday, February 27, 2023",Seller,2023
6447,20,34,47,"Wednesday, February 15, 2023",Seller,2023
6849,20,184,43,"Sunday, January 1, 2023",Seller,2023
6958,20,169,62,"Monday, December 4, 2023",Seller,2023
7621,20,103,64,"Wednesday, November 22, 2023",Seller,2023
7643,20,40,78,"Thursday, June 8, 2023",Seller,2023
7735,20,58,89,"Monday, September 18, 2023",Seller,2023
7769,20,190,48,"Tuesday, March 7, 2023",Seller,2023
7900,20,89,33,"Wednesday, November 8, 2023",Seller,2023
7970,20,44,62,"Wednesday, November 1, 2023",Seller,2023
8323,20,96,24,"Thursday, November 30, 2023",Seller,2023
8352,20,158,78,"Sunday, October 29, 2023",Seller,2023
8381,20,193,99,"Thursday, June 29, 2023",Seller,2023
8751,20,98,66,"Tuesday, August 8, 2023",Seller,2023
9129,20,41,33,"Wednesday, July 12, 2023",Seller,2023
9180,20,112,8,"Saturday, December 16, 2023",Seller,2023
9323,20,129,23,"Sunday, April 30, 2023",Seller,2023
91,20,73,30,"Friday, December 15, 2023",Seller,2023
298,20,189,23,"Monday, August 28, 2023",Seller,2023
341,20,148,41,"Monday, October 2, 2023",Seller,2023
370,20,77,7,"Thursday, March 23, 2023",Seller,2023
397,20,149,23,"Thursday, January 5, 2023",Seller,2023
444,20,15,64,"Sunday, May 7, 2023",Seller,2023
498,20,118,36,"Tuesday, September 19, 2023",Seller,2023
636,20,80,63,"Friday, November 10, 2023",Seller,2023
921,20,114,86,"Tuesday, December 12, 2023",Seller,2023
963,20,108,29,"Friday, August 2, 2024",Seller,2024
1294,20,38,56,"Saturday, November 18, 2023",Seller,2023
1413,20,172,14,"Wednesday, January 18, 2023",Seller,2023
1446,20,131,80,"Wednesday, September 20, 2023",Seller,2023
1567,20,113,53,"Saturday, June 17, 2023",Seller,2023
1685,20,126,63,"Saturday, April 29, 2023",Seller,2023
1720,20,79,83,"Friday, November 24, 2023",Seller,2023
1750,20,148,100,"Saturday, December 16, 2023",Seller,2023
1860,20,88,60,"Saturday, February 11, 2023",Seller,2023
1975,20,137,87,"Monday, November 27, 2023",Seller,2023
1982,20,77,92,"Monday, July 31, 2023",Seller,2023
2298,20,68,67,"Sunday, July 16, 2023",Seller,2023
2329,20,101,95,"Monday, February 27, 2023",Seller,2023
2768,20,190,59,"Wednesday, May 10, 2023",Seller,2023
2797,20,185,25,"Friday, December 8, 2023",Seller,2023
2996,20,69,11,"Saturday, January 14, 2023",Seller,2023
3160,20,169,59,"Friday, September 22, 2023",Seller,2023
3617,20,58,71,"Friday, October 20, 2023",Seller,2023
3749,20,52,27,"Thursday, November 30, 2023",Seller,2023
3783,20,10,82,"Thursday, February 9, 2023",Seller,2023
3848,20,152,29,"Monday, October 9, 2023",Seller,2023
3988,20,142,52,"Friday, April 21, 2023",Seller,2023
4006,20,21,73,"Thursday, May 11, 2023",Seller,2023
4217,20,110,32,"Wednesday, January 18, 2023",Seller,2023
4362,20,178,36,"Wednesday, August 30, 2023",Seller,2023
4369,20,158,50,"Tuesday, September 12, 2023",Seller,2023
4379,20,81,36,"Tuesday, October 31, 2023",Seller,2023
4397,20,72,75,"Sunday, June 18, 2023",Seller,2023
4403,20,96,47,"Monday, May 15, 2023",Seller,2023
4487,20,59,91,"Monday, June 12, 2023",Seller,2023
4642,20,112,45,"Friday, June 30, 2023",Seller,2023
4780,20,177,49,"Sunday, November 26, 2023",Seller,2023
216,20,129,59,"Friday, April 8, 2022",Seller,2022
288,20,177,56,"Saturday, October 15, 2022",Seller,2022
346,20,108,18,"Monday, December 12, 2022",Seller,2022
420,20,1,87,"Friday, February 24, 2023",Seller,2023
428,20,81,72,"Monday, April 3, 2023",Seller,2023
431,20,172,21,"Monday, July 3, 2023",Seller,2023
438,20,7,97,"Tuesday, March 14, 2023",Seller,2023
482,20,174,51,"Thursday, April 27, 2023",Seller,2023
489,20,64,99,"Wednesday, April 5, 2023",Seller,2023
492,20,9,91,"Wednesday, July 5, 2023",Seller,2023
501,20,127,93,"Tuesday, May 16, 2023",Seller,2023
563,20,96,13,"Monday, July 17, 2023",Seller,2023
610,20,182,55,"Thursday, February 9, 2023",Seller,2023
615,20,80,19,"Sunday, July 9, 2023",Seller,2023
689,20,130,39,"Monday, November 20, 2023",Seller,2023
755,20,27,73,"Thursday, January 25, 2024",Seller,2024
762,20,163,66,"Tuesday, January 2, 2024",Seller,2024
869,20,119,55,"Saturday, May 18, 2024",Seller,2024
876,20,101,69,"Saturday, May 25, 2024",Seller,2024
894,20,73,64,"Friday, December 6, 2024",Seller,2024
1040,20,67,86,"Saturday, May 11, 2024",Seller,2024
1149,20,36,50,"Saturday, February 22, 2025",Seller,2025
1177,20,33,68,"Saturday, March 22, 2025",Seller,2025
1185,20,101,76,"Sunday, March 30, 2025",Seller,2025
1206,20,15,94,"Sunday, April 20, 2025",Seller,2025
1219,20,62,24,"Wednesday, March 5, 2025",Seller,2025
1223,20,68,40,"Saturday, July 5, 2025",Seller,2025
1262,20,118,17,"Sunday, June 15, 2025",Seller,2025
1390,20,81,54,"Tuesday, October 21, 2025",Seller,2025
1479,20,115,29,"Sunday, January 18, 2026",Seller,2026
